ts_utc,rows,bytes,table_size_pretty,files_done,workers,sevenz_procs,loader_etime_sec
2026-05-26T14:16:27Z,10000,390144000,372_MB,0,3,2,64
2026-05-26T14:21:28Z,80000,3006873600,2868_MB,0,3,2,364
2026-05-26T14:26:28Z,115000,4752785408,4533_MB,0,3,2,665
2026-05-26T14:31:28Z,145000,6297878528,6006_MB,0,3,2,965
2026-05-26T14:36:28Z,180000,8102961152,7728_MB,0,3,2,1265
2026-05-26T14:41:29Z,220000,9635774464,9189_MB,0,3,2,1566
2026-05-26T14:46:29Z,285000,11650670592,11_GB,0,3,2,1866
2026-05-26T14:51:30Z,395000,14663467008,14_GB,0,3,2,2166
2026-05-26T14:56:30Z,500000,17581826048,16_GB,0,3,2,2466
2026-05-26T15:01:30Z,595000,20379672576,19_GB,0,3,2,2767
2026-05-26T15:06:30Z,705000,23565516800,22_GB,0,3,2,3067
2026-05-26T15:11:31Z,755000,25741647872,24_GB,0,3,2,3367
2026-05-26T15:16:31Z,830000,28531597312,27_GB,0,3,2,3668
2026-05-26T15:21:31Z,880000,30897045504,29_GB,0,3,2,3968
2026-05-26T15:26:31Z,975000,33862909952,32_GB,0,3,2,4268
2026-05-26T15:31:32Z,1045000,36338466816,34_GB,0,3,2,4568
2026-05-26T15:36:32Z,1127432,38727852032,36_GB,1,3,2,4869
2026-05-26T15:41:32Z,1237432,41740853248,39_GB,1,3,2,5169
2026-05-26T15:46:33Z,1339679,44601761792,42_GB,2,3,2,5469
2026-05-26T15:51:33Z,1464679,47689465856,44_GB,2,3,2,5770
2026-05-26T15:56:33Z,1524679,50180407296,47_GB,2,3,2,6070
2026-05-26T16:01:33Z,1624679,53023891456,49_GB,2,3,2,6370
2026-05-26T16:06:34Z,1744679,55738867712,52_GB,2,3,2,6670
2026-05-26T16:11:34Z,1849679,58746601472,55_GB,2,3,2,6971
2026-05-26T16:16:34Z,1954679,61479075840,57_GB,2,3,2,7271
2026-05-26T16:21:35Z,2039679,64078929920,60_GB,2,3,2,7571
2026-05-26T16:26:35Z,2124679,66735587328,62_GB,2,3,2,7872
2026-05-26T16:31:35Z,2249679,69870444544,65_GB,2,3,2,8172
2026-05-26T16:36:36Z,2339679,72646459392,68_GB,2,3,2,8472
2026-05-26T16:41:36Z,2474679,75507302400,70_GB,2,3,2,8773
2026-05-26T16:46:36Z,2593209,78230708224,73_GB,3,3,2,9073
2026-05-26T16:51:37Z,2673209,80654852096,75_GB,3,3,2,9373
2026-05-26T16:56:37Z,2774931,83209224192,77_GB,4,3,2,9674
2026-05-26T17:01:37Z,2839931,85486419968,80_GB,4,3,2,9974
2026-05-26T17:06:38Z,2924931,88120320000,82_GB,4,3,2,10275
2026-05-26T17:11:38Z,3004931,90866704384,85_GB,4,3,2,10575
2026-05-26T17:16:39Z,3054931,93287981056,87_GB,4,3,2,10875
2026-05-26T17:21:39Z,3134931,95933382656,89_GB,4,3,2,11176
2026-05-26T17:26:39Z,3219931,98532720640,92_GB,4,3,2,11476
2026-05-26T17:31:40Z,3274931,100577878016,94_GB,4,3,2,11776
2026-05-26T17:36:40Z,3334931,102289014784,95_GB,4,3,2,12077
2026-05-26T17:41:40Z,3379931,104123555840,97_GB,4,3,2,12377
2026-05-26T17:46:41Z,3439931,105910771712,99_GB,4,3,2,12678
2026-05-26T17:51:41Z,3484931,107599060992,100_GB,4,3,2,12978
2026-05-26T17:56:42Z,3514931,109019693056,102_GB,4,3,2,13279
2026-05-26T18:01:42Z,3579931,111248080896,104_GB,4,3,2,13579
2026-05-26T18:06:42Z,3667403,113834967040,106_GB,5,3,2,13879
2026-05-26T18:11:43Z,3722403,116223754240,108_GB,5,3,2,14180
2026-05-26T18:16:43Z,3807403,118935650304,111_GB,5,3,2,14480
2026-05-26T18:21:44Z,3882403,121693437952,113_GB,5,3,2,14780
2026-05-26T18:26:44Z,3942403,124002009088,115_GB,5,3,2,15081
2026-05-26T18:31:44Z,3985146,126347018240,118_GB,6,3,2,15381
2026-05-26T18:36:45Z,4080146,129153884160,120_GB,6,3,2,15682
2026-05-26T18:41:45Z,4135146,131460464640,122_GB,6,3,2,15982
2026-05-26T18:46:46Z,4200146,133740077056,125_GB,6,3,2,16283
2026-05-26T18:51:46Z,4290146,136389722112,127_GB,6,3,2,16583
2026-05-26T18:56:47Z,4385146,139111555072,130_GB,6,3,2,16883
2026-05-26T19:01:47Z,4490146,142148616192,132_GB,6,3,2,17184
2026-05-26T19:06:47Z,4580146,144724180992,135_GB,6,3,2,17484
2026-05-26T19:11:48Z,4725146,148162150400,138_GB,6,3,2,17785
2026-05-26T19:16:48Z,4790146,150279561216,140_GB,6,3,2,18085
2026-05-26T19:21:49Z,4850146,151589117952,141_GB,6,3,1,18386
2026-05-26T19:26:49Z,4908633,153341181952,143_GB,7,3,2,18686
2026-05-26T19:31:50Z,4948633,155005198336,144_GB,7,3,2,18987
2026-05-26T19:36:51Z,5013633,157026476032,146_GB,7,3,2,19288
2026-05-26T19:41:51Z,5118633,159833939968,149_GB,7,3,2,19588
2026-05-26T19:46:52Z,5193633,162426093568,151_GB,7,3,2,19889
2026-05-26T19:51:52Z,5263633,164998889472,154_GB,7,3,2,20189
2026-05-26T19:56:53Z,5338633,167212613632,156_GB,7,3,2,20490
2026-05-26T20:01:53Z,5398953,169763823616,158_GB,8,3,2,20790
2026-05-26T20:06:54Z,5458953,171982921728,160_GB,8,3,2,21091
2026-05-26T20:11:54Z,5528953,174339342336,162_GB,8,3,2,21391
2026-05-26T20:16:55Z,5583953,176659881984,165_GB,8,3,2,21691
2026-05-26T20:21:55Z,5658953,179163455488,167_GB,8,3,2,21992
2026-05-26T20:26:55Z,5763953,181859131392,169_GB,8,3,2,22292
2026-05-26T20:31:56Z,5838953,184700157952,172_GB,8,3,2,22593
2026-05-26T20:36:56Z,5928953,187178385408,174_GB,8,3,2,22893
2026-05-26T20:41:57Z,5978953,189690060800,177_GB,8,3,2,23194
2026-05-26T20:46:57Z,6038953,192261382144,179_GB,8,3,2,23494
2026-05-26T20:51:58Z,6143758,195019563008,182_GB,9,3,2,23795
2026-05-26T20:56:58Z,6248758,197921431552,184_GB,9,3,2,24095
2026-05-26T21:01:59Z,6363758,200824471552,187_GB,9,3,2,24396
2026-05-26T21:06:59Z,6483758,203757002752,190_GB,9,3,2,24696
2026-05-26T21:12:00Z,6595576,206594203648,192_GB,10,3,2,24997
2026-05-26T21:17:00Z,6660576,208849559552,195_GB,10,3,2,25297
2026-05-26T21:22:01Z,6760576,211505553408,197_GB,10,3,2,25598
2026-05-26T21:27:01Z,6860576,214226731008,200_GB,10,3,2,25898
2026-05-26T21:32:02Z,6935576,216937709568,202_GB,10,3,2,26199
2026-05-26T21:37:02Z,7030576,219794554880,205_GB,10,3,2,26499
2026-05-26T21:42:03Z,7150576,222799577088,207_GB,10,3,2,26800
2026-05-26T21:47:03Z,7275576,225889820672,210_GB,10,3,2,27100
2026-05-26T21:52:04Z,7380576,228933844992,213_GB,10,3,2,27401
2026-05-26T21:57:04Z,7470576,231860977664,216_GB,10,3,2,27701
2026-05-26T22:02:05Z,7562517,234906968064,219_GB,11,3,2,28002
2026-05-26T22:07:05Z,7652517,237316087808,221_GB,11,3,2,28302
2026-05-26T22:12:06Z,7712517,239424872448,223_GB,11,3,2,28603
2026-05-26T22:17:06Z,7837517,242510454784,226_GB,11,3,2,28903
2026-05-26T22:22:07Z,7917517,244847517696,228_GB,11,3,2,29204
2026-05-26T22:27:07Z,8029792,247370579968,230_GB,12,3,2,29504
2026-05-26T22:32:08Z,8104792,249783459840,233_GB,12,3,2,29805
2026-05-26T22:37:08Z,8199792,252444000256,235_GB,12,3,2,30105
2026-05-26T22:42:09Z,8319792,255101280256,238_GB,12,3,2,30406
2026-05-26T22:47:10Z,8384792,257556832256,240_GB,12,3,2,30706
2026-05-26T22:52:10Z,8459792,259851501568,242_GB,12,3,2,31007
2026-05-26T22:57:11Z,8554792,262598451200,245_GB,12,3,2,31308
2026-05-26T23:02:11Z,8644792,265142272000,247_GB,12,3,2,31608
2026-05-26T23:07:12Z,8749792,268074344448,250_GB,12,3,2,31909
2026-05-26T23:12:12Z,8847963,271042682880,252_GB,13,3,2,32209
2026-05-26T23:17:13Z,8957963,273923022848,255_GB,13,3,2,32510
2026-05-26T23:22:13Z,9082963,277311012864,258_GB,13,3,2,32810
2026-05-26T23:27:14Z,9192963,280471683072,261_GB,13,3,2,33111
2026-05-26T23:32:14Z,9252963,283052294144,264_GB,13,3,2,33411
2026-05-26T23:37:15Z,9340806,285738622976,266_GB,14,3,2,33712
2026-05-26T23:42:15Z,9425806,288557309952,269_GB,14,3,2,34012
2026-05-26T23:47:16Z,9520806,291545153536,272_GB,14,3,2,34313
2026-05-26T23:52:16Z,9580806,294084780032,274_GB,14,3,2,34613
2026-05-26T23:57:17Z,9655806,296260182016,276_GB,14,3,2,34914
2026-05-27T00:02:18Z,9740806,298699390976,278_GB,14,3,2,35215
2026-05-27T00:07:18Z,9795806,300778823680,280_GB,14,3,2,35515
2026-05-27T00:12:19Z,9880806,303370584064,283_GB,14,3,2,35816
2026-05-27T00:17:19Z,9990806,306353258496,285_GB,14,3,2,36116
2026-05-27T00:22:20Z,10105806,309403164672,288_GB,14,3,2,36417
2026-05-27T00:27:21Z,10204240,311963131904,291_GB,15,3,2,36718
2026-05-27T00:32:21Z,10294240,314483441664,293_GB,15,3,2,37018
2026-05-27T00:37:22Z,10349240,316666421248,295_GB,15,3,2,37319
2026-05-27T00:42:22Z,10399240,318882357248,297_GB,15,3,2,37619
2026-05-27T00:47:23Z,10504240,322037719040,300_GB,15,3,2,37920
2026-05-27T00:52:23Z,10627739,325393866752,303_GB,16,3,2,38220
2026-05-27T00:57:24Z,10792739,328781258752,306_GB,16,3,2,38521
2026-05-27T01:02:24Z,10877739,331662991360,309_GB,16,3,2,38821
2026-05-27T01:07:25Z,10972739,334478950400,312_GB,16,3,2,39122
2026-05-27T01:12:26Z,11042739,337030029312,314_GB,16,3,2,39423
2026-05-27T01:17:26Z,11112739,339665043456,316_GB,16,3,2,39723
2026-05-27T01:22:27Z,11207739,342395969536,319_GB,16,3,2,40024
2026-05-27T01:27:27Z,11302739,345097175040,321_GB,16,3,2,40324
2026-05-27T01:32:28Z,11372739,347564007424,324_GB,16,3,2,40625
2026-05-27T01:37:29Z,11438669,350273814528,326_GB,17,3,2,40926
2026-05-27T01:42:29Z,11533669,353187692544,329_GB,17,3,2,41226
2026-05-27T01:47:30Z,11613669,355670278144,331_GB,17,3,2,41527
2026-05-27T01:52:30Z,11728669,358582517760,334_GB,17,3,2,41827
2026-05-27T01:57:31Z,11858669,361941925888,337_GB,17,3,2,42128
2026-05-27T02:02:32Z,11972414,365157851136,340_GB,18,3,2,42429
2026-05-27T02:07:32Z,12052414,367821987840,343_GB,18,3,2,42729
2026-05-27T02:12:33Z,12137414,370455658496,345_GB,18,3,2,43030
2026-05-27T02:17:33Z,12197414,372738252800,347_GB,18,3,2,43330
2026-05-27T02:22:34Z,12212414,374424240128,349_GB,18,3,2,43631
2026-05-27T02:27:34Z,12297414,377290072064,351_GB,18,3,2,43932
2026-05-27T02:32:35Z,12382414,379921219584,354_GB,18,3,2,44232
2026-05-27T02:37:36Z,12467414,382602911744,356_GB,18,3,2,44533
2026-05-27T02:42:37Z,12562414,385312014336,359_GB,18,3,2,44834
2026-05-27T02:47:37Z,12662414,388237492224,362_GB,18,3,2,45134
2026-05-27T02:52:38Z,12717414,390247374848,363_GB,18,3,2,45435
2026-05-27T02:57:38Z,12783721,392854175744,366_GB,19,3,2,45735
2026-05-27T03:02:39Z,12898721,395655004160,368_GB,19,3,2,46036
2026-05-27T03:07:40Z,13028721,398937358336,372_GB,19,3,2,46337
2026-05-27T03:12:40Z,13117190,401905344512,374_GB,20,3,2,46637
2026-05-27T03:17:41Z,13227190,405107195904,377_GB,20,3,2,46938
2026-05-27T03:22:42Z,13352190,408244281344,380_GB,20,3,2,47239
2026-05-27T03:27:42Z,13462190,411434246144,383_GB,20,3,2,47539
2026-05-27T03:32:43Z,13572190,414570692608,386_GB,20,3,2,47840
2026-05-27T03:37:43Z,13677190,417560428544,389_GB,20,3,2,48140
2026-05-27T03:42:44Z,13757190,419970498560,391_GB,20,3,2,48441
2026-05-27T03:47:45Z,13812190,422128697344,393_GB,20,3,2,48742
2026-05-27T03:52:46Z,13882190,424397037568,395_GB,20,3,2,49043
2026-05-27T03:57:46Z,13947190,426769260544,397_GB,20,3,2,49343
2026-05-27T04:02:47Z,14022190,429396000768,400_GB,20,3,2,49644
2026-05-27T04:07:48Z,14105148,432175783936,402_GB,21,3,2,49945
2026-05-27T04:12:48Z,14205148,435326418944,405_GB,21,3,2,50245
2026-05-27T04:17:49Z,14275148,437932589056,408_GB,21,3,2,50546
2026-05-27T04:22:50Z,14330148,440395079680,410_GB,21,3,2,50847
2026-05-27T04:27:50Z,14388750,442850197504,412_GB,22,3,2,51147
2026-05-27T04:32:51Z,14463750,445608763392,415_GB,22,3,2,51448
2026-05-27T04:37:51Z,14478750,447126011904,416_GB,22,3,2,51748
2026-05-27T04:42:52Z,14533750,449662566400,419_GB,22,3,2,52049
2026-05-27T04:47:53Z,14663750,452918730752,422_GB,22,3,2,52350
2026-05-27T04:52:53Z,14813750,456371814400,425_GB,22,3,2,52650
2026-05-27T04:57:54Z,14923750,459420491776,428_GB,22,3,2,52951
2026-05-27T05:02:55Z,14963750,461417340928,430_GB,22,3,2,53252
2026-05-27T05:07:55Z,14983750,463016697856,431_GB,22,3,2,53552
2026-05-27T05:12:56Z,14988750,464085278720,432_GB,22,3,2,53853
2026-05-27T05:17:57Z,15058750,466578497536,435_GB,22,3,2,54154
2026-05-27T05:22:57Z,15113750,468937482240,437_GB,22,3,2,54454
2026-05-27T05:27:58Z,15179578,471395459072,439_GB,23,3,2,54755
2026-05-27T05:32:59Z,15204578,473063333888,441_GB,23,3,2,55056
2026-05-27T05:37:59Z,15254578,475406057472,443_GB,23,3,2,55356
2026-05-27T05:43:00Z,15304578,477430988800,445_GB,23,3,2,55657
2026-05-27T05:48:01Z,15339578,479366946816,446_GB,23,3,2,55958
2026-05-27T05:53:01Z,15436313,482295439360,449_GB,24,3,2,56258
2026-05-27T05:58:02Z,15551313,485491900416,452_GB,24,3,2,56559
2026-05-27T06:03:03Z,15661313,488668733440,455_GB,24,3,2,56860
2026-05-27T06:08:03Z,15761313,491387256832,458_GB,24,3,2,57160
2026-05-27T06:13:04Z,15781313,492820267008,459_GB,24,3,2,57461
2026-05-27T06:18:05Z,15801313,494693728256,461_GB,24,3,2,57762
2026-05-27T06:23:05Z,15846313,496956628992,463_GB,24,3,2,58062
2026-05-27T06:28:06Z,15916313,499483140096,465_GB,24,3,2,58363
2026-05-27T06:33:07Z,15991313,502107602944,468_GB,24,3,2,58664
2026-05-27T06:38:07Z,16066313,504423661568,470_GB,24,3,2,58964
2026-05-27T06:43:08Z,16116313,506390716416,472_GB,24,3,2,59265
2026-05-27T06:48:09Z,16192118,509089734656,474_GB,25,3,2,59566
2026-05-27T06:53:09Z,16242118,511461916672,476_GB,25,3,2,59866
2026-05-27T06:58:10Z,16337118,514577719296,479_GB,25,3,2,60167
2026-05-27T07:03:11Z,16422118,517680324608,482_GB,25,3,2,60468
2026-05-27T07:08:11Z,16558345,520819056640,485_GB,26,3,2,60768
2026-05-27T07:13:12Z,16678345,523975401472,488_GB,26,3,2,61069
2026-05-27T07:18:13Z,16793345,527073976320,491_GB,26,3,2,61370
2026-05-27T07:23:13Z,16898345,530059952128,494_GB,26,3,2,61672
2026-05-27T07:28:16Z,16968345,532228603904,496_GB,26,3,2,61973
2026-05-27T07:33:16Z,17033345,534553280512,498_GB,26,3,2,62274
2026-05-27T07:38:17Z,17113345,537334841344,500_GB,26,3,2,62574
2026-05-27T07:43:18Z,17208345,540106457088,503_GB,26,3,2,62875
2026-05-27T07:48:19Z,17288345,542758567936,505_GB,26,3,2,63176
2026-05-27T07:53:19Z,17323345,544529383424,507_GB,26,3,2,63476
2026-05-27T07:58:20Z,17424125,547627900928,510_GB,27,3,2,63777
2026-05-27T08:03:21Z,17534125,550645497856,513_GB,27,3,2,64078
2026-05-27T08:08:21Z,17609125,553400352768,515_GB,27,3,2,64379
2026-05-27T08:13:22Z,17694125,556231155712,518_GB,27,3,2,64679
2026-05-27T08:18:23Z,17819507,559479685120,521_GB,28,3,2,64980
2026-05-27T08:23:24Z,17929507,562549645312,524_GB,28,3,2,65281
2026-05-27T08:28:24Z,18019507,565466923008,527_GB,28,3,2,65581
2026-05-27T08:33:25Z,18129507,568092901376,529_GB,28,3,2,65882
2026-05-27T08:38:26Z,18199507,570614915072,531_GB,28,3,2,66183
2026-05-27T08:43:27Z,18304507,573476651008,534_GB,28,3,2,66484
2026-05-27T08:48:27Z,18379507,576282370048,537_GB,28,3,2,66784
2026-05-27T08:53:28Z,18489507,579193184256,539_GB,28,3,2,67085
2026-05-27T08:58:29Z,18569507,581785296896,542_GB,28,3,2,67386
2026-05-27T09:03:30Z,18634507,584599486464,544_GB,28,3,2,67687
2026-05-27T09:08:30Z,18753924,587499454464,547_GB,29,3,2,67987
2026-05-27T09:13:31Z,18818924,590210228224,550_GB,29,3,2,68288
2026-05-27T09:18:32Z,18858924,592271368192,552_GB,29,3,2,68589
2026-05-27T09:23:33Z,18941749,594868183040,554_GB,30,3,2,68890
2026-05-27T09:28:33Z,19036749,597662351360,557_GB,30,3,2,69191
2026-05-27T09:33:34Z,19131749,600507326464,559_GB,30,3,2,69491
2026-05-27T09:38:35Z,19256749,603598897152,562_GB,30,3,2,69792
2026-05-27T09:43:36Z,19366749,606506393600,565_GB,30,3,2,70093
2026-05-27T09:48:36Z,19456749,609001234432,567_GB,30,3,2,70394
2026-05-27T09:53:37Z,19551749,611508346880,570_GB,30,3,2,70694
2026-05-27T09:58:38Z,19606749,613743869952,572_GB,30,3,2,70995
2026-05-27T10:03:39Z,19681749,616064360448,574_GB,30,3,2,71296
2026-05-27T10:08:40Z,19761749,618435305472,576_GB,30,3,2,71597
2026-05-27T10:13:40Z,19846749,621161734144,579_GB,30,3,2,71898
2026-05-27T10:18:41Z,19971749,624351625216,581_GB,30,3,2,72198
2026-05-27T10:23:42Z,20057933,627278929920,584_GB,31,3,2,72499
2026-05-27T10:28:43Z,20152933,630319579136,587_GB,31,3,2,72800
2026-05-27T10:33:44Z,20262933,633328500736,590_GB,31,3,2,73101
2026-05-27T10:38:44Z,20344897,636380200960,593_GB,32,3,2,73401
2026-05-27T10:43:45Z,20384897,638402461696,595_GB,32,3,2,73702
2026-05-27T10:48:46Z,20469897,641254604800,597_GB,32,3,2,74003
2026-05-27T10:53:47Z,20574897,644349206528,600_GB,32,3,2,74304
2026-05-27T10:58:47Z,20654897,647160332288,603_GB,32,3,2,74605
2026-05-27T11:03:48Z,20744897,649957040128,605_GB,32,3,2,74906
2026-05-27T11:08:49Z,20834897,652288450560,607_GB,32,3,2,75206
2026-05-27T11:13:50Z,20969897,655406514176,610_GB,32,3,2,75507
2026-05-27T11:18:51Z,21049897,658113961984,613_GB,32,3,2,75808
2026-05-27T11:23:52Z,21129897,660969930752,616_GB,32,3,2,76109
2026-05-27T11:28:52Z,21184897,663184531456,618_GB,32,3,2,76410
2026-05-27T11:33:53Z,21300138,666085081088,620_GB,33,3,2,76710
2026-05-27T11:38:54Z,21395138,669041811456,623_GB,33,3,2,77011
2026-05-27T11:43:55Z,21510138,672157089792,626_GB,33,3,2,77312
2026-05-27T11:48:56Z,21595138,674881126400,629_GB,33,3,2,77613
2026-05-27T11:53:56Z,21715474,677898838016,631_GB,34,3,2,77914
2026-05-27T11:58:57Z,21840474,681182019584,634_GB,34,3,2,78214
2026-05-27T12:03:58Z,21960474,684495159296,637_GB,34,3,2,78515
2026-05-27T12:08:59Z,22060474,687224430592,640_GB,34,3,2,78816
2026-05-27T12:14:00Z,22155474,690068103168,643_GB,34,3,2,79117
2026-05-27T12:19:01Z,22240474,692491968512,645_GB,34,3,2,79418
2026-05-27T12:24:01Z,22350474,695251550208,648_GB,34,3,2,79719
2026-05-27T12:29:02Z,22460474,698112802816,650_GB,34,3,2,80020
2026-05-27T12:34:03Z,22535474,700655353856,653_GB,34,3,2,80320
2026-05-27T12:39:04Z,22594840,702983053312,655_GB,35,3,2,80621
2026-05-27T12:44:05Z,22679840,705867440128,657_GB,35,3,2,80922
2026-05-27T12:49:06Z,22739840,708331798528,660_GB,35,3,2,81223
2026-05-27T12:54:07Z,22809840,711284277248,662_GB,35,3,2,81524
2026-05-27T12:59:07Z,22869840,713501876224,665_GB,35,3,2,81825
2026-05-27T13:04:08Z,22960196,716633980928,667_GB,36,3,2,82126
2026-05-27T13:09:09Z,23090196,719935651840,670_GB,36,3,2,82426
2026-05-27T13:14:10Z,23180196,722861842432,673_GB,36,3,2,82727
2026-05-27T13:19:11Z,23325196,726308741120,676_GB,36,3,2,83028
2026-05-27T13:24:12Z,23440196,729255895040,679_GB,36,3,2,83329
2026-05-27T13:29:12Z,23565196,732097978368,682_GB,36,3,2,83630
2026-05-27T13:34:13Z,23640196,734660255744,684_GB,36,3,2,83931
2026-05-27T13:39:14Z,23700196,736992813056,686_GB,36,3,2,84232
2026-05-27T13:44:15Z,23805196,739927146496,689_GB,36,3,2,84532
2026-05-27T13:49:16Z,23888335,742509338624,692_GB,37,3,2,84833
2026-05-27T13:54:17Z,23983335,745387368448,694_GB,37,3,2,85134
2026-05-27T13:59:18Z,24053335,747939831808,697_GB,37,3,2,85435
2026-05-27T14:04:19Z,24128335,750572412928,699_GB,37,3,2,85736
2026-05-27T14:09:20Z,24309759,754229682176,702_GB,38,3,2,86037
2026-05-27T14:14:20Z,24414759,757457969152,705_GB,38,3,2,86338
2026-05-27T14:19:21Z,24434759,759066181632,707_GB,38,3,2,86639
2026-05-27T14:24:22Z,24524759,761955655680,710_GB,38,3,2,86939
2026-05-27T14:29:23Z,24629759,765082697728,713_GB,38,3,2,87240
2026-05-27T14:34:24Z,24699759,767585017856,715_GB,38,3,2,87541
2026-05-27T14:39:25Z,24794759,770500468736,718_GB,38,3,2,87842
2026-05-27T14:44:26Z,24834759,772426424320,719_GB,38,3,2,88143
2026-05-27T14:49:27Z,24914759,775274668032,722_GB,38,3,2,88444
2026-05-27T14:54:27Z,24954759,776962514944,724_GB,38,3,2,88745
2026-05-27T14:59:28Z,24963674,778492190720,725_GB,39,3,2,89046
2026-05-27T15:04:29Z,25043674,781155844096,728_GB,39,3,2,89346
2026-05-27T15:09:30Z,25133674,784006438912,730_GB,39,3,2,89647
2026-05-27T15:14:31Z,25248674,786732998656,733_GB,39,3,2,89948
2026-05-27T15:19:32Z,25373674,789893341184,736_GB,39,3,2,90249
2026-05-27T15:24:33Z,25473674,792616132608,738_GB,39,3,2,90550
2026-05-27T15:29:34Z,25573674,795611627520,741_GB,39,3,2,90851
2026-05-27T15:34:35Z,25618674,797537705984,743_GB,39,3,2,91152
2026-05-27T15:39:35Z,25633674,798997807104,744_GB,39,3,2,91453
2026-05-27T15:44:36Z,25678674,801085530112,746_GB,39,3,2,91754
2026-05-27T15:49:37Z,25808983,804305043456,749_GB,40,3,2,92055
2026-05-27T15:54:38Z,25898983,807327522816,752_GB,40,3,2,92355
2026-05-27T15:59:39Z,26058983,810713735168,755_GB,40,3,2,92656
2026-05-27T16:04:40Z,26178983,813567025152,758_GB,40,3,2,92957
2026-05-27T16:09:41Z,26263661,815924715520,760_GB,41,3,2,93258
2026-05-27T16:14:42Z,26393661,818767036416,763_GB,41,3,2,93559
2026-05-27T16:19:43Z,26498661,821770756096,765_GB,41,3,2,93860
2026-05-27T16:24:44Z,26583661,824132460544,768_GB,41,3,2,94161
2026-05-27T16:29:45Z,26673661,826575224832,770_GB,41,3,2,94462
2026-05-27T16:34:46Z,26828661,829961109504,773_GB,41,3,2,94763
2026-05-27T16:39:47Z,26963661,833297580032,776_GB,41,3,2,95064
2026-05-27T16:44:48Z,27053661,835895009280,778_GB,41,3,2,95365
2026-05-27T16:49:49Z,27113282,838219227136,781_GB,42,3,2,95666
2026-05-27T16:54:50Z,27148282,840302272512,783_GB,42,3,2,95967
2026-05-27T16:59:50Z,27228282,843095785472,785_GB,42,3,2,96268
2026-05-27T17:04:51Z,27268282,845045276672,787_GB,42,3,2,96569
2026-05-27T17:09:52Z,27358282,848318742528,790_GB,42,3,2,96870
2026-05-27T17:14:53Z,27428282,851072819200,793_GB,42,3,2,97171
2026-05-27T17:19:54Z,27473282,853457698816,795_GB,42,3,2,97471
2026-05-27T17:24:55Z,27548282,855894720512,797_GB,42,3,2,97772
2026-05-27T17:29:56Z,27598166,858053623808,799_GB,43,3,2,98073
2026-05-27T17:34:57Z,27653166,860557926400,801_GB,43,3,2,98374
2026-05-27T17:39:58Z,27708166,862879735808,804_GB,43,3,2,98675
2026-05-27T17:44:59Z,27843166,866055331840,807_GB,43,3,2,98976
2026-05-27T17:50:00Z,27928166,868876804096,809_GB,43,3,2,99277
2026-05-27T17:55:01Z,28013166,871781875712,812_GB,43,3,2,99578
2026-05-27T18:00:02Z,28123166,874922074112,815_GB,43,3,2,99879
2026-05-27T18:05:03Z,28210577,877819256832,818_GB,44,3,2,100180
2026-05-27T18:10:04Z,28295577,880662700032,820_GB,44,3,2,100481
2026-05-27T18:15:05Z,28390577,883721576448,823_GB,44,3,2,100782
2026-05-27T18:20:06Z,28475577,886711361536,826_GB,44,3,2,101084
2026-05-27T18:25:07Z,28570577,889625280512,829_GB,44,3,2,101385
2026-05-27T18:30:08Z,28650577,892308725760,831_GB,44,3,2,101686
2026-05-27T18:35:09Z,28745855,895102296064,834_GB,45,3,2,101987
2026-05-27T18:40:10Z,28785855,897011195904,835_GB,45,3,2,102288
2026-05-27T18:45:11Z,28860855,899725459456,838_GB,45,3,2,102589
2026-05-27T18:50:12Z,28945855,902234996736,840_GB,45,3,2,102890
2026-05-27T18:55:13Z,29005855,904638005248,843_GB,45,3,2,103191
2026-05-27T19:00:14Z,29050855,906847641600,845_GB,45,3,2,103492
2026-05-27T19:05:15Z,29100855,908824952832,846_GB,45,3,2,103793
2026-05-27T19:10:17Z,29180855,911675342848,849_GB,45,3,2,104094
2026-05-27T19:15:18Z,29290855,914680561664,852_GB,45,3,2,104395
2026-05-27T19:20:19Z,29355855,917157806080,854_GB,45,3,2,104696
2026-05-27T19:25:20Z,29516978,920671215616,857_GB,46,3,2,104997
2026-05-27T19:30:21Z,29611978,923394129920,860_GB,46,3,2,105298
2026-05-27T19:35:22Z,29686978,925935386624,862_GB,46,3,2,105599
2026-05-27T19:40:23Z,29761978,928715907072,865_GB,46,3,2,105900
2026-05-27T19:45:24Z,29831978,931466231808,867_GB,46,3,2,106201
2026-05-27T19:50:25Z,29927956,934309552128,870_GB,47,3,2,106503
2026-05-27T19:55:27Z,30027956,936963981312,873_GB,47,3,2,106804
2026-05-27T20:00:28Z,30127956,939650572288,875_GB,47,3,2,107105
2026-05-27T20:05:29Z,30212956,942391296000,878_GB,47,3,2,107407
2026-05-27T20:10:30Z,30332956,945496408064,881_GB,47,3,2,107708
2026-05-27T20:15:31Z,30412956,948139245568,883_GB,47,3,2,108009
2026-05-27T20:20:32Z,30502956,951086039040,886_GB,47,3,2,108310
2026-05-27T20:25:34Z,30667956,954644553728,889_GB,47,3,2,108611
2026-05-27T20:30:35Z,30789034,957647478784,892_GB,48,3,2,108912
2026-05-27T20:35:36Z,30889034,960595107840,895_GB,48,3,2,109213
2026-05-27T20:40:37Z,31014034,963813982208,898_GB,48,3,2,109514
2026-05-27T20:45:38Z,31149034,967116775424,901_GB,48,3,2,109816
2026-05-27T20:50:39Z,31259034,970255089664,904_GB,48,3,2,110117
2026-05-27T20:55:40Z,31422475,973642956800,907_GB,49,3,2,110418
2026-05-27T21:00:41Z,31552475,976938582016,910_GB,49,3,2,110721
2026-05-27T21:05:45Z,31587475,979020120064,912_GB,49,3,2,111023
2026-05-27T21:10:46Z,31662475,981801197568,914_GB,49,3,2,111324
2026-05-27T21:15:47Z,31742475,984377139200,917_GB,49,3,2,111625
2026-05-27T21:20:48Z,31842475,987344879616,920_GB,49,3,2,111926
2026-05-27T21:25:50Z,31912475,989877190656,922_GB,49,3,2,112227
2026-05-27T21:30:51Z,31977475,992353484800,924_GB,49,3,2,112528
2026-05-27T21:35:52Z,32050715,995037143040,927_GB,50,3,2,112829
2026-05-27T21:40:53Z,32145715,997996879872,929_GB,50,3,2,113131
2026-05-27T21:45:54Z,32265715,1001045499904,932_GB,50,3,2,113432
2026-05-27T21:50:55Z,32365715,1004199297024,935_GB,50,3,2,113733
2026-05-27T21:55:56Z,32460715,1007138758656,938_GB,50,3,2,114034
2026-05-27T22:00:57Z,32580715,1010481258496,941_GB,50,3,2,114335
2026-05-27T22:05:59Z,32655715,1013202837504,944_GB,50,3,2,114636
2026-05-27T22:11:00Z,32769147,1016045535232,946_GB,51,3,2,114937
2026-05-27T22:16:01Z,32844147,1018779992064,949_GB,51,3,2,115238
2026-05-27T22:21:02Z,32924147,1021309100032,951_GB,51,3,2,115540
2026-05-27T22:26:03Z,32989147,1023811977216,953_GB,51,3,2,115841
2026-05-27T22:31:04Z,33114147,1026760171520,956_GB,51,3,2,116142
2026-05-27T22:36:06Z,33199147,1029005737984,958_GB,51,3,2,116443
2026-05-27T22:41:07Z,33289147,1031975084032,961_GB,51,3,2,116744
2026-05-27T22:46:08Z,33375421,1034287603712,963_GB,52,3,2,117046
2026-05-27T22:51:09Z,33470421,1037290577920,966_GB,52,3,2,117347
2026-05-27T22:56:10Z,33625421,1040881238016,969_GB,52,3,2,117648
2026-05-27T23:01:11Z,33775421,1044262993920,973_GB,52,3,2,117949
2026-05-27T23:06:13Z,33885421,1047288291328,975_GB,52,3,2,118250
2026-05-27T23:11:14Z,33975421,1050221215744,978_GB,52,3,2,118551
2026-05-27T23:16:15Z,34032700,1052496953344,980_GB,53,3,2,118853
2026-05-27T23:21:16Z,34057700,1054067122176,982_GB,53,3,2,119154
2026-05-27T23:26:17Z,34107700,1056606969856,984_GB,53,3,2,119455
2026-05-27T23:31:18Z,34172700,1059086295040,986_GB,53,3,2,119756
2026-05-27T23:36:20Z,34242700,1061591818240,989_GB,53,3,2,120057
2026-05-27T23:41:21Z,34292700,1063477313536,990_GB,53,3,2,120358
2026-05-27T23:46:22Z,34317700,1065121292288,992_GB,53,3,2,120660
2026-05-27T23:51:23Z,34342700,1066729013248,993_GB,53,3,2,120961
2026-05-27T23:56:24Z,34397700,1068794544128,995_GB,53,3,2,121262
2026-05-28T00:01:25Z,34442700,1071206047744,998_GB,53,3,2,121563
2026-05-28T00:06:27Z,34497700,1073767350272,1000_GB,53,3,2,121864
2026-05-28T00:11:28Z,34576296,1076234788864,1002_GB,54,3,2,122165
2026-05-28T00:16:29Z,34611296,1077721104384,1004_GB,54,3,2,122467
2026-05-28T00:21:30Z,34671296,1079684849664,1006_GB,54,3,2,122768
2026-05-28T00:26:31Z,34766296,1082779426816,1008_GB,54,3,2,123069
2026-05-28T00:31:32Z,34836296,1085514170368,1011_GB,54,3,2,123370
2026-05-28T00:36:34Z,34901296,1087974694912,1013_GB,54,3,2,123671
2026-05-28T00:41:35Z,35007739,1090787115008,1016_GB,55,3,2,123972
2026-05-28T00:46:36Z,35097739,1093543182336,1018_GB,55,3,2,124273
2026-05-28T00:51:37Z,35202739,1096821628928,1021_GB,55,3,2,124575
2026-05-28T00:56:38Z,35297739,1099311120384,1024_GB,55,3,2,124876
2026-05-28T01:01:39Z,35332739,1101425106944,1026_GB,55,3,2,125177
2026-05-28T01:06:41Z,35372739,1103480037376,1028_GB,55,3,2,125478
2026-05-28T01:11:42Z,35447739,1106042830848,1030_GB,55,3,2,125779
2026-05-28T01:16:43Z,35492739,1108423041024,1032_GB,55,3,2,126081
2026-05-28T01:21:44Z,35512739,1110070099968,1034_GB,55,3,2,126382
2026-05-28T01:26:45Z,35557789,1112648409088,1036_GB,56,3,2,126683
2026-05-28T01:31:47Z,35602789,1114885586944,1038_GB,56,3,2,126984
2026-05-28T01:36:48Z,35712789,1118220402688,1041_GB,56,3,2,127285
2026-05-28T01:41:49Z,35822789,1121477967872,1044_GB,56,3,2,127587
2026-05-28T01:46:50Z,35907789,1124365459456,1047_GB,56,3,2,127888
2026-05-28T01:51:51Z,36016096,1127273881600,1050_GB,57,3,2,128189
2026-05-28T01:56:53Z,36076096,1129726394368,1052_GB,57,3,2,128490
2026-05-28T02:01:54Z,36211096,1132965109760,1055_GB,57,3,2,128791
2026-05-28T02:06:55Z,36316096,1135975014400,1058_GB,57,3,2,129093
2026-05-28T02:11:57Z,36361096,1138266783744,1060_GB,57,3,2,129394
2026-05-28T02:16:58Z,36411096,1140565172224,1062_GB,57,3,2,129696
2026-05-28T02:21:59Z,36531096,1143681114112,1065_GB,57,3,2,129997
2026-05-28T02:27:00Z,36631096,1146434125824,1068_GB,57,3,2,130298
2026-05-28T02:32:02Z,36746096,1149301899264,1070_GB,57,3,2,130599
2026-05-28T02:37:03Z,36811096,1151770345472,1073_GB,57,3,2,130901
2026-05-28T02:42:04Z,36931096,1154959958016,1076_GB,57,3,2,131202
2026-05-28T02:47:05Z,36981096,1157431615488,1078_GB,57,3,1,131503
2026-05-28T02:52:07Z,37093609,1160959533056,1081_GB,58,3,2,131804
2026-05-28T02:57:08Z,37153609,1162884644864,1083_GB,58,3,2,132105
2026-05-28T03:02:09Z,37261119,1165843832832,1086_GB,59,3,2,132407
2026-05-28T03:07:10Z,37361119,1169025925120,1089_GB,59,3,2,132708
2026-05-28T03:12:12Z,37491119,1172458987520,1092_GB,59,3,2,133009
2026-05-28T03:17:13Z,37611119,1175523655680,1095_GB,59,3,2,133310
2026-05-28T03:22:14Z,37711119,1178408034304,1097_GB,59,3,2,133612
2026-05-28T03:27:15Z,37826119,1181098590208,1100_GB,59,3,2,133913
2026-05-28T03:32:17Z,37956119,1184004603904,1103_GB,59,3,2,134215
2026-05-28T03:37:18Z,38201119,1186811428864,1105_GB,59,3,2,134517
2026-05-28T03:42:20Z,38341119,1189510078464,1108_GB,59,3,2,134818
2026-05-28T03:47:22Z,38471119,1192519041024,1111_GB,59,3,2,135120
2026-05-28T03:52:23Z,38616119,1195226644480,1113_GB,59,3,2,135421
2026-05-28T03:57:25Z,38671119,1196890226688,1115_GB,59,3,2,135722
2026-05-28T04:02:26Z,38761119,1199874260992,1117_GB,59,3,2,136024
2026-05-28T04:07:27Z,38810814,1201503305728,1119_GB,60,3,2,136325
2026-05-28T04:12:29Z,38950874,1204888035328,1122_GB,61,3,2,136626
2026-05-28T04:17:30Z,39040874,1207782293504,1125_GB,61,3,2,136928
2026-05-28T04:22:31Z,39135874,1210640809984,1127_GB,61,3,2,137229
2026-05-28T04:27:33Z,39280874,1213866541056,1131_GB,61,3,2,137531
2026-05-28T04:32:34Z,39450874,1217060134912,1133_GB,61,3,2,137832
2026-05-28T04:37:36Z,39530874,1219863633920,1136_GB,61,3,2,138133
2026-05-28T04:42:37Z,39625874,1222382493696,1138_GB,61,3,2,138435
2026-05-28T04:47:38Z,39730874,1225362145280,1141_GB,61,3,2,138736
2026-05-28T04:52:40Z,39815874,1227785641984,1143_GB,61,3,2,139037
2026-05-28T04:57:41Z,39950874,1230784626688,1146_GB,61,3,2,139339
2026-05-28T05:02:43Z,40080874,1233705435136,1149_GB,61,3,2,139640
2026-05-28T05:07:44Z,40170874,1236054048768,1151_GB,61,3,2,139942
2026-05-28T05:12:45Z,40255874,1238542876672,1153_GB,61,3,2,140243
2026-05-28T05:17:47Z,40371728,1241748127744,1156_GB,63,3,2,140544
2026-05-28T05:22:48Z,40491728,1244604317696,1159_GB,63,3,2,140846
2026-05-28T05:27:49Z,40541728,1246450147328,1161_GB,63,3,2,141147
2026-05-28T05:32:51Z,40611728,1249232084992,1163_GB,63,3,2,141449
2026-05-28T05:37:52Z,40756728,1252537999360,1167_GB,63,3,2,141750
2026-05-28T05:42:53Z,40906728,1255841054720,1170_GB,63,3,2,142051
2026-05-28T05:47:55Z,41046728,1258944667648,1172_GB,63,3,2,142353
2026-05-28T05:52:56Z,41221728,1262277255168,1176_GB,63,3,2,142654
2026-05-28T05:57:58Z,41362562,1264958103552,1178_GB,64,3,2,142956
2026-05-28T06:02:59Z,41472562,1267162980352,1180_GB,64,3,2,143257
2026-05-28T06:08:01Z,41552562,1269742665728,1183_GB,64,3,2,143559
2026-05-28T06:13:03Z,41587562,1271927676928,1185_GB,64,3,2,143860
2026-05-28T06:18:04Z,41637562,1273934102528,1186_GB,64,3,2,144162
2026-05-28T06:23:05Z,41677562,1276165316608,1189_GB,64,3,2,144463
2026-05-28T06:28:07Z,41737562,1278250319872,1190_GB,64,3,2,144765
2026-05-28T06:33:08Z,41797562,1280636878848,1193_GB,64,3,2,145066
2026-05-28T06:38:10Z,41837562,1282838093824,1195_GB,64,3,2,145367
2026-05-28T06:43:11Z,41927562,1285338267648,1197_GB,64,3,2,145669
2026-05-28T06:48:12Z,41982562,1287599218688,1199_GB,64,3,2,145970
2026-05-28T06:53:14Z,42057562,1290276536320,1202_GB,64,3,2,146272
2026-05-28T06:58:15Z,42152562,1293243392000,1204_GB,64,3,2,146573
2026-05-28T07:03:17Z,42235837,1296166100992,1207_GB,65,3,2,146874
2026-05-28T07:08:18Z,42295837,1298859089920,1210_GB,65,3,2,147176
2026-05-28T07:13:19Z,42335837,1301021442048,1212_GB,65,3,2,147477
2026-05-28T07:18:21Z,42415837,1303737786368,1214_GB,65,3,2,147779
2026-05-28T07:23:22Z,42530837,1306621779968,1217_GB,65,3,2,148080
2026-05-28T07:28:24Z,42630837,1309125066752,1219_GB,65,3,2,148382
2026-05-28T07:33:25Z,42764176,1312114114560,1222_GB,66,3,2,148683
2026-05-28T07:38:27Z,42889176,1314679169024,1224_GB,66,3,2,148984
2026-05-28T07:43:28Z,42989176,1317324570624,1227_GB,66,3,2,149286
2026-05-28T07:48:30Z,43094176,1320300044288,1230_GB,66,3,2,149587
2026-05-28T07:53:31Z,43209176,1323255709696,1232_GB,66,3,2,149889
2026-05-28T07:58:32Z,43339176,1326475108352,1235_GB,66,3,2,150190
2026-05-28T08:03:34Z,43434176,1329306091520,1238_GB,66,3,2,150492
2026-05-28T08:08:35Z,43564176,1332826447872,1241_GB,66,3,2,150793
2026-05-28T08:13:37Z,43673747,1335963475968,1244_GB,67,3,2,151095
2026-05-28T08:18:38Z,43823747,1339339563008,1247_GB,67,3,2,151396
2026-05-28T08:23:40Z,43973747,1342758658048,1251_GB,67,3,2,151698
2026-05-28T08:28:41Z,44093747,1345791975424,1253_GB,67,3,2,151999
2026-05-28T08:33:43Z,44208747,1348665942016,1256_GB,67,3,2,152301
2026-05-28T08:38:44Z,44304131,1351047839744,1258_GB,68,3,2,152602
2026-05-28T08:43:46Z,44414131,1353868550144,1261_GB,68,3,2,152904
2026-05-28T08:48:47Z,44519131,1356640600064,1263_GB,68,3,2,153205
2026-05-28T08:53:49Z,44619131,1359595290624,1266_GB,68,3,2,153507
2026-05-28T08:58:50Z,44754131,1362546245632,1269_GB,68,3,2,153808
2026-05-28T09:03:52Z,44834131,1364910366720,1271_GB,68,3,2,154109
2026-05-28T09:08:53Z,44944131,1368131895296,1274_GB,68,3,2,154411
2026-05-28T09:13:55Z,45069131,1371264253952,1277_GB,68,3,2,154712
2026-05-28T09:18:56Z,45228791,1374748663808,1280_GB,69,3,2,155014
2026-05-28T09:23:58Z,45373791,1378135228416,1283_GB,69,3,2,155316
2026-05-28T09:28:59Z,45553791,1381847105536,1287_GB,69,3,2,155617
2026-05-28T09:34:01Z,45693791,1385108217856,1290_GB,69,3,2,155919
2026-05-28T09:39:02Z,45863791,1388636430336,1293_GB,69,3,2,156220
2026-05-28T09:44:04Z,45991005,1391862022144,1296_GB,70,3,2,156522
2026-05-28T09:49:06Z,46136005,1394656075776,1299_GB,70,3,2,156824
2026-05-28T09:54:07Z,46251005,1397398077440,1301_GB,70,3,2,157126
2026-05-28T09:59:09Z,46371005,1400338259968,1304_GB,70,3,2,157427
2026-05-28T10:04:11Z,46446005,1403020206080,1307_GB,70,3,2,157729
2026-05-28T10:09:12Z,46536005,1405486817280,1309_GB,70,3,2,158030
2026-05-28T10:14:14Z,46626005,1408396337152,1312_GB,70,3,2,158332
2026-05-28T10:19:15Z,46761005,1411650854912,1315_GB,70,3,2,158633
2026-05-28T10:24:17Z,46868865,1414618611712,1317_GB,71,3,2,158935
2026-05-28T10:29:18Z,46998865,1417853485056,1320_GB,71,3,2,159236
2026-05-28T10:34:20Z,47088865,1420849340416,1323_GB,71,3,2,159538
2026-05-28T10:39:22Z,47173865,1423450824704,1326_GB,71,3,2,159839
2026-05-28T10:44:23Z,47298865,1426763890688,1329_GB,71,3,2,160141
2026-05-28T10:49:25Z,47373865,1429196931072,1331_GB,71,3,1,160443
2026-05-28T10:54:26Z,47498594,1432504582144,1334_GB,72,3,2,160744
2026-05-28T10:59:28Z,47653594,1435857731584,1337_GB,72,3,2,161046
2026-05-28T11:04:29Z,47778594,1438566514688,1340_GB,72,3,2,161347
2026-05-28T11:09:31Z,47888594,1441158266880,1342_GB,72,3,2,161649
2026-05-28T11:14:33Z,48023594,1444017569792,1345_GB,72,3,2,161951
2026-05-28T11:19:34Z,48148594,1446947717120,1348_GB,72,3,2,162252
2026-05-28T11:24:36Z,48253594,1449904660480,1350_GB,72,3,2,162554
2026-05-28T11:29:38Z,48348594,1452653961216,1353_GB,72,3,2,162856
2026-05-28T11:34:39Z,48435639,1455192129536,1355_GB,73,3,2,163157
2026-05-28T11:39:41Z,48530639,1457646886912,1358_GB,73,3,2,163459
2026-05-28T11:44:42Z,48625639,1460636901376,1360_GB,73,3,2,163760
2026-05-28T11:49:44Z,48740639,1463681146880,1363_GB,73,3,2,164062
2026-05-28T11:54:46Z,48860639,1466721443840,1366_GB,73,3,2,164364
2026-05-28T11:59:47Z,49011464,1470055669760,1369_GB,74,3,2,164665
2026-05-28T12:04:49Z,49136464,1473300103168,1372_GB,74,3,2,164967
2026-05-28T12:09:50Z,49236464,1476370767872,1375_GB,74,3,2,165268
2026-05-28T12:14:52Z,49386464,1479500816384,1378_GB,74,3,2,165570
2026-05-28T12:19:54Z,49471464,1482231160832,1380_GB,74,3,2,165872
2026-05-28T12:24:55Z,49546464,1484736495616,1383_GB,74,3,2,166173
2026-05-28T12:29:57Z,49626464,1487253323776,1385_GB,74,3,2,166475
2026-05-28T12:34:59Z,49756464,1490105876480,1388_GB,74,3,2,166777
2026-05-28T12:40:00Z,49863059,1492800307200,1390_GB,75,3,2,167078
2026-05-28T12:45:02Z,49928059,1495299465216,1393_GB,75,3,2,167380
2026-05-28T12:50:03Z,50008059,1497953280000,1395_GB,75,3,2,167681
2026-05-28T12:55:05Z,50118059,1501295697920,1398_GB,75,3,2,167983
2026-05-28T13:00:07Z,50258059,1504565854208,1401_GB,75,3,2,168285
2026-05-28T13:05:08Z,50383059,1507491627008,1404_GB,75,3,2,168586
2026-05-28T13:10:10Z,50488841,1510624092160,1407_GB,76,3,2,168888
2026-05-28T13:15:12Z,50598841,1513610174464,1410_GB,76,3,2,169190
2026-05-28T13:20:13Z,50738841,1516856016896,1413_GB,76,3,2,169491
2026-05-28T13:25:15Z,50893841,1520380477440,1416_GB,76,3,2,169793
2026-05-28T13:30:16Z,51023841,1523516260352,1419_GB,76,3,2,170094
2026-05-28T13:35:18Z,51173841,1526434660352,1422_GB,76,3,2,170396
2026-05-28T13:40:20Z,51323841,1529451732992,1424_GB,76,3,2,170698
2026-05-28T13:45:22Z,51474338,1532419309568,1427_GB,77,3,2,171000
2026-05-28T13:50:23Z,51559338,1534974164992,1430_GB,77,3,2,171301
2026-05-28T13:55:25Z,51629338,1537484234752,1432_GB,77,3,2,171603
2026-05-28T14:00:27Z,51739338,1540142383104,1434_GB,77,3,2,171905
2026-05-28T14:05:28Z,51844338,1543088726016,1437_GB,77,3,2,172206
2026-05-28T14:10:30Z,51979338,1546342924288,1440_GB,77,3,2,172508
2026-05-28T14:15:32Z,52114157,1549506822144,1443_GB,78,3,2,172810
2026-05-28T14:20:33Z,52269157,1552947683328,1446_GB,78,3,2,173111
2026-05-28T14:25:35Z,52369157,1555732389888,1449_GB,78,3,2,173413
2026-05-28T14:30:36Z,52459157,1558409338880,1451_GB,78,3,2,173714
2026-05-28T14:35:38Z,52599157,1561795379200,1455_GB,78,3,2,174016
2026-05-28T14:40:40Z,52674157,1564423979008,1457_GB,78,3,2,174318
2026-05-28T14:45:41Z,52804157,1567680307200,1460_GB,78,3,2,174619
2026-05-28T14:50:43Z,52904992,1570616418304,1463_GB,79,3,2,174921
2026-05-28T14:55:44Z,53039992,1573568970752,1466_GB,79,3,2,175223
2026-05-28T15:00:46Z,53129992,1576102109184,1468_GB,79,3,2,175525
2026-05-28T15:05:48Z,53259992,1578829496320,1470_GB,79,3,2,175826
2026-05-28T15:10:50Z,53394992,1581548216320,1473_GB,79,3,2,176128
2026-05-28T15:15:52Z,53539992,1584623558656,1476_GB,79,3,2,176430
2026-05-28T15:20:53Z,53675028,1587840188416,1479_GB,80,3,2,176731
2026-05-28T15:25:55Z,53770028,1590897795072,1482_GB,80,3,2,177033
2026-05-28T15:30:57Z,53885028,1593885155328,1484_GB,80,3,2,177335
2026-05-28T15:35:58Z,53995028,1596798271488,1487_GB,80,3,2,177636
2026-05-28T15:41:00Z,54105028,1599603908608,1490_GB,80,3,2,177938
2026-05-28T15:46:02Z,54210028,1602178981888,1492_GB,80,3,2,178240
2026-05-28T15:51:03Z,54285028,1604338016256,1494_GB,80,3,2,178541
2026-05-28T15:56:05Z,54365028,1606264528896,1496_GB,80,3,2,178843
2026-05-28T16:01:07Z,54420028,1608353316864,1498_GB,80,3,2,179145
2026-05-28T16:06:08Z,54555028,1611399684096,1501_GB,80,3,2,179446
2026-05-28T16:11:10Z,54710370,1614685118464,1504_GB,81,3,2,179750
2026-05-28T16:16:13Z,54785370,1617060028416,1506_GB,81,3,2,180051
2026-05-28T16:21:15Z,54945370,1619657433088,1508_GB,81,3,2,180353
2026-05-28T16:26:17Z,55064621,1622269689856,1511_GB,82,3,2,180655
2026-05-28T16:31:19Z,55194621,1625127116800,1514_GB,82,3,2,180957
2026-05-28T16:36:21Z,55304621,1627970617344,1516_GB,82,3,2,181259
2026-05-28T16:41:22Z,55424621,1630775746560,1519_GB,82,3,2,181560
2026-05-28T16:46:24Z,55559621,1633892917248,1522_GB,82,3,2,181862
2026-05-28T16:51:26Z,55734621,1637130608640,1525_GB,82,3,2,182164
2026-05-28T16:56:28Z,55834621,1639818092544,1527_GB,82,3,2,182466
2026-05-28T17:01:29Z,55944621,1642769072128,1530_GB,82,3,2,182767
2026-05-28T17:06:31Z,56014621,1645221634048,1532_GB,82,3,2,183069
2026-05-28T17:11:33Z,56139621,1648131358720,1535_GB,82,3,2,183371
2026-05-28T17:16:34Z,56229431,1650690572288,1537_GB,83,3,2,183672
2026-05-28T17:21:36Z,56329431,1653307727872,1540_GB,83,3,2,183974
2026-05-28T17:26:38Z,56499431,1656716197888,1543_GB,83,3,2,184276
2026-05-28T17:31:40Z,56594431,1659569086464,1546_GB,83,3,2,184579
2026-05-28T17:36:42Z,56684431,1662103609344,1548_GB,83,3,1,184881
2026-05-28T17:41:44Z,56782802,1664572489728,1550_GB,84,3,2,185182
2026-05-28T17:46:46Z,56917802,1667416711168,1553_GB,84,3,2,185484
2026-05-28T17:51:48Z,57027802,1670058827776,1555_GB,84,3,2,185786
2026-05-28T17:56:50Z,57132802,1672586215424,1558_GB,84,3,2,186088
2026-05-28T18:01:51Z,57242802,1675560075264,1560_GB,84,3,2,186390
2026-05-28T18:06:53Z,57367802,1678676934656,1563_GB,84,3,2,186691
2026-05-28T18:11:55Z,57467802,1681781850112,1566_GB,84,3,2,186993
2026-05-28T18:16:57Z,57522802,1684233216000,1569_GB,84,3,2,187295
2026-05-28T18:21:58Z,57612802,1687081984000,1571_GB,84,3,2,187597
2026-05-28T18:27:00Z,57777470,1690544824320,1574_GB,85,3,2,187898
2026-05-28T18:32:02Z,57902470,1693651206144,1577_GB,85,3,2,188200
2026-05-28T18:37:04Z,58022470,1696780279808,1580_GB,85,3,2,188502
2026-05-28T18:42:06Z,58165935,1700193116160,1583_GB,86,3,2,188804
2026-05-28T18:47:07Z,58295935,1702967222272,1586_GB,86,3,2,189107
2026-05-28T18:52:11Z,58375935,1705143951360,1588_GB,86,3,2,189409
2026-05-28T18:57:13Z,58530935,1707819319296,1591_GB,86,3,2,189711
2026-05-28T19:02:15Z,58585935,1710238867456,1593_GB,86,3,2,190013
2026-05-28T19:07:17Z,58695935,1712878305280,1595_GB,86,3,2,190315
2026-05-28T19:12:19Z,58800935,1715404816384,1598_GB,86,3,2,190617
2026-05-28T19:17:21Z,58930935,1718073057280,1600_GB,86,3,2,190919
2026-05-28T19:22:23Z,59055935,1721336078336,1603_GB,86,3,2,191221
2026-05-28T19:27:25Z,59145935,1724218572800,1606_GB,86,3,2,191523
2026-05-28T19:32:26Z,59274597,1727459508224,1609_GB,87,3,2,191825
2026-05-28T19:37:28Z,59379597,1730370412544,1612_GB,87,3,2,192126
2026-05-28T19:42:30Z,59519597,1733316198400,1614_GB,87,3,2,192428
2026-05-28T19:47:32Z,59654597,1736692047872,1617_GB,87,3,2,192730
2026-05-28T19:52:34Z,59803645,1739969585152,1620_GB,88,3,2,193032
2026-05-28T19:57:35Z,59983645,1743390097408,1624_GB,88,3,2,193334
2026-05-28T20:02:37Z,60098645,1746298339328,1626_GB,88,3,2,193636
2026-05-28T20:07:39Z,60153645,1748289536000,1628_GB,88,3,2,193938
2026-05-28T20:12:41Z,60258645,1750966124544,1631_GB,88,3,2,194240
2026-05-28T20:17:43Z,60353645,1753655517184,1633_GB,88,3,2,194542
2026-05-28T20:22:45Z,60468645,1756168593408,1636_GB,88,3,2,194843
2026-05-28T20:27:47Z,60568645,1759086788608,1638_GB,88,3,2,195146
2026-05-28T20:32:49Z,60723645,1762203615232,1641_GB,88,3,2,195447
2026-05-28T20:37:51Z,60877758,1765402148864,1644_GB,89,3,2,195749
2026-05-28T20:42:53Z,61042758,1768947597312,1647_GB,89,3,2,196051
2026-05-28T20:47:55Z,61197758,1772381626368,1651_GB,89,3,2,196353
2026-05-28T20:52:57Z,61342758,1775568871424,1654_GB,89,3,2,196655
2026-05-28T20:57:59Z,61497388,1778875293696,1657_GB,90,3,2,196957
2026-05-28T21:03:00Z,61657388,1782058762240,1660_GB,90,3,2,197259
2026-05-28T21:08:02Z,61837388,1785479847936,1663_GB,90,3,2,197561
2026-05-28T21:13:04Z,61937388,1788220727296,1665_GB,90,3,2,197862
2026-05-28T21:18:06Z,62017388,1789952278528,1667_GB,90,3,2,198164
2026-05-28T21:23:08Z,62097388,1792358440960,1669_GB,90,3,2,198467
2026-05-28T21:28:11Z,62162388,1794480922624,1671_GB,90,3,2,198769
2026-05-28T21:33:13Z,62232388,1796623187968,1673_GB,90,3,2,199071
2026-05-28T21:38:15Z,62302388,1798713057280,1675_GB,90,3,2,199373
2026-05-28T21:43:16Z,62392388,1801069117440,1677_GB,90,3,2,199675
2026-05-28T21:48:18Z,62447388,1803030224896,1679_GB,90,3,2,199977
2026-05-28T21:53:20Z,62537388,1805250363392,1681_GB,90,3,2,200279
2026-05-28T21:58:22Z,62632388,1807870451712,1684_GB,90,3,2,200580
2026-05-28T22:03:24Z,62716015,1810300674048,1686_GB,91,3,2,200882
2026-05-28T22:08:26Z,62791015,1812535672832,1688_GB,91,3,2,201184
2026-05-28T22:13:28Z,62841015,1814768156672,1690_GB,91,3,2,201486
2026-05-28T22:18:30Z,62881015,1816068538368,1691_GB,91,3,2,201788
2026-05-28T22:23:31Z,62976015,1818424786944,1694_GB,91,3,2,202090
2026-05-28T22:28:33Z,63129657,1821907910656,1697_GB,92,3,2,202392
2026-05-28T22:33:35Z,63284657,1824858439680,1700_GB,92,3,2,202693
2026-05-28T22:38:37Z,63429657,1827879657472,1702_GB,92,3,2,202995
2026-05-28T22:43:39Z,63529657,1830529097728,1705_GB,92,3,2,203297
2026-05-28T22:48:41Z,63649657,1832900673536,1707_GB,92,3,2,203599
2026-05-28T22:53:43Z,63789657,1835727552512,1710_GB,92,3,2,203901
2026-05-28T22:58:45Z,63914657,1838505205760,1712_GB,92,3,2,204203
2026-05-28T23:03:47Z,64029778,1841423065088,1715_GB,93,3,2,204505
2026-05-28T23:08:49Z,64184778,1844490936320,1718_GB,93,3,2,204807
2026-05-28T23:13:51Z,64324778,1847568105472,1721_GB,93,3,2,205109
2026-05-28T23:18:53Z,64499778,1850968981504,1724_GB,93,3,2,205411
2026-05-28T23:23:55Z,64639778,1854065500160,1727_GB,93,3,2,205713
2026-05-28T23:28:57Z,64809778,1857270177792,1730_GB,93,3,2,206015
2026-05-28T23:33:58Z,64962194,1860354269184,1733_GB,94,3,2,206317
2026-05-28T23:39:00Z,65042194,1863012556800,1735_GB,94,3,2,206619
2026-05-28T23:44:02Z,65112194,1865053208576,1737_GB,94,3,2,206920
2026-05-28T23:49:04Z,65232194,1868160999424,1740_GB,94,3,2,207222
2026-05-28T23:54:06Z,65382194,1871494602752,1743_GB,94,3,2,207524
2026-05-28T23:59:08Z,65557194,1874478940160,1746_GB,94,3,2,207826
2026-05-29T00:04:10Z,65712194,1877431279616,1748_GB,94,3,2,208128
2026-05-29T00:09:12Z,65817194,1880219951104,1751_GB,94,3,2,208430
2026-05-29T00:14:14Z,65979521,1883478130688,1754_GB,95,3,2,208733
2026-05-29T00:19:16Z,66119521,1886431715328,1757_GB,95,3,2,209035
2026-05-29T00:24:18Z,66234521,1888996868096,1759_GB,95,3,2,209337
2026-05-29T00:29:20Z,66389521,1891994755072,1762_GB,95,3,2,209639
2026-05-29T00:34:22Z,66488964,1894871613440,1765_GB,96,3,2,209941
2026-05-29T00:39:24Z,66688964,1898117554176,1768_GB,96,3,2,210243
2026-05-29T00:44:26Z,66838964,1901299589120,1771_GB,96,3,2,210545
2026-05-29T00:49:28Z,66993964,1904625565696,1774_GB,96,3,2,210847
2026-05-29T00:54:30Z,67218964,1907899305984,1777_GB,96,3,2,211149
2026-05-29T00:59:32Z,67448964,1911663558656,1780_GB,96,3,2,211451
2026-05-29T01:04:34Z,67648964,1915176337408,1784_GB,96,3,2,211753
2026-05-29T01:09:37Z,67771457,1918041423872,1786_GB,97,3,2,212058
2026-05-29T01:14:41Z,67906457,1920622534656,1789_GB,97,3,2,212360
2026-05-29T01:19:44Z,67971457,1922659598336,1791_GB,97,3,2,212662
2026-05-29T01:24:46Z,68156457,1925910781952,1794_GB,97,3,2,212964
2026-05-29T01:29:48Z,68346457,1928983207936,1797_GB,97,3,2,213266
2026-05-29T01:34:50Z,68531457,1931698872320,1799_GB,97,3,2,213568
2026-05-29T01:39:52Z,68698600,1934750842880,1802_GB,98,3,2,213870
2026-05-29T01:44:54Z,68853600,1937946329088,1805_GB,98,3,2,214172
2026-05-29T01:49:56Z,69118600,1941465546752,1808_GB,98,3,2,214474
2026-05-29T01:54:58Z,69333600,1944843689984,1811_GB,98,3,2,214777
2026-05-29T02:00:00Z,69563600,1948359327744,1815_GB,98,3,2,215079
2026-05-29T02:05:02Z,69748600,1951813500928,1818_GB,98,3,2,215381
2026-05-29T02:10:04Z,69873600,1954544918528,1820_GB,98,3,2,215683
2026-05-29T02:15:06Z,70043929,1958146514944,1824_GB,99,3,2,215985
2026-05-29T02:20:09Z,70193929,1961396150272,1827_GB,99,3,2,216287
2026-05-29T02:25:11Z,70343929,1963927625728,1829_GB,99,3,2,216589
2026-05-29T02:30:13Z,70478929,1966760640512,1832_GB,99,3,2,216891
2026-05-29T02:35:15Z,70593929,1969513840640,1834_GB,99,3,2,217194
2026-05-29T02:40:17Z,70699563,1972447125504,1837_GB,100,3,2,217496
2026-05-29T02:45:19Z,70844563,1975773487104,1840_GB,100,3,2,217798
2026-05-29T02:50:22Z,71014563,1979023622144,1843_GB,100,3,2,218100
2026-05-29T02:55:24Z,71204563,1982534107136,1846_GB,100,3,2,218402
2026-05-29T03:00:26Z,71374563,1985792598016,1849_GB,100,3,2,218704
2026-05-29T03:05:28Z,71539563,1989129764864,1853_GB,100,3,2,219007
2026-05-29T03:10:30Z,71684563,1991773265920,1855_GB,100,3,2,219309
2026-05-29T03:15:32Z,71879426,1995447705600,1858_GB,101,3,2,219611
2026-05-29T03:20:34Z,72089426,1998907129856,1862_GB,101,3,2,219913
2026-05-29T03:25:37Z,72249426,2002228535296,1865_GB,101,3,2,220215
2026-05-29T03:30:39Z,72474426,2005855887360,1868_GB,101,3,2,220517
2026-05-29T03:35:41Z,72624426,2008316264448,1870_GB,101,3,2,220820
2026-05-29T03:40:43Z,72876871,2011320745984,1873_GB,102,3,2,221122
2026-05-29T03:45:46Z,73151871,2014445330432,1876_GB,102,3,2,221424
2026-05-29T03:50:48Z,73406871,2017278230528,1879_GB,102,3,2,221727
2026-05-29T03:55:50Z,73541871,2020085645312,1881_GB,102,3,2,222029
2026-05-29T04:00:52Z,73766871,2023294918656,1884_GB,102,3,2,222331
2026-05-29T04:05:55Z,74001871,2026740383744,1888_GB,102,3,2,222634
2026-05-29T04:10:57Z,74316871,2030121181184,1891_GB,102,3,2,222936
2026-05-29T04:16:00Z,74651871,2033515356160,1894_GB,102,3,1,223238
2026-05-29T04:21:02Z,74986377,2036929527808,1897_GB,103,3,2,223541
2026-05-29T04:26:04Z,75191377,2040060035072,1900_GB,103,3,2,223843
2026-05-29T04:31:07Z,75431377,2043665301504,1903_GB,103,3,2,224145
2026-05-29T04:36:09Z,75823899,2047194423296,1907_GB,104,3,2,224448
2026-05-29T04:41:11Z,76188899,2050785886208,1910_GB,104,3,2,224750
2026-05-29T04:46:14Z,76338899,2053664620544,1913_GB,104,3,2,225053
2026-05-29T04:51:16Z,76663899,2056806219776,1916_GB,104,3,2,225356
2026-05-29T04:56:19Z,76938899,2060198191104,1919_GB,104,3,2,225658
2026-05-29T05:01:22Z,77138899,2063417704448,1922_GB,104,3,2,225960
2026-05-29T05:06:24Z,77288899,2066519859200,1925_GB,104,3,2,226263
2026-05-29T05:11:26Z,77463899,2069226782720,1927_GB,104,3,2,226565
2026-05-29T05:16:29Z,77663899,2072373673984,1930_GB,104,3,2,226867
2026-05-29T05:21:31Z,77848899,2075232550912,1933_GB,104,3,2,227170
2026-05-29T05:26:33Z,78234947,2079013699584,1936_GB,105,3,2,227472
2026-05-29T05:31:36Z,78522157,2082533220352,1940_GB,106,3,2,227775
2026-05-29T05:36:38Z,78787157,2085583126528,1942_GB,106,3,2,228077
2026-05-29T05:41:41Z,79127157,2089055477760,1946_GB,106,3,2,228379
2026-05-29T05:46:43Z,79372157,2092122513408,1948_GB,106,3,2,228682
2026-05-29T05:51:45Z,79547157,2094851448832,1951_GB,106,3,2,228984
2026-05-29T05:56:48Z,79757157,2097894866944,1954_GB,106,3,2,229286
2026-05-29T06:01:50Z,79982157,2100822065152,1957_GB,106,3,2,229589
2026-05-29T06:06:52Z,80192157,2104007786496,1960_GB,106,3,2,229891
2026-05-29T06:11:55Z,80381575,2107087093760,1962_GB,107,3,2,230194
2026-05-29T06:16:57Z,80511575,2110020820992,1965_GB,107,3,2,230496
2026-05-29T06:22:00Z,80596575,2112682262528,1968_GB,107,3,2,230798
2026-05-29T06:27:02Z,80701575,2115226394624,1970_GB,107,3,2,231101
2026-05-29T06:32:04Z,80836575,2118278160384,1973_GB,107,3,2,231403
2026-05-29T06:37:06Z,80996575,2121575563264,1976_GB,107,3,2,231705
2026-05-29T06:42:09Z,81163424,2124903333888,1979_GB,108,3,2,232008
2026-05-29T06:47:11Z,81348424,2128399900672,1982_GB,108,3,2,232310
2026-05-29T06:52:13Z,81453424,2130830540800,1984_GB,108,3,2,232612
2026-05-29T06:57:16Z,81558424,2133202714624,1987_GB,108,3,2,232914
2026-05-29T07:02:18Z,81653424,2135750336512,1989_GB,108,3,2,233217
2026-05-29T07:07:20Z,81723424,2137675390976,1991_GB,108,3,2,233519
2026-05-29T07:12:23Z,81783424,2139497185280,1993_GB,108,3,2,233821
2026-05-29T07:17:25Z,81921534,2142647656448,1995_GB,109,3,2,234126
2026-05-29T07:22:30Z,82051534,2145050157056,1998_GB,109,3,2,234429
2026-05-29T07:27:32Z,82211534,2147805822976,2000_GB,109,3,2,234731
2026-05-29T07:32:35Z,82346534,2150734643200,2003_GB,109,3,2,235033
2026-05-29T07:37:37Z,82486534,2153619996672,2006_GB,109,3,2,235336
2026-05-29T07:42:39Z,82606534,2156297469952,2008_GB,109,3,2,235638
2026-05-29T07:47:42Z,82756534,2159439650816,2011_GB,109,3,2,235941
2026-05-29T07:52:44Z,82929400,2162575802368,2014_GB,110,3,2,236243
2026-05-29T07:57:47Z,83099400,2165844369408,2017_GB,110,3,2,236545
2026-05-29T08:02:49Z,83234400,2168993742848,2020_GB,110,3,2,236848
2026-05-29T08:07:51Z,83349400,2172071018496,2023_GB,110,3,2,237150
2026-05-29T08:12:54Z,83474400,2175183405056,2026_GB,110,3,2,237452
2026-05-29T08:17:56Z,83615007,2178072313856,2028_GB,111,3,2,237755
2026-05-29T08:22:58Z,83705007,2180542341120,2031_GB,111,3,2,238057
2026-05-29T08:28:01Z,83885007,2183834583040,2034_GB,111,3,2,238359
2026-05-29T08:33:03Z,84075007,2187212398592,2037_GB,111,3,2,238662
2026-05-29T08:38:05Z,84255007,2190378344448,2040_GB,111,3,2,238964
2026-05-29T08:43:08Z,84420328,2193142980608,2043_GB,112,3,2,239267
2026-05-29T08:48:11Z,84510328,2195088113664,2044_GB,112,3,2,239569
2026-05-29T08:53:13Z,84595328,2197492129792,2047_GB,112,3,2,239872
2026-05-29T08:58:16Z,84745328,2200516444160,2049_GB,112,3,2,240175
2026-05-29T09:03:18Z,84910328,2203430203392,2052_GB,112,3,2,240477
2026-05-29T09:08:21Z,84995566,2205343932416,2054_GB,113,3,2,240780
2026-05-29T09:13:23Z,85145566,2208551108608,2057_GB,113,3,2,241082
2026-05-29T09:18:25Z,85310566,2212099416064,2060_GB,113,3,2,241384
2026-05-29T09:23:28Z,85485566,2215441915904,2063_GB,113,3,2,241687
2026-05-29T09:28:30Z,85645566,2218618683392,2066_GB,113,3,2,241989
2026-05-29T09:33:33Z,85820566,2221818445824,2069_GB,113,3,2,242292
2026-05-29T09:38:35Z,86035566,2225327529984,2072_GB,113,3,2,242594
2026-05-29T09:43:38Z,86195566,2228618084352,2076_GB,113,3,2,242897
2026-05-29T09:48:40Z,86308583,2231421009920,2078_GB,114,3,2,243199
2026-05-29T09:53:43Z,86468583,2234497957888,2081_GB,114,3,2,243502
2026-05-29T09:58:45Z,86608583,2237334061056,2084_GB,114,3,2,243804
2026-05-29T10:03:48Z,86793583,2240265084928,2086_GB,114,3,2,244107
2026-05-29T10:08:51Z,86960448,2243213344768,2089_GB,115,3,2,244409
2026-05-29T10:13:53Z,87075448,2245864767488,2092_GB,115,3,2,244712
2026-05-29T10:18:56Z,87205448,2248564482048,2094_GB,115,3,2,245015
2026-05-29T10:23:58Z,87325448,2251216912384,2097_GB,115,3,2,245317
2026-05-29T10:29:01Z,87480448,2254475427840,2100_GB,115,3,2,245620
2026-05-29T10:34:03Z,87650448,2257864089600,2103_GB,115,3,2,245922
2026-05-29T10:39:06Z,87785448,2260998299648,2106_GB,115,3,2,246225
2026-05-29T10:44:08Z,87965448,2264344469504,2109_GB,115,3,2,246527
2026-05-29T10:49:11Z,88040448,2267096334336,2111_GB,115,3,2,246830
2026-05-29T10:54:13Z,88187530,2270436605952,2115_GB,116,3,2,247132
2026-05-29T10:59:16Z,88312530,2273584545792,2117_GB,116,3,2,247435
2026-05-29T11:04:18Z,88437530,2276366376960,2120_GB,116,3,2,247737
2026-05-29T11:09:21Z,88617530,2279576084480,2123_GB,116,3,2,248040
2026-05-29T11:14:23Z,88763016,2282682310656,2126_GB,117,3,2,248342
2026-05-29T11:19:26Z,88913016,2285515694080,2129_GB,117,3,2,248645
2026-05-29T11:24:29Z,89058016,2288419332096,2131_GB,117,3,2,248948
2026-05-29T11:29:31Z,89213016,2291396984832,2134_GB,117,3,2,249250
2026-05-29T11:34:34Z,89348016,2294032752640,2136_GB,117,3,2,249553
2026-05-29T11:39:36Z,89478016,2296767594496,2139_GB,117,3,2,249855
2026-05-29T11:44:39Z,89593016,2299548581888,2142_GB,117,3,2,250158
2026-05-29T11:49:42Z,89763016,2302841626624,2145_GB,117,3,2,250461
2026-05-29T11:54:44Z,89960046,2306283544576,2148_GB,118,3,2,250763
2026-05-29T11:59:47Z,90110046,2309497020416,2151_GB,118,3,2,251066
2026-05-29T12:04:50Z,90230046,2312472559616,2154_GB,118,3,2,251369
2026-05-29T12:09:52Z,90250046,2313870311424,2155_GB,118,3,2,251671
2026-05-29T12:14:55Z,90380046,2317021356032,2158_GB,118,3,2,251974
2026-05-29T12:19:57Z,90555046,2320456417280,2161_GB,118,3,2,252277
2026-05-29T12:25:00Z,90754756,2323978584064,2164_GB,119,3,2,252579
2026-05-29T12:30:03Z,90889756,2326929154048,2167_GB,119,3,2,252882
2026-05-29T12:35:05Z,91024756,2329589088256,2170_GB,119,3,2,253185
2026-05-29T12:40:08Z,91194756,2332649930752,2172_GB,119,3,2,253487
2026-05-29T12:45:11Z,91344756,2335596118016,2175_GB,119,3,2,253790
2026-05-29T12:50:14Z,91459756,2338418139136,2178_GB,119,3,2,254093
2026-05-29T12:55:16Z,91599756,2341441871872,2181_GB,119,3,2,254395
2026-05-29T13:00:19Z,91748109,2344422834176,2183_GB,120,3,2,254698
2026-05-29T13:05:22Z,91908109,2347610177536,2186_GB,120,3,2,255001
2026-05-29T13:10:24Z,92083109,2351270928384,2190_GB,120,3,2,255303
2026-05-29T13:15:27Z,92253109,2354462851072,2193_GB,120,3,2,255606
2026-05-29T13:20:29Z,92383109,2357386100736,2195_GB,120,3,2,255908
2026-05-29T13:25:32Z,92557989,2360543584256,2198_GB,121,3,2,256211
2026-05-29T13:30:34Z,92722989,2363812626432,2201_GB,121,3,2,256513
2026-05-29T13:35:37Z,92847989,2366620778496,2204_GB,121,3,2,256816
2026-05-29T13:40:39Z,93017989,2369830887424,2207_GB,121,3,2,257118
2026-05-29T13:45:42Z,93182989,2373030412288,2210_GB,121,3,2,257428
2026-05-29T13:50:51Z,93317989,2375976345600,2213_GB,121,3,2,257731
2026-05-29T13:55:54Z,93492989,2378957185024,2216_GB,121,3,2,258034
2026-05-29T14:00:57Z,93677442,2382022950912,2218_GB,122,3,2,258336
2026-05-29T14:06:00Z,93847442,2385231101952,2221_GB,122,3,2,258639
2026-05-29T14:11:03Z,94022442,2388337647616,2224_GB,122,3,2,258942
2026-05-29T14:16:05Z,94112442,2390682238976,2226_GB,122,3,2,259245
2026-05-29T14:21:08Z,94157442,2392734416896,2228_GB,122,3,2,259547
2026-05-29T14:26:11Z,94307442,2395759493120,2231_GB,122,3,2,259850
2026-05-29T14:31:14Z,94449854,2398991638528,2234_GB,123,3,2,260153
2026-05-29T14:36:16Z,94629854,2402534309888,2238_GB,123,3,2,260455
2026-05-29T14:41:19Z,94854854,2405689131008,2240_GB,123,3,2,260758
2026-05-29T14:46:22Z,95049854,2408940453888,2244_GB,123,3,2,261061
2026-05-29T14:51:24Z,95199854,2412144812032,2246_GB,123,3,2,261363
2026-05-29T14:56:27Z,95394854,2415760400384,2250_GB,123,3,2,261666
2026-05-29T15:01:30Z,95588721,2419087843328,2253_GB,124,3,2,261969
2026-05-29T15:06:32Z,95738721,2422017171456,2256_GB,124,3,2,262272
2026-05-29T15:11:35Z,95858721,2424546385920,2258_GB,124,3,2,262575
2026-05-29T15:16:38Z,96018721,2427527356416,2261_GB,124,3,2,262877
2026-05-29T15:21:41Z,96123721,2430073249792,2263_GB,124,3,2,263180
2026-05-29T15:26:44Z,96298721,2433286488064,2266_GB,124,3,2,263483
2026-05-29T15:31:47Z,96443721,2436058791936,2269_GB,124,3,1,263786
2026-05-29T15:36:49Z,96521105,2438117933056,2271_GB,125,3,2,264089
2026-05-29T15:41:52Z,96666105,2441528123392,2274_GB,125,3,2,264391
2026-05-29T15:46:55Z,96836105,2444699213824,2277_GB,125,3,2,264694
2026-05-29T15:51:58Z,96976105,2447817031680,2280_GB,125,3,2,264997
2026-05-29T15:57:00Z,97156105,2451008233472,2283_GB,125,3,2,265300
2026-05-29T16:02:03Z,97366105,2454625697792,2286_GB,125,3,2,265602
2026-05-29T16:07:06Z,97601976,2458061225984,2289_GB,126,3,2,265905
2026-05-29T16:12:09Z,97766976,2461511925760,2292_GB,126,3,2,266208
2026-05-29T16:17:11Z,97906976,2464407257088,2295_GB,126,3,2,266511
2026-05-29T16:22:14Z,98066976,2467442810880,2298_GB,126,3,2,266813
2026-05-29T16:27:17Z,98181976,2470216867840,2301_GB,126,3,2,267116
2026-05-29T16:32:20Z,98266976,2472900730880,2303_GB,126,3,2,267419
2026-05-29T16:37:23Z,98341976,2475293417472,2305_GB,126,3,2,267722
2026-05-29T16:42:26Z,98482031,2478171258880,2308_GB,127,3,2,268025
2026-05-29T16:47:28Z,98662031,2481307516928,2311_GB,127,3,2,268327
2026-05-29T16:52:31Z,98742031,2483565101056,2313_GB,127,3,2,268630
2026-05-29T16:57:34Z,98817031,2485917900800,2315_GB,127,3,2,268933
2026-05-29T17:02:36Z,98917031,2488159723520,2317_GB,127,3,2,269235
2026-05-29T17:07:39Z,99029729,2490552098816,2320_GB,128,3,2,269538
2026-05-29T17:12:42Z,99149729,2492889038848,2322_GB,128,3,2,269841
2026-05-29T17:17:44Z,99244729,2495600582656,2324_GB,128,3,2,270144
2026-05-29T17:22:47Z,99344729,2498135982080,2327_GB,128,3,2,270446
2026-05-29T17:27:50Z,99494729,2501279473664,2329_GB,128,3,2,270749
2026-05-29T17:32:52Z,99694729,2504552202240,2333_GB,128,3,2,271052
2026-05-29T17:37:55Z,99894729,2508003442688,2336_GB,128,3,2,271355
2026-05-29T17:42:58Z,100114729,2511319506944,2339_GB,128,3,2,271658
2026-05-29T17:48:01Z,100249729,2514008981504,2341_GB,128,3,2,271960
2026-05-29T17:53:04Z,100424729,2517156315136,2344_GB,128,3,2,272263
2026-05-29T17:58:07Z,100544729,2519808638976,2347_GB,128,3,2,272566
2026-05-29T18:03:10Z,100696404,2522725236736,2349_GB,129,3,2,272869
2026-05-29T18:08:13Z,100914588,2526264524800,2353_GB,130,3,2,273172
2026-05-29T18:13:16Z,101084588,2529084850176,2355_GB,130,3,2,273475
2026-05-29T18:18:19Z,101244588,2532050960384,2358_GB,130,3,2,273778
2026-05-29T18:23:22Z,101319588,2534112993280,2360_GB,130,3,2,274081
2026-05-29T18:28:24Z,101439588,2536197210112,2362_GB,130,3,2,274384
2026-05-29T18:33:27Z,101549588,2538322468864,2364_GB,130,3,2,274686
2026-05-29T18:38:30Z,101634588,2541153443840,2367_GB,130,3,2,274989
2026-05-29T18:43:33Z,101809588,2544526671872,2370_GB,130,3,2,275292
2026-05-29T18:48:35Z,101919588,2547529867264,2373_GB,130,3,2,275595
2026-05-29T18:53:38Z,102139588,2551017185280,2376_GB,130,3,2,275898
2026-05-29T18:58:41Z,102299588,2554101956608,2379_GB,130,3,2,276201
2026-05-29T19:03:44Z,102469588,2557469130752,2382_GB,130,3,2,276504
2026-05-29T19:08:47Z,102623990,2560288825344,2384_GB,131,3,2,276807
2026-05-29T19:13:50Z,102793990,2563071959040,2387_GB,131,3,2,277110
2026-05-29T19:18:53Z,102923768,2565708701696,2390_GB,132,3,2,277413
2026-05-29T19:23:56Z,103108768,2568556052480,2392_GB,132,3,2,277716
2026-05-29T19:29:00Z,103313768,2571784519680,2395_GB,132,3,2,278019
2026-05-29T19:34:03Z,103468768,2574566383616,2398_GB,132,3,2,278322
2026-05-29T19:39:06Z,103638768,2577601527808,2401_GB,132,3,2,278625
2026-05-29T19:44:08Z,103738768,2579686146048,2403_GB,132,3,2,278928
2026-05-29T19:49:11Z,103863768,2581922856960,2405_GB,132,3,2,279230
2026-05-29T19:54:14Z,103968768,2584121524224,2407_GB,132,3,2,279533
2026-05-29T19:59:17Z,104143768,2586996531200,2409_GB,132,3,2,279836
2026-05-29T20:04:20Z,104303768,2590304313344,2412_GB,132,3,2,280139
2026-05-29T20:09:23Z,104458768,2593719099392,2416_GB,132,3,2,280442
2026-05-29T20:14:26Z,104663768,2597094563840,2419_GB,132,3,2,280745
2026-05-29T20:19:29Z,104812170,2600206475264,2422_GB,133,3,2,281048
2026-05-29T20:24:31Z,104937298,2603192877056,2424_GB,134,3,2,281351
2026-05-29T20:29:34Z,105142298,2606756896768,2428_GB,134,3,2,281654
2026-05-29T20:34:38Z,105307298,2609502920704,2430_GB,134,3,2,281957
2026-05-29T20:39:41Z,105477298,2612500299776,2433_GB,134,3,2,282260
2026-05-29T20:44:44Z,105682298,2615734009856,2436_GB,134,3,2,282563
2026-05-29T20:49:47Z,105867298,2619114479616,2439_GB,134,3,2,282867
2026-05-29T20:54:50Z,106017298,2621903101952,2442_GB,134,3,2,283170
2026-05-29T20:59:53Z,106187298,2624981139456,2445_GB,134,3,2,283472
2026-05-29T21:04:56Z,106337298,2628098433024,2448_GB,134,3,2,283775
2026-05-29T21:09:59Z,106542298,2631257546752,2451_GB,134,3,2,284078
2026-05-29T21:15:02Z,106727298,2634715185152,2454_GB,134,3,2,284381
2026-05-29T21:20:05Z,106893460,2637826613248,2457_GB,135,3,2,284684
2026-05-29T21:25:08Z,107089595,2641159249920,2460_GB,136,3,2,284987
2026-05-29T21:30:11Z,107324595,2644631461888,2463_GB,136,3,2,285290
2026-05-29T21:35:14Z,107529595,2647810654208,2466_GB,136,3,2,285593
2026-05-29T21:40:17Z,107764595,2651530559488,2469_GB,136,3,2,285896
2026-05-29T21:45:20Z,107914595,2654466220032,2472_GB,136,3,2,286203
2026-05-29T21:50:27Z,107994595,2656801873920,2474_GB,136,3,2,286507
2026-05-29T21:55:30Z,108099595,2659443359744,2477_GB,136,3,2,286809
2026-05-29T22:00:33Z,108264595,2662344581120,2480_GB,136,3,2,287113
2026-05-29T22:05:36Z,108444595,2665299132416,2482_GB,136,3,2,287416
2026-05-29T22:10:39Z,108639595,2668339920896,2485_GB,136,3,2,287719
2026-05-29T22:15:43Z,108834595,2671492964352,2488_GB,136,3,2,288022
2026-05-29T22:20:46Z,109006341,2674362925056,2491_GB,137,3,2,288325
2026-05-29T22:25:49Z,109161341,2677811847168,2494_GB,137,3,2,288628
2026-05-29T22:30:52Z,109346104,2681126838272,2497_GB,138,3,2,288931
2026-05-29T22:35:55Z,109546104,2684614402048,2500_GB,138,3,2,289234
2026-05-29T22:40:58Z,109726104,2688059416576,2503_GB,138,3,2,289537
2026-05-29T22:46:01Z,109951104,2691649724416,2507_GB,138,3,2,289841
2026-05-29T22:51:04Z,110166104,2694884573184,2510_GB,138,3,2,290144
2026-05-29T22:56:07Z,110356104,2698238369792,2513_GB,138,3,2,290447
2026-05-29T23:01:10Z,110556104,2701442736128,2516_GB,138,3,2,290753
2026-05-29T23:06:17Z,110726104,2704476618752,2519_GB,138,3,2,291056
2026-05-29T23:11:20Z,110916104,2707552436224,2522_GB,138,3,2,291360
2026-05-29T23:16:23Z,111086104,2710610141184,2524_GB,138,3,2,291663
2026-05-29T23:21:27Z,111277464,2713851445248,2527_GB,139,3,2,291966
2026-05-29T23:26:30Z,111492464,2717096280064,2530_GB,139,3,2,292270
2026-05-29T23:31:33Z,111688433,2720164913152,2533_GB,140,3,2,292573
2026-05-29T23:36:36Z,111888433,2723511083008,2536_GB,140,3,2,292876
2026-05-29T23:41:39Z,112043433,2726741262336,2539_GB,140,3,2,293179
2026-05-29T23:46:42Z,112238433,2730202087424,2543_GB,140,3,2,293482
2026-05-29T23:51:45Z,112448433,2733734985728,2546_GB,140,3,2,293785
2026-05-29T23:56:49Z,112653433,2737136312320,2549_GB,140,3,2,294088
2026-05-30T00:01:52Z,112813433,2740028628992,2552_GB,140,3,2,294391
2026-05-30T00:06:55Z,112893433,2742530424832,2554_GB,140,3,2,294694
2026-05-30T00:11:58Z,113068433,2745917636608,2557_GB,140,3,2,294997
2026-05-30T00:17:01Z,113188433,2748693381120,2560_GB,140,3,2,295300
2026-05-30T00:22:04Z,113308433,2751366316032,2562_GB,140,3,2,295607
2026-05-30T00:27:10Z,113487914,2754104565760,2565_GB,142,3,2,295910
2026-05-30T00:32:14Z,113617389,2756460879872,2567_GB,142,3,2,296213
2026-05-30T00:37:17Z,113747389,2759207485440,2570_GB,142,3,2,296517
2026-05-30T00:42:20Z,113872389,2761943547904,2572_GB,142,3,2,296820
2026-05-30T00:47:23Z,114007389,2764732268544,2575_GB,142,3,2,297123
2026-05-30T00:52:27Z,114142389,2767406850048,2577_GB,142,3,2,297426
2026-05-30T00:57:30Z,114317389,2770169937920,2580_GB,142,3,2,297730
2026-05-30T01:02:33Z,114492389,2773388468224,2583_GB,142,3,2,298033
2026-05-30T01:07:36Z,114687389,2776970117120,2586_GB,142,3,2,298336
2026-05-30T01:12:39Z,114887389,2780152676352,2589_GB,142,3,2,298639
2026-05-30T01:17:43Z,115052389,2783315976192,2592_GB,142,3,2,298942
2026-05-30T01:22:46Z,115197389,2786251448320,2595_GB,142,3,2,299246
2026-05-30T01:27:49Z,115337389,2789329911808,2598_GB,142,3,2,299549
2026-05-30T01:32:52Z,115563516,2792747073536,2601_GB,144,3,2,299852
2026-05-30T01:37:56Z,115763516,2795806228480,2604_GB,144,3,2,300155
2026-05-30T01:42:59Z,116028516,2799217106944,2607_GB,144,3,2,300465
2026-05-30T01:48:09Z,116203516,2802130337792,2610_GB,144,3,2,300768
2026-05-30T01:53:12Z,116423516,2805165121536,2613_GB,144,3,2,301072
2026-05-30T01:58:16Z,116618516,2808200585216,2615_GB,144,3,2,301375
2026-05-30T02:03:19Z,116803516,2811307057152,2618_GB,144,3,2,301679
2026-05-30T02:08:22Z,116933516,2814014996480,2621_GB,144,3,2,301982
2026-05-30T02:13:26Z,117023516,2816284295168,2623_GB,144,3,2,302286
2026-05-30T02:18:29Z,117098516,2818415960064,2625_GB,144,3,2,302589
2026-05-30T02:23:32Z,117273516,2821847408640,2628_GB,144,3,2,302892
2026-05-30T02:28:36Z,117468516,2825220366336,2631_GB,144,3,2,303195
2026-05-30T02:33:39Z,117644488,2828586885120,2634_GB,146,3,2,303499
2026-05-30T02:38:42Z,117829488,2831976210432,2637_GB,146,3,2,303802
2026-05-30T02:43:46Z,118049488,2835545546752,2641_GB,146,3,2,304105
2026-05-30T02:48:49Z,118239488,2838890381312,2644_GB,146,3,2,304408
2026-05-30T02:53:52Z,118394488,2841970507776,2647_GB,146,3,2,304712
2026-05-30T02:58:55Z,118574488,2845224075264,2650_GB,146,3,2,305024
2026-05-30T03:04:07Z,118689488,2847811682304,2652_GB,146,3,2,305327
2026-05-30T03:09:10Z,118874488,2850837438464,2655_GB,146,3,2,305631
2026-05-30T03:14:14Z,119049488,2853949349888,2658_GB,146,3,2,305934
2026-05-30T03:19:18Z,119199488,2856872632320,2661_GB,146,3,2,306237
2026-05-30T03:24:21Z,119354488,2860175859712,2664_GB,146,3,2,306541
2026-05-30T03:29:24Z,119524488,2862954668032,2666_GB,146,3,2,306844
2026-05-30T03:34:28Z,119611415,2865395867648,2669_GB,147,3,2,307147
2026-05-30T03:39:31Z,119828134,2868783546368,2672_GB,148,3,2,307451
2026-05-30T03:44:34Z,120058134,2872338735104,2675_GB,148,3,2,307754
2026-05-30T03:49:38Z,120188134,2874928603136,2677_GB,148,3,2,308057
2026-05-30T03:54:41Z,120368134,2878373699584,2681_GB,148,3,2,308361
2026-05-30T03:59:44Z,120573134,2881773658112,2684_GB,148,3,2,308664
2026-05-30T04:04:48Z,120788134,2885319458816,2687_GB,148,3,2,308967
2026-05-30T04:09:51Z,120998134,2888939225088,2691_GB,148,3,2,309271
2026-05-30T04:14:54Z,121233134,2892477685760,2694_GB,148,3,2,309574
2026-05-30T04:19:58Z,121343134,2894910513152,2696_GB,148,3,2,309877
2026-05-30T04:25:01Z,121468134,2897601658880,2699_GB,148,3,2,310181
2026-05-30T04:30:04Z,121633134,2900579295232,2701_GB,148,3,2,310484
2026-05-30T04:35:08Z,121768134,2903290478592,2704_GB,148,3,2,310788
2026-05-30T04:40:11Z,121907374,2906038845440,2706_GB,149,3,2,311091
2026-05-30T04:45:15Z,121992374,2908270993408,2709_GB,149,3,2,311395
2026-05-30T04:50:18Z,122092374,2910226800640,2710_GB,149,3,2,311698
2026-05-30T04:55:22Z,122187374,2912469966848,2712_GB,149,3,2,312001
2026-05-30T05:00:25Z,122302374,2915110682624,2715_GB,149,3,2,312304
2026-05-30T05:05:28Z,122427374,2917720334336,2717_GB,149,3,2,312608
2026-05-30T05:10:31Z,122649523,2921334546432,2721_GB,150,3,2,312911
2026-05-30T05:15:34Z,122764523,2924259811328,2723_GB,150,3,2,313214
2026-05-30T05:20:38Z,122989523,2927861907456,2727_GB,150,3,2,313517
2026-05-30T05:25:41Z,123189523,2931394543616,2730_GB,150,3,2,313821
2026-05-30T05:30:44Z,123399523,2935223074816,2734_GB,150,3,2,314124
2026-05-30T05:35:48Z,123580134,2938525589504,2737_GB,151,3,2,314433
2026-05-30T05:40:56Z,123730134,2941184081920,2739_GB,151,3,2,314736
2026-05-30T05:46:00Z,123890134,2943965200384,2742_GB,151,3,2,315039
2026-05-30T05:51:03Z,124070134,2946941763584,2745_GB,151,3,2,315343
2026-05-30T05:56:06Z,124265134,2950171738112,2748_GB,151,3,2,315646
2026-05-30T06:01:10Z,124430134,2953020563456,2750_GB,151,3,2,315950
2026-05-30T06:06:14Z,124620134,2955936817152,2753_GB,151,3,2,316254
2026-05-30T06:11:17Z,124779851,2958812676096,2756_GB,152,3,2,316557
2026-05-30T06:16:21Z,124909851,2961735991296,2758_GB,152,3,2,316861
2026-05-30T06:21:24Z,125099851,2965225062400,2762_GB,152,3,2,317164
2026-05-30T06:26:28Z,125229851,2968028684288,2764_GB,152,3,2,317467
2026-05-30T06:31:31Z,125439851,2971612741632,2768_GB,152,3,2,317771
2026-05-30T06:36:34Z,125625175,2974993326080,2771_GB,153,3,2,318074
2026-05-30T06:41:38Z,125765175,2977854267392,2773_GB,153,3,2,318378
2026-05-30T06:46:41Z,125810175,2979652894720,2775_GB,153,3,2,318681
2026-05-30T06:51:44Z,125975175,2983221616640,2778_GB,153,3,2,318985
2026-05-30T06:56:48Z,126105175,2986268573696,2781_GB,153,3,2,319297
2026-05-30T07:02:01Z,126200175,2988769214464,2784_GB,153,3,2,319601
2026-05-30T07:07:04Z,126355175,2991576506368,2786_GB,153,3,2,319904
2026-05-30T07:12:08Z,126475175,2994229420032,2789_GB,153,3,2,320208
2026-05-30T07:17:11Z,126560175,2996817829888,2791_GB,153,3,2,320511
2026-05-30T07:22:15Z,126693075,2999527833600,2794_GB,154,3,2,320815
2026-05-30T07:27:18Z,126783075,3001931563008,2796_GB,154,3,2,321118
2026-05-30T07:32:22Z,126953075,3004868231168,2799_GB,154,3,2,321422
2026-05-30T07:37:25Z,127133075,3008070426624,2801_GB,154,3,2,321725
2026-05-30T07:42:29Z,127300707,3011160719360,2804_GB,155,3,2,322028
2026-05-30T07:47:32Z,127490707,3014707806208,2808_GB,155,3,2,322332
2026-05-30T07:52:35Z,127655707,3018050478080,2811_GB,155,3,2,322635
2026-05-30T07:57:39Z,127880707,3021332553728,2814_GB,155,3,2,322939
2026-05-30T08:02:42Z,128065707,3024905150464,2817_GB,155,3,2,323242
2026-05-30T08:07:46Z,128285707,3028272250880,2820_GB,155,3,2,323546
2026-05-30T08:12:49Z,128470707,3031784816640,2824_GB,155,3,2,323849
2026-05-30T08:17:53Z,128665118,3034845298688,2826_GB,156,3,2,324153
2026-05-30T08:22:56Z,128830118,3037636689920,2829_GB,156,3,2,324457
2026-05-30T08:28:01Z,129040118,3040872833024,2832_GB,156,3,2,324761
2026-05-30T08:33:04Z,129230118,3043764772864,2835_GB,156,3,2,325065
2026-05-30T08:38:08Z,129405118,3046831284224,2838_GB,156,3,2,325368
2026-05-30T08:43:12Z,129595270,3049970909184,2841_GB,157,3,2,325672
2026-05-30T08:48:15Z,129770270,3053114376192,2843_GB,157,3,2,325976
2026-05-30T08:53:19Z,129970270,3056498434048,2847_GB,157,3,2,326279
2026-05-30T08:58:22Z,130165270,3060007354368,2850_GB,157,3,2,326582
2026-05-30T09:03:26Z,130380270,3063415783424,2853_GB,157,3,2,326886
2026-05-30T09:08:30Z,130610270,3066879807488,2856_GB,157,3,2,327190
2026-05-30T09:13:33Z,130860270,3070578253824,2860_GB,157,3,2,327493
2026-05-30T09:18:37Z,131000270,3073277157376,2862_GB,157,3,2,327797
2026-05-30T09:23:40Z,131050270,3074962743296,2864_GB,157,3,2,328100
2026-05-30T09:28:44Z,131170270,3077361852416,2866_GB,157,3,2,328404
2026-05-30T09:33:47Z,131300811,3080179490816,2869_GB,158,3,2,328707
2026-05-30T09:38:51Z,131490811,3083313938432,2872_GB,158,3,2,329011
2026-05-30T09:43:54Z,131690361,3086390517760,2874_GB,159,3,2,329314
2026-05-30T09:48:58Z,131885361,3089310695424,2877_GB,159,3,2,329618
2026-05-30T09:54:02Z,132130361,3092372115456,2880_GB,159,3,2,329922
2026-05-30T09:59:06Z,132320361,3095276453888,2883_GB,159,3,2,330226
2026-05-30T10:04:10Z,132390361,3097029492736,2884_GB,159,3,2,330530
2026-05-30T10:09:13Z,132515361,3099614887936,2887_GB,159,3,2,330834
2026-05-30T10:14:17Z,132725361,3102999003136,2890_GB,159,3,2,331137
2026-05-30T10:19:21Z,132960361,3106445156352,2893_GB,159,3,2,331440
2026-05-30T10:24:24Z,133200361,3109963857920,2896_GB,159,3,2,331744
2026-05-30T10:29:28Z,133365361,3112781594624,2899_GB,159,3,2,332048
2026-05-30T10:34:31Z,133515361,3115947925504,2902_GB,159,3,2,332351
2026-05-30T10:39:35Z,133733325,3119256653824,2905_GB,161,3,2,332655
2026-05-30T10:44:39Z,133973325,3122895945728,2908_GB,161,3,2,332959
2026-05-30T10:49:42Z,134213325,3126080471040,2911_GB,161,3,2,333262
2026-05-30T10:54:46Z,134263325,3127754055680,2913_GB,161,3,2,333566
2026-05-30T10:59:50Z,134343325,3130212843520,2915_GB,161,3,2,333870
2026-05-30T11:04:53Z,134498325,3132650864640,2918_GB,161,3,2,334174
2026-05-30T11:09:57Z,134673325,3135302983680,2920_GB,161,3,2,334478
2026-05-30T11:15:01Z,134843325,3138165874688,2923_GB,161,3,2,334782
2026-05-30T11:20:05Z,135018325,3140986101760,2925_GB,161,3,2,335085
2026-05-30T11:25:09Z,135143325,3143551795200,2928_GB,161,3,2,335389
2026-05-30T11:30:12Z,135268325,3146084007936,2930_GB,161,3,2,335693
2026-05-30T11:35:16Z,135458325,3149257449472,2933_GB,161,3,2,335996
2026-05-30T11:40:20Z,135698325,3152803905536,2936_GB,161,3,2,336300
2026-05-30T11:45:24Z,135836539,3155551076352,2939_GB,162,3,2,336604
2026-05-30T11:50:27Z,135991539,3158387605504,2941_GB,162,3,2,336907
2026-05-30T11:55:31Z,136133557,3161189007360,2944_GB,163,3,2,337211
2026-05-30T12:00:35Z,136278557,3164395249664,2947_GB,163,3,2,337514
2026-05-30T12:05:38Z,136463557,3167694372864,2950_GB,163,3,2,337818
2026-05-30T12:10:42Z,136653557,3170898419712,2953_GB,163,3,2,338122
2026-05-30T12:15:45Z,136843557,3174365528064,2956_GB,163,3,2,338426
2026-05-30T12:20:49Z,137083557,3177502883840,2959_GB,163,3,2,338729
2026-05-30T12:25:53Z,137313557,3180458475520,2962_GB,163,3,2,339033
2026-05-30T12:30:57Z,137613557,3183310323712,2965_GB,163,3,2,339337
2026-05-30T12:36:01Z,137928557,3186207064064,2967_GB,163,3,2,339641
2026-05-30T12:41:05Z,138023557,3188629069824,2970_GB,163,3,2,339945
2026-05-30T12:46:09Z,138183693,3191730528256,2973_GB,164,3,2,340249
2026-05-30T12:51:12Z,138338693,3194650607616,2975_GB,164,3,2,340552
2026-05-30T12:56:16Z,138593561,3198288199680,2979_GB,165,3,2,340856
2026-05-30T13:01:20Z,138773561,3201733328896,2982_GB,165,3,2,341160
2026-05-30T13:06:23Z,138968561,3205198888960,2985_GB,165,3,2,341463
2026-05-30T13:11:27Z,139153561,3208629002240,2988_GB,165,3,2,341767
2026-05-30T13:16:31Z,139238561,3211191328768,2991_GB,165,3,2,342070
2026-05-30T13:21:34Z,139348561,3213515808768,2993_GB,165,3,2,342374
2026-05-30T13:26:38Z,139533561,3216773455872,2996_GB,165,3,2,342678
2026-05-30T13:31:41Z,139723561,3220326940672,2999_GB,165,3,2,342982
2026-05-30T13:36:45Z,139893561,3223308795904,3002_GB,165,3,2,343292
2026-05-30T13:41:55Z,140053561,3226047119360,3004_GB,165,3,2,343596
2026-05-30T13:46:59Z,140158561,3228185632768,3006_GB,165,3,2,343900
2026-05-30T13:52:04Z,140233561,3230664138752,3009_GB,165,3,1,344204
2026-05-30T13:57:07Z,140427645,3233898160128,3012_GB,167,3,2,344508
2026-05-30T14:02:12Z,140577645,3236773601280,3014_GB,167,3,2,344812
2026-05-30T14:07:15Z,140727645,3239365582848,3017_GB,167,3,2,345116
2026-05-30T14:12:19Z,140932645,3242575101952,3020_GB,167,3,2,345420
2026-05-30T14:17:23Z,141137645,3246117781504,3023_GB,167,3,2,345723
2026-05-30T14:22:27Z,141322645,3249125097472,3026_GB,167,3,2,346027
2026-05-30T14:27:31Z,141482645,3252134051840,3029_GB,167,3,2,346331
2026-05-30T14:32:35Z,141697645,3255612653568,3032_GB,167,3,2,346635
2026-05-30T14:37:39Z,141937645,3259191771136,3035_GB,167,3,2,346939
2026-05-30T14:42:42Z,142112645,3262292484096,3038_GB,167,3,2,347243
2026-05-30T14:47:46Z,142292645,3265462378496,3041_GB,167,3,2,347546
2026-05-30T14:52:50Z,142397645,3267585900544,3043_GB,167,3,2,347850
2026-05-30T14:57:54Z,142549206,3270462152704,3046_GB,169,3,2,348164
2026-05-30T15:03:08Z,142709206,3272893243392,3048_GB,169,3,2,348468
2026-05-30T15:08:12Z,142864206,3275728519168,3051_GB,169,3,2,348773
2026-05-30T15:13:16Z,143074206,3278734180352,3054_GB,169,3,2,349077
2026-05-30T15:18:20Z,143284206,3282106507264,3057_GB,169,3,2,349381
2026-05-30T15:23:25Z,143519206,3285174181888,3060_GB,169,3,2,349685
2026-05-30T15:28:29Z,143754206,3288595546112,3063_GB,169,3,2,349989
2026-05-30T15:33:33Z,143864206,3290862780416,3065_GB,169,3,2,350293
2026-05-30T15:38:37Z,144044206,3293987020800,3068_GB,169,3,2,350597
2026-05-30T15:43:41Z,144199206,3296795418624,3070_GB,169,3,2,350901
2026-05-30T15:48:44Z,144409206,3300251279360,3074_GB,169,3,2,351205
2026-05-30T15:53:48Z,144654206,3303960510464,3077_GB,169,3,2,351509
2026-05-30T15:58:52Z,144834206,3306967736320,3080_GB,169,3,1,351813
2026-05-30T16:03:56Z,144989954,3310111866880,3083_GB,171,3,2,352116
2026-05-30T16:09:00Z,145274954,3313588125696,3086_GB,171,3,2,352421
2026-05-30T16:14:04Z,145464954,3316953325568,3089_GB,171,3,2,352724
2026-05-30T16:19:08Z,145634954,3319712055296,3092_GB,171,3,2,353029
2026-05-30T16:24:12Z,145819954,3322462961664,3094_GB,171,3,2,353333
2026-05-30T16:29:17Z,146039954,3325508984832,3097_GB,171,3,2,353638
2026-05-30T16:34:21Z,146114954,3327492497408,3099_GB,171,3,2,353942
2026-05-30T16:39:25Z,146344954,3330708299776,3102_GB,171,3,2,354246
2026-05-30T16:44:30Z,146639954,3333476532224,3105_GB,171,3,2,354550
2026-05-30T16:49:34Z,146814954,3335778959360,3107_GB,171,3,2,354854
2026-05-30T16:54:38Z,146979954,3338593804288,3109_GB,171,3,2,355158
2026-05-30T16:59:42Z,147184954,3341888200704,3112_GB,171,3,2,355462
2026-05-30T17:04:46Z,147394954,3345294114816,3116_GB,171,3,1,355766
2026-05-30T17:09:50Z,147583286,3348577607680,3119_GB,173,3,2,356070
2026-05-30T17:14:54Z,147718286,3351212187648,3121_GB,173,3,2,356374
2026-05-30T17:19:58Z,147903286,3354580377600,3124_GB,173,3,2,356678
2026-05-30T17:25:02Z,148108286,3357800349696,3127_GB,173,3,2,356982
2026-05-30T17:30:06Z,148228286,3360706887680,3130_GB,173,3,2,357286
2026-05-30T17:35:09Z,148438286,3363899015168,3133_GB,173,3,2,357590
2026-05-30T17:40:13Z,148578286,3366548602880,3135_GB,173,3,2,357894
2026-05-30T17:45:17Z,148668286,3368296693760,3137_GB,173,3,2,358198
2026-05-30T17:50:22Z,148788286,3371030274048,3140_GB,173,3,2,358502
2026-05-30T17:55:26Z,148878286,3373375422464,3142_GB,173,3,2,358806
2026-05-30T18:00:30Z,149078286,3376356237312,3144_GB,173,3,2,359110
2026-05-30T18:05:34Z,149283286,3379474391040,3147_GB,173,3,2,359415
2026-05-30T18:10:38Z,149479785,3382632439808,3150_GB,174,3,2,359719
2026-05-30T18:15:42Z,149644023,3385186418688,3153_GB,175,3,2,360023
2026-05-30T18:20:47Z,149769023,3388000657408,3155_GB,175,3,2,360327
2026-05-30T18:25:50Z,149974023,3391234973696,3158_GB,175,3,2,360631
2026-05-30T18:30:54Z,150189023,3394542010368,3161_GB,175,3,2,360935
2026-05-30T18:35:58Z,150439023,3398231220224,3165_GB,175,3,2,361239
2026-05-30T18:41:02Z,150639023,3401343131648,3168_GB,175,3,2,361543
2026-05-30T18:46:06Z,150804023,3404601253888,3171_GB,175,3,2,361847
2026-05-30T18:51:10Z,150979023,3407496527872,3173_GB,175,3,2,362151
2026-05-30T18:56:14Z,151049023,3409874124800,3176_GB,175,3,2,362455
2026-05-30T19:01:18Z,151219023,3413035606016,3179_GB,175,3,2,362759
2026-05-30T19:06:22Z,151359023,3415941898240,3181_GB,175,3,2,363063
2026-05-30T19:11:27Z,151489229,3418309836800,3184_GB,176,3,2,363367
2026-05-30T19:16:31Z,151691368,3421491134464,3187_GB,177,3,2,363671
2026-05-30T19:21:35Z,151906368,3424683384832,3189_GB,177,3,2,363975
2026-05-30T19:26:39Z,152026368,3427424174080,3192_GB,177,3,2,364280
2026-05-30T19:31:43Z,152246368,3430774038528,3195_GB,177,3,2,364584
2026-05-30T19:36:48Z,152486368,3434001481728,3198_GB,177,3,2,364888
2026-05-30T19:41:52Z,152651368,3437125681152,3201_GB,177,3,2,365192
2026-05-30T19:46:56Z,152801368,3439971287040,3204_GB,177,3,2,365496
2026-05-30T19:52:00Z,153031368,3443239772160,3207_GB,177,3,2,365800
2026-05-30T19:57:04Z,153241368,3446545326080,3210_GB,177,3,2,366104
2026-05-30T20:02:08Z,153476368,3449960505344,3213_GB,177,3,2,366408
2026-05-30T20:07:12Z,153591368,3452792438784,3216_GB,177,3,2,366712
2026-05-30T20:12:16Z,153661368,3454980759552,3218_GB,177,3,2,367016
2026-05-30T20:17:20Z,153801368,3457734000640,3220_GB,177,3,1,367320
2026-05-30T20:22:24Z,153940020,3460601528320,3223_GB,179,3,2,367624
2026-05-30T20:27:28Z,154020020,3463161249792,3225_GB,179,3,2,367930
2026-05-30T20:32:34Z,154065020,3465128411136,3227_GB,179,3,2,368234
2026-05-30T20:37:38Z,154210020,3467930640384,3230_GB,179,3,2,368539
2026-05-30T20:42:42Z,154405020,3470833082368,3232_GB,179,3,2,368843
2026-05-30T20:47:47Z,154645020,3473957060608,3235_GB,179,3,2,369147
2026-05-30T20:52:51Z,154845020,3477015232512,3238_GB,179,3,2,369452
2026-05-30T20:57:56Z,155085020,3480296865792,3241_GB,179,3,2,369756
2026-05-30T21:03:00Z,155285020,3483343462400,3244_GB,179,3,2,370061
2026-05-30T21:08:04Z,155500020,3486645207040,3247_GB,179,3,2,370365
2026-05-30T21:13:09Z,155710020,3489853415424,3250_GB,179,3,2,370669
2026-05-30T21:18:13Z,155865020,3492850384896,3253_GB,179,3,2,370973
2026-05-30T21:23:17Z,156003048,3495693156352,3256_GB,180,3,2,371277
2026-05-30T21:28:21Z,156200126,3499187593216,3259_GB,181,3,2,371581
2026-05-30T21:33:25Z,156405126,3502351933440,3262_GB,181,3,2,371885
2026-05-30T21:38:29Z,156655126,3505788362752,3265_GB,181,3,2,372190
2026-05-30T21:43:33Z,156950126,3509421481984,3268_GB,181,3,2,372494
2026-05-30T21:48:37Z,157170126,3512506286080,3271_GB,181,3,2,372799
2026-05-30T21:53:43Z,157355126,3515534090240,3274_GB,181,3,2,373104
2026-05-30T21:58:47Z,157500126,3518292918272,3277_GB,181,3,2,373408
2026-05-30T22:03:52Z,157600126,3520780271616,3279_GB,181,3,2,373713
2026-05-30T22:08:56Z,157680126,3522986590208,3281_GB,181,3,2,374018
2026-05-30T22:14:01Z,157775126,3525571944448,3283_GB,181,3,2,374322
2026-05-30T22:19:06Z,157970126,3528721932288,3286_GB,181,3,2,374627
2026-05-30T22:24:10Z,158165126,3531725176832,3289_GB,181,3,2,374931
2026-05-30T22:29:15Z,158399022,3535153512448,3292_GB,183,3,2,375236
2026-05-30T22:34:19Z,158649022,3538785738752,3296_GB,183,3,2,375540
2026-05-30T22:39:23Z,158839022,3542034440192,3299_GB,183,3,2,375844
2026-05-30T22:44:27Z,159014022,3544955756544,3301_GB,183,3,2,376148
2026-05-30T22:49:32Z,159239022,3548417089536,3305_GB,183,3,2,376453
2026-05-30T22:54:36Z,159454022,3551684567040,3308_GB,183,3,2,376757
2026-05-30T22:59:41Z,159724022,3555222134784,3311_GB,183,3,2,377061
2026-05-30T23:04:45Z,159984022,3558948773888,3315_GB,183,3,2,377378
2026-05-30T23:10:02Z,160144022,3561461923840,3317_GB,183,3,2,377682
2026-05-30T23:15:06Z,160374022,3564392742912,3320_GB,183,3,2,377987
2026-05-30T23:20:10Z,160584022,3567612862464,3323_GB,183,3,2,378292
2026-05-30T23:25:15Z,160830710,3570494636032,3325_GB,184,3,2,378596
2026-05-30T23:30:20Z,161038973,3573681061888,3328_GB,185,3,2,378901
2026-05-30T23:35:25Z,161228973,3576631435264,3331_GB,185,3,2,379205
2026-05-30T23:40:29Z,161513973,3579481137152,3334_GB,185,3,2,379510
2026-05-30T23:45:34Z,161748973,3582940880896,3337_GB,185,3,2,379815
2026-05-30T23:50:38Z,162008973,3586565423104,3340_GB,185,3,2,380119
2026-05-30T23:55:43Z,162233973,3590319980544,3344_GB,185,3,2,380424
2026-05-31T00:00:47Z,162468973,3593462194176,3347_GB,185,3,2,380728
2026-05-31T00:05:52Z,162678973,3596801777664,3350_GB,185,3,2,381033
2026-05-31T00:10:56Z,162838973,3599585411072,3352_GB,185,3,2,381337
2026-05-31T00:16:00Z,163083973,3603106193408,3356_GB,185,3,2,381641
2026-05-31T00:21:05Z,163293973,3606382190592,3359_GB,185,3,2,381946
2026-05-31T00:26:09Z,163498053,3609353691136,3361_GB,186,3,2,382250
2026-05-31T00:31:14Z,163702027,3612464578560,3364_GB,187,3,2,382555
2026-05-31T00:36:19Z,163822027,3614247510016,3366_GB,187,3,2,382860
2026-05-31T00:41:23Z,163972027,3617112604672,3369_GB,187,3,2,383164
2026-05-31T00:46:28Z,164157027,3619959701504,3371_GB,187,3,2,383469
2026-05-31T00:51:32Z,164387027,3623287169024,3374_GB,187,3,2,383774
2026-05-31T00:56:37Z,164617027,3626410524672,3377_GB,187,3,2,384078
2026-05-31T01:01:42Z,164837027,3629704118272,3380_GB,187,3,2,384383
2026-05-31T01:06:46Z,165132027,3633543438336,3384_GB,187,3,2,384687
2026-05-31T01:11:51Z,165412027,3637265244160,3387_GB,187,3,2,384992
2026-05-31T01:16:56Z,165627027,3640849276928,3391_GB,187,3,2,385297
2026-05-31T01:22:00Z,165939449,3644450603008,3394_GB,188,3,2,385601
2026-05-31T01:27:05Z,166189449,3648150454272,3398_GB,188,3,2,385906
2026-05-31T01:32:10Z,166442093,3651535790080,3401_GB,189,3,2,386210
2026-05-31T01:37:14Z,166672093,3655030464512,3404_GB,189,3,2,386515
2026-05-31T01:42:18Z,166857093,3657919881216,3407_GB,189,3,2,386820
2026-05-31T01:47:23Z,167037093,3660988866560,3410_GB,189,3,2,387124
2026-05-31T01:52:28Z,167302093,3664412172288,3413_GB,189,3,2,387429
2026-05-31T01:57:33Z,167497093,3667534381056,3416_GB,189,3,2,387734
2026-05-31T02:02:38Z,167742093,3670465880064,3418_GB,189,3,2,388039
2026-05-31T02:07:43Z,167947093,3673528393728,3421_GB,189,3,2,388344
2026-05-31T02:12:48Z,168077093,3676104744960,3424_GB,189,3,2,388649
2026-05-31T02:17:53Z,168317093,3679461310464,3427_GB,189,3,2,388954
2026-05-31T02:22:57Z,168612650,3683149193216,3430_GB,190,3,2,389258
2026-05-31T02:28:02Z,168797650,3686294511616,3433_GB,190,3,2,389563
2026-05-31T02:33:06Z,168927650,3688569110528,3435_GB,190,3,2,389867
2026-05-31T02:38:11Z,169062650,3691280883712,3438_GB,190,3,1,390171
2026-05-31T02:43:15Z,169281091,3694597398528,3441_GB,191,3,2,390476
2026-05-31T02:48:20Z,169561091,3698224553984,3444_GB,191,3,2,390781
2026-05-31T02:53:24Z,169791091,3701319401472,3447_GB,191,3,2,391085
2026-05-31T02:58:28Z,170031091,3704760950784,3450_GB,191,3,2,391390
2026-05-31T03:03:33Z,170331091,3708291596288,3454_GB,191,3,2,391694
2026-05-31T03:08:38Z,170521091,3711157878784,3456_GB,191,3,2,391999
2026-05-31T03:13:43Z,170671091,3714077827072,3459_GB,191,3,2,392304
2026-05-31T03:18:48Z,170876091,3716922433536,3462_GB,191,3,2,392609
2026-05-31T03:23:53Z,171108238,3720202051584,3465_GB,192,3,2,392914
2026-05-31T03:28:57Z,171323461,3723018231808,3467_GB,193,3,2,393219
2026-05-31T03:34:02Z,171588461,3726268456960,3470_GB,193,3,2,393524
2026-05-31T03:39:07Z,171788461,3729247764480,3473_GB,193,3,1,393828
2026-05-31T03:44:12Z,172038406,3732919410688,3477_GB,194,3,2,394133
2026-05-31T03:49:17Z,172323406,3736529764352,3480_GB,194,3,2,394438
2026-05-31T03:54:22Z,172538406,3740045312000,3483_GB,194,3,2,394743
2026-05-31T03:59:26Z,172728406,3743392555008,3486_GB,194,3,2,395047
2026-05-31T04:04:31Z,172943406,3746701402112,3489_GB,194,3,2,395352
2026-05-31T04:09:36Z,173088406,3749569085440,3492_GB,194,3,2,395657
2026-05-31T04:14:40Z,173173406,3752077041664,3494_GB,194,3,2,395961
2026-05-31T04:19:45Z,173193406,3753745735680,3496_GB,194,3,2,396266
2026-05-31T04:24:50Z,173198406,3754500243456,3497_GB,194,3,2,396570
2026-05-31T04:29:54Z,173223406,3756532842496,3499_GB,194,3,2,396875
2026-05-31T04:34:59Z,173228406,3757682851840,3500_GB,194,3,2,397180
2026-05-31T04:40:04Z,173253406,3759574614016,3501_GB,194,3,2,397485
2026-05-31T04:45:08Z,173263406,3760883679232,3503_GB,194,3,2,397789
2026-05-31T04:50:13Z,173293406,3762885492736,3504_GB,194,3,2,398094
2026-05-31T04:55:17Z,173328406,3764765958144,3506_GB,194,3,2,398398
2026-05-31T05:00:22Z,173358406,3766709837824,3508_GB,194,3,2,398703
2026-05-31T05:05:27Z,173403406,3769185542144,3510_GB,194,3,2,399008
2026-05-31T05:10:31Z,173443406,3771431837696,3512_GB,194,3,2,399312
2026-05-31T05:15:36Z,173478406,3773318029312,3514_GB,194,3,2,399617
2026-05-31T05:20:40Z,173518406,3775038726144,3516_GB,194,3,2,399921
2026-05-31T05:25:45Z,173553406,3777116176384,3518_GB,194,3,2,400226
2026-05-31T05:30:50Z,173598406,3779239272448,3520_GB,194,3,2,400531
2026-05-31T05:35:54Z,173653406,3781642592256,3522_GB,194,3,2,400835
2026-05-31T05:40:59Z,173844504,3784937521152,3525_GB,195,3,2,401140
2026-05-31T05:46:03Z,173994504,3787923865600,3528_GB,195,3,2,401444
2026-05-31T05:51:08Z,174189504,3791513722880,3531_GB,195,3,2,401749
2026-05-31T05:56:13Z,174285156,3794076409856,3534_GB,196,3,2,402054
2026-05-31T06:01:17Z,174495156,3797314019328,3537_GB,196,3,2,402358
2026-05-31T06:06:22Z,174640156,3800451637248,3539_GB,196,3,2,402663
2026-05-31T06:11:27Z,174770156,3803186544640,3542_GB,196,3,2,402968
2026-05-31T06:16:31Z,174975156,3806113497088,3545_GB,196,3,2,403273
2026-05-31T06:21:36Z,175200156,3809100406784,3548_GB,196,3,2,403578
2026-05-31T06:26:41Z,175345156,3811763486720,3550_GB,196,3,2,403883
2026-05-31T06:31:46Z,175525156,3814781476864,3553_GB,196,3,2,404188
2026-05-31T06:36:51Z,175720156,3817480699904,3555_GB,196,3,2,404492
2026-05-31T06:41:56Z,175865684,3820281503744,3558_GB,197,3,2,404797
2026-05-31T06:47:01Z,176110684,3823947653120,3561_GB,197,3,2,405102
2026-05-31T06:52:06Z,176330684,3827108085760,3564_GB,197,3,2,405407
2026-05-31T06:57:10Z,176565684,3830619856896,3568_GB,197,3,1,405712
2026-05-31T07:02:15Z,176907354,3834381975552,3571_GB,198,3,2,406017
2026-05-31T07:07:20Z,177167354,3837830651904,3574_GB,198,3,2,406322
2026-05-31T07:12:25Z,177392354,3841019060224,3577_GB,198,3,2,406627
2026-05-31T07:17:30Z,177672354,3844555145216,3581_GB,198,3,2,406932
2026-05-31T07:22:35Z,177847354,3847767941120,3584_GB,198,3,2,407237
2026-05-31T07:27:40Z,178067354,3851111858176,3587_GB,198,3,2,407542
2026-05-31T07:32:45Z,178292354,3854109507584,3589_GB,198,3,2,407847
2026-05-31T07:37:51Z,178486677,3856944906240,3592_GB,199,3,2,408152
2026-05-31T07:42:56Z,178816677,3860113874944,3595_GB,199,3,2,408458
2026-05-31T07:48:02Z,179051677,3863273676800,3598_GB,199,3,2,408764
2026-05-31T07:53:07Z,179186677,3865761546240,3600_GB,199,3,2,409069
2026-05-31T07:58:12Z,179271677,3867662082048,3602_GB,199,3,2,409374
2026-05-31T08:03:18Z,179436677,3870345437184,3605_GB,199,3,2,409679
2026-05-31T08:08:22Z,179601677,3873407606784,3607_GB,199,3,2,409984
2026-05-31T08:13:27Z,179790170,3876480450560,3610_GB,200,3,2,410289
2026-05-31T08:18:33Z,180040170,3879756554240,3613_GB,200,3,2,410594
2026-05-31T08:23:38Z,180285170,3883021090816,3616_GB,200,3,2,410899
2026-05-31T08:28:43Z,180525170,3886259396608,3619_GB,200,3,2,411204
2026-05-31T08:33:48Z,180605170,3888314130432,3621_GB,200,3,2,411509
2026-05-31T08:38:52Z,180775435,3891362676736,3624_GB,201,3,2,411814
2026-05-31T08:43:57Z,180915435,3894554927104,3627_GB,201,3,2,412119
2026-05-31T08:49:02Z,181040435,3897359056896,3630_GB,201,3,2,412423
2026-05-31T08:54:07Z,181195435,3899847417856,3632_GB,201,3,2,412729
2026-05-31T08:59:13Z,181325435,3902536761344,3635_GB,201,3,2,413035
2026-05-31T09:04:18Z,181535435,3905431527424,3637_GB,201,3,2,413340
2026-05-31T09:09:23Z,181670435,3907616718848,3639_GB,201,3,2,413645
2026-05-31T09:14:29Z,181810435,3909490343936,3641_GB,201,3,2,413950
2026-05-31T09:19:34Z,181830435,3910613262336,3642_GB,201,3,2,414255
2026-05-31T09:24:39Z,181997840,3913751191552,3645_GB,202,3,2,414560
2026-05-31T09:29:43Z,182277840,3917213376512,3648_GB,202,3,2,414865
2026-05-31T09:34:49Z,182572840,3920836886528,3652_GB,202,3,2,415170
2026-05-31T09:39:54Z,182762840,3923957096448,3654_GB,202,3,2,415475
2026-05-31T09:44:59Z,182982840,3927124180992,3657_GB,202,3,2,415780
2026-05-31T09:50:04Z,183287091,3930844815360,3661_GB,203,3,2,416085
2026-05-31T09:55:09Z,183587091,3934519427072,3664_GB,203,3,2,416390
2026-05-31T10:00:14Z,183697091,3937118642176,3667_GB,203,3,2,416695
2026-05-31T10:05:19Z,183787091,3939224043520,3669_GB,203,3,2,417000
2026-05-31T10:10:24Z,183952091,3941888909312,3671_GB,203,3,2,417305
2026-05-31T10:15:28Z,184122091,3944669224960,3674_GB,203,3,2,417610
2026-05-31T10:20:33Z,184387467,3947916247040,3677_GB,204,3,2,417915
2026-05-31T10:25:39Z,184627467,3950942519296,3680_GB,204,3,2,418221
2026-05-31T10:30:44Z,184842467,3954052603904,3682_GB,204,3,2,418526
2026-05-31T10:35:49Z,184987467,3956970758144,3685_GB,204,3,2,418831
2026-05-31T10:40:55Z,185182467,3959789002752,3688_GB,204,3,2,419137
2026-05-31T10:46:00Z,185287467,3962138337280,3690_GB,204,3,2,419442
2026-05-31T10:51:05Z,185472467,3965346447360,3693_GB,204,3,2,419747
2026-05-31T10:56:10Z,185697467,3968385294336,3696_GB,204,3,2,420052
2026-05-31T11:01:16Z,185882344,3971609468928,3699_GB,205,3,2,420357
2026-05-31T11:06:21Z,186132344,3974992101376,3702_GB,205,3,2,420663
2026-05-31T11:11:26Z,186452344,3978567081984,3705_GB,205,3,2,420968
2026-05-31T11:16:31Z,186712344,3982088863744,3709_GB,205,3,2,421273
2026-05-31T11:21:36Z,186980232,3985645731840,3712_GB,206,3,2,421578
2026-05-31T11:26:41Z,187200232,3988861009920,3715_GB,206,3,2,421883
2026-05-31T11:31:47Z,187380232,3992106557440,3718_GB,206,3,2,422188
2026-05-31T11:36:52Z,187610232,3995713495040,3721_GB,206,3,2,422507
2026-05-31T11:42:11Z,187825232,3998707343360,3724_GB,206,3,2,422813
2026-05-31T11:47:17Z,188040232,4001443823616,3727_GB,206,3,2,423119
2026-05-31T11:52:22Z,188245232,4004549550080,3730_GB,206,3,2,423424
2026-05-31T11:57:28Z,188387792,4007296057344,3732_GB,207,3,2,423730
2026-05-31T12:02:33Z,188532792,4009832824832,3734_GB,207,3,2,424035
2026-05-31T12:07:39Z,188737792,4012751667200,3737_GB,207,3,2,424340
2026-05-31T12:12:44Z,188942792,4015640535040,3740_GB,207,3,2,424646
2026-05-31T12:17:49Z,189092792,4018564661248,3743_GB,207,3,2,424951
2026-05-31T12:22:54Z,189252792,4021743788032,3746_GB,207,3,2,425256
2026-05-31T12:28:00Z,189475453,4024806113280,3748_GB,208,3,2,425561
2026-05-31T12:33:05Z,189700453,4027988189184,3751_GB,208,3,2,425866
2026-05-31T12:38:10Z,189905453,4031111970816,3754_GB,208,3,2,426171
2026-05-31T12:43:15Z,190130453,4034167119872,3757_GB,208,3,2,426477
2026-05-31T12:48:21Z,190375453,4037730951168,3760_GB,208,3,2,426782
2026-05-31T12:53:26Z,190730453,4041430736896,3764_GB,208,3,1,427087
2026-05-31T12:58:31Z,190989717,4044678799360,3767_GB,209,3,2,427393
2026-05-31T13:03:36Z,191244717,4047700729856,3770_GB,209,3,2,427698
2026-05-31T13:08:42Z,191514717,4050837471232,3773_GB,209,3,2,428004
2026-05-31T13:13:48Z,191794717,4054017589248,3776_GB,209,3,2,428310
2026-05-31T13:18:54Z,192094717,4057236815872,3779_GB,209,3,2,428616
2026-05-31T13:24:00Z,192267791,4059723726848,3781_GB,210,3,2,428921
2026-05-31T13:29:05Z,192347791,4061857087488,3783_GB,210,3,2,429227
2026-05-31T13:34:10Z,192562791,4064724926464,3786_GB,210,3,2,429532
2026-05-31T13:39:16Z,192827791,4067991568384,3789_GB,210,3,2,429838
2026-05-31T13:44:21Z,193067791,4071331176448,3792_GB,210,3,2,430143
2026-05-31T13:49:27Z,193262791,4074593280000,3795_GB,210,3,2,430448
2026-05-31T13:54:32Z,193492791,4077425516544,3797_GB,210,3,2,430754
2026-05-31T13:59:37Z,193726267,4080535969792,3800_GB,211,3,2,431059
2026-05-31T14:04:43Z,194031267,4084390313984,3804_GB,211,3,2,431365
2026-05-31T14:09:48Z,194326267,4088015372288,3807_GB,211,3,2,431670
2026-05-31T14:14:54Z,194551267,4091454029824,3810_GB,211,3,2,431975
2026-05-31T14:19:59Z,194740041,4094719844352,3814_GB,212,3,2,432281
2026-05-31T14:25:04Z,194870041,4097044856832,3816_GB,212,3,2,432586
2026-05-31T14:30:10Z,195085041,4099945177088,3818_GB,212,3,2,432892
2026-05-31T14:35:15Z,195295041,4103022731264,3821_GB,212,3,2,433197
2026-05-31T14:40:21Z,195570041,4106200842240,3824_GB,212,3,2,433503
2026-05-31T14:45:27Z,195785041,4109176266752,3827_GB,212,3,2,433809
2026-05-31T14:50:33Z,196018931,4112162635776,3830_GB,213,3,2,434115
2026-05-31T14:55:39Z,196168931,4114783010816,3832_GB,213,3,2,434421
2026-05-31T15:00:44Z,196253931,4116960600064,3834_GB,213,3,2,434726
2026-05-31T15:05:50Z,196443931,4119761788928,3837_GB,213,3,2,435032
2026-05-31T15:10:55Z,196748931,4123374903296,3840_GB,213,3,2,435337
2026-05-31T15:16:00Z,196983931,4126716108800,3843_GB,213,3,2,435642
2026-05-31T15:21:06Z,197203931,4129961779200,3846_GB,213,3,2,435947
2026-05-31T15:26:11Z,197508931,4133586239488,3850_GB,213,3,2,436253
2026-05-31T15:31:17Z,197837583,4137123307520,3853_GB,214,3,2,436558
2026-05-31T15:36:22Z,198052583,4140371681280,3856_GB,214,3,2,436864
2026-05-31T15:41:27Z,198292583,4143753814016,3859_GB,214,3,2,437169
2026-05-31T15:46:33Z,198557583,4146907234304,3862_GB,214,3,1,437475
2026-05-31T15:51:39Z,198730499,4149776572416,3865_GB,215,3,2,437781
2026-05-31T15:56:44Z,198930499,4152524300288,3867_GB,215,3,2,438087
2026-05-31T16:01:50Z,199115499,4155568291840,3870_GB,215,3,2,438393
2026-05-31T16:06:56Z,199400499,4158870159360,3873_GB,215,3,2,438699
2026-05-31T16:12:02Z,199685499,4162182569984,3876_GB,215,3,2,439005
2026-05-31T16:17:08Z,199885499,4165224972288,3879_GB,215,3,2,439310
2026-05-31T16:22:14Z,200180499,4168867061760,3883_GB,215,3,2,439616
2026-05-31T16:27:20Z,200460499,4172443516928,3886_GB,215,3,2,439922
2026-05-31T16:32:25Z,200639035,4175719211008,3889_GB,216,3,2,440227
2026-05-31T16:37:31Z,200884035,4179177865216,3892_GB,216,3,2,440532
2026-05-31T16:42:36Z,201049035,4181667569664,3894_GB,216,3,2,440838
2026-05-31T16:47:41Z,201254826,4184591843328,3897_GB,217,3,2,441143
2026-05-31T16:52:47Z,201464826,4187945451520,3900_GB,217,3,2,441449
2026-05-31T16:57:53Z,201799826,4191795822592,3904_GB,217,3,2,441755
2026-05-31T17:02:58Z,202079826,4195373228032,3907_GB,217,3,2,442060
2026-05-31T17:08:04Z,202359826,4198603825152,3910_GB,217,3,2,442366
2026-05-31T17:13:10Z,202609826,4201913401344,3913_GB,217,3,2,442672
2026-05-31T17:18:16Z,202794826,4204753338368,3916_GB,217,3,2,442978
2026-05-31T17:23:22Z,203014826,4207663480832,3919_GB,217,3,2,443284
2026-05-31T17:28:28Z,203239826,4210623668224,3921_GB,217,3,2,443590
2026-05-31T17:33:34Z,203480937,4213657755648,3924_GB,218,3,2,443896
2026-05-31T17:38:40Z,203700937,4216370454528,3927_GB,218,3,2,444202
2026-05-31T17:43:46Z,203915937,4219563851776,3930_GB,218,3,2,444508
2026-05-31T17:48:52Z,204207309,4223273140224,3933_GB,219,3,2,444814
2026-05-31T17:53:57Z,204527309,4227037552640,3937_GB,219,3,2,445120
2026-05-31T17:59:03Z,204787309,4230412926976,3940_GB,219,3,2,445425
2026-05-31T18:04:09Z,204962309,4233439354880,3943_GB,219,3,2,445731
2026-05-31T18:09:14Z,205262309,4236932784128,3946_GB,219,3,2,446037
2026-05-31T18:14:20Z,205547309,4240588087296,3949_GB,219,3,2,446343
2026-05-31T18:19:26Z,205777309,4243936583680,3952_GB,219,3,2,446648
2026-05-31T18:24:32Z,206007309,4247355154432,3956_GB,219,3,2,446953
2026-05-31T18:29:37Z,206317309,4250729242624,3959_GB,219,3,2,447260
2026-05-31T18:34:43Z,206574592,4254009393152,3962_GB,220,3,2,447566
2026-05-31T18:39:49Z,206744592,4256954155008,3965_GB,220,3,2,447872
2026-05-31T18:44:55Z,207002684,4260199391232,3968_GB,221,3,2,448178
2026-05-31T18:50:01Z,207237684,4263482941440,3971_GB,221,3,2,448484
2026-05-31T18:55:08Z,207497684,4267005730816,3974_GB,221,3,2,448790
2026-05-31T19:00:14Z,207797684,4270387953664,3977_GB,221,3,2,449096
2026-05-31T19:05:20Z,208042684,4273607524352,3980_GB,221,3,2,449402
2026-05-31T19:10:26Z,208247684,4276796063744,3983_GB,221,3,2,449708
2026-05-31T19:15:32Z,208567684,4280639127552,3987_GB,221,3,2,450014
2026-05-31T19:20:38Z,208762684,4283591516160,3989_GB,221,3,2,450320
2026-05-31T19:25:44Z,208832684,4285776101376,3991_GB,221,3,2,450626
2026-05-31T19:30:49Z,208987684,4288783507456,3994_GB,221,3,2,450932
2026-05-31T19:35:55Z,209152684,4291001745408,3996_GB,221,3,2,451238
2026-05-31T19:41:01Z,209311748,4293970264064,3999_GB,223,3,2,451543
2026-05-31T19:46:07Z,209476748,4297021358080,4002_GB,223,3,2,451849
2026-05-31T19:51:13Z,209716748,4300538191872,4005_GB,223,3,2,452155
2026-05-31T19:56:18Z,210016748,4304234389504,4009_GB,223,3,2,452461
2026-05-31T20:01:24Z,210221748,4307052134400,4011_GB,223,3,2,452767
2026-05-31T20:06:31Z,210436748,4310125502464,4014_GB,223,3,2,453073
2026-05-31T20:11:37Z,210656748,4313082839040,4017_GB,223,3,2,453379
2026-05-31T20:16:43Z,210961748,4316530671616,4020_GB,223,3,2,453686
2026-05-31T20:21:50Z,211251748,4319756230656,4023_GB,223,3,2,453993
2026-05-31T20:26:56Z,211431748,4322460966912,4026_GB,223,3,2,454298
2026-05-31T20:32:02Z,211581748,4324657954816,4028_GB,223,3,2,454604
2026-05-31T20:37:08Z,211721748,4327249297408,4030_GB,223,3,2,454910
2026-05-31T20:42:14Z,211993433,4330541621248,4033_GB,224,3,2,455216
2026-05-31T20:47:20Z,212370580,4334186405888,4037_GB,225,3,2,455523
2026-05-31T20:52:26Z,212760580,4337811709952,4040_GB,225,3,2,455829
2026-05-31T20:57:32Z,213035580,4341170585600,4043_GB,225,3,2,456135
2026-05-31T21:02:39Z,213285580,4344709496832,4046_GB,225,3,2,456441
2026-05-31T21:07:44Z,213555580,4347948343296,4049_GB,225,3,2,456747
2026-05-31T21:12:51Z,213870580,4351482052608,4053_GB,225,3,2,457053
2026-05-31T21:17:57Z,214095580,4354991955968,4056_GB,225,3,2,457359
2026-05-31T21:23:02Z,214430580,4358882942976,4060_GB,225,3,2,457677
2026-05-31T21:28:20Z,214685580,4361743941632,4062_GB,225,3,2,457984
2026-05-31T21:33:27Z,214899559,4364800868352,4065_GB,226,3,2,458290
2026-05-31T21:38:33Z,215080952,4367645564928,4068_GB,227,3,2,458596
2026-05-31T21:43:40Z,215331486,4370777808896,4071_GB,228,3,2,458903
2026-05-31T21:48:46Z,215571486,4373985501184,4074_GB,228,3,2,459209
2026-05-31T21:53:53Z,215816486,4376934719488,4076_GB,228,3,2,459516
2026-05-31T21:58:59Z,216016486,4379750588416,4079_GB,228,3,2,459822
2026-05-31T22:04:06Z,216221486,4382691221504,4082_GB,228,3,2,460128
2026-05-31T22:09:12Z,216496486,4386221064192,4085_GB,228,3,2,460434
2026-05-31T22:14:18Z,216751486,4389491367936,4088_GB,228,3,2,460740
2026-05-31T22:19:24Z,216931486,4392185462784,4091_GB,228,3,2,461046
2026-05-31T22:24:30Z,217166486,4395183693824,4093_GB,228,3,2,461352
2026-05-31T22:29:36Z,217426486,4398487191552,4096_GB,228,3,2,461658
2026-05-31T22:34:42Z,217666486,4401657856000,4099_GB,228,3,2,461965
2026-05-31T22:39:48Z,217861486,4404980989952,4102_GB,228,3,2,462271
2026-05-31T22:44:55Z,217940917,4407607738368,4105_GB,229,3,2,462577
2026-05-31T22:50:01Z,217960917,4409400008704,4107_GB,229,3,2,462883
2026-05-31T22:55:06Z,217980917,4410963099648,4108_GB,229,3,2,463189
2026-05-31T23:00:12Z,217990917,4412302188544,4109_GB,229,3,2,463495
2026-05-31T23:05:18Z,218005917,4413651804160,4111_GB,229,3,2,463801
2026-05-31T23:10:24Z,218015917,4414844690432,4112_GB,229,3,2,464107
2026-05-31T23:15:30Z,218030917,4416377896960,4113_GB,229,3,2,464413
2026-05-31T23:20:37Z,218050917,4417858928640,4114_GB,229,3,2,464719
2026-05-31T23:25:43Z,218065917,4419393519616,4116_GB,229,3,2,465025
2026-05-31T23:30:49Z,218085917,4420900823040,4117_GB,229,3,2,465331
2026-05-31T23:35:55Z,218095917,4422186254336,4118_GB,229,3,2,465637
2026-05-31T23:41:01Z,218110917,4423771095040,4120_GB,229,3,2,465943
2026-05-31T23:46:06Z,218125917,4425100312576,4121_GB,229,3,2,466249
2026-05-31T23:51:12Z,218135917,4425921019904,4122_GB,229,3,2,466554
2026-05-31T23:56:18Z,218145917,4427257839616,4123_GB,229,3,2,466860
2026-06-01T00:01:24Z,218155917,4428435742720,4124_GB,229,3,2,467166
2026-06-01T00:06:30Z,218155917,4429092159488,4125_GB,229,3,2,467472
2026-06-01T00:11:35Z,218165917,4430425235456,4126_GB,229,3,2,467778
2026-06-01T00:16:41Z,218180917,4431964626944,4128_GB,229,3,2,468083
2026-06-01T00:21:47Z,218185917,4432996188160,4129_GB,229,3,2,468389
2026-06-01T00:26:53Z,218200917,4434442084352,4130_GB,229,3,2,468695
2026-06-01T00:31:59Z,218205917,4435158499328,4131_GB,229,3,2,469001
2026-06-01T00:37:04Z,218210917,4436119961600,4131_GB,229,3,2,469306
2026-06-01T00:42:10Z,218215917,4437128249344,4132_GB,229,3,2,469612
2026-06-01T00:47:16Z,218225917,4438424903680,4134_GB,229,3,2,469918
2026-06-01T00:52:21Z,218235917,4439474601984,4135_GB,229,3,2,470224
2026-06-01T00:57:27Z,218240917,4440335974400,4135_GB,229,3,2,470529
2026-06-01T01:02:33Z,218245917,4441205268480,4136_GB,229,3,2,470835
2026-06-01T01:07:39Z,218260917,4442572185600,4137_GB,229,3,2,471141
2026-06-01T01:12:44Z,218265917,4443437326336,4138_GB,229,3,2,471447
2026-06-01T01:17:50Z,218265917,4443979735040,4139_GB,229,3,2,471752
2026-06-01T01:22:56Z,218270917,4445009723392,4140_GB,229,3,2,472058
2026-06-01T01:28:02Z,218280917,4445645111296,4140_GB,229,3,2,472364
2026-06-01T01:33:08Z,218285917,4446862499840,4141_GB,229,3,2,472670
2026-06-01T01:38:14Z,218290917,4447947800576,4142_GB,229,3,2,472976
2026-06-01T01:43:19Z,218300917,4449091010560,4144_GB,229,3,2,473282
2026-06-01T01:48:25Z,218305917,4450217074688,4145_GB,229,3,2,473588
2026-06-01T01:53:31Z,218315917,4451481354240,4146_GB,229,3,2,473893
2026-06-01T01:58:37Z,218320917,4452162494464,4146_GB,229,3,2,474199
2026-06-01T02:03:42Z,218345917,4454005506048,4148_GB,229,3,1,474505
2026-06-01T02:08:48Z,218568288,4456470323200,4150_GB,230,3,2,474811
2026-06-01T02:13:54Z,218801783,4459320016896,4153_GB,231,3,2,475117
2026-06-01T02:19:01Z,218976783,4462205542400,4156_GB,231,3,2,475424
2026-06-01T02:24:07Z,219161783,4465067778048,4158_GB,231,3,2,475730
2026-06-01T02:29:14Z,219296783,4467371589632,4161_GB,231,3,2,476036
2026-06-01T02:34:20Z,219511783,4470195912704,4163_GB,231,3,2,476343
2026-06-01T02:39:27Z,219751783,4473309749248,4166_GB,231,3,2,476649
2026-06-01T02:44:33Z,220031783,4476662333440,4169_GB,231,3,2,476955
2026-06-01T02:49:39Z,220206783,4479542673408,4172_GB,231,3,2,477262
2026-06-01T02:54:45Z,220326783,4481428553728,4174_GB,231,3,2,477568
2026-06-01T02:59:52Z,220531783,4484324737024,4176_GB,231,3,2,477874
2026-06-01T03:04:58Z,220756783,4487769694208,4180_GB,231,3,2,478180
2026-06-01T03:10:04Z,220888344,4490534756352,4182_GB,232,3,2,478486
2026-06-01T03:15:10Z,221178344,4493967826944,4185_GB,232,3,2,478792
2026-06-01T03:20:16Z,221486480,4497418846208,4189_GB,233,3,2,479098
2026-06-01T03:25:22Z,221701480,4500344496128,4191_GB,233,3,2,479404
2026-06-01T03:30:28Z,221821480,4502987628544,4194_GB,233,3,2,479710
2026-06-01T03:35:34Z,222026480,4505916710912,4196_GB,233,3,2,480017
2026-06-01T03:40:41Z,222216480,4508582379520,4199_GB,233,3,2,480324
2026-06-01T03:45:47Z,222411480,4511506210816,4202_GB,233,3,2,480630
2026-06-01T03:50:54Z,222556480,4514048417792,4204_GB,233,3,2,480936
2026-06-01T03:56:00Z,222841480,4517396463616,4207_GB,233,3,2,481243
2026-06-01T04:01:06Z,223081480,4520441470976,4210_GB,233,3,2,481549
2026-06-01T04:06:13Z,223391480,4523959771136,4213_GB,233,3,2,481855
2026-06-01T04:11:19Z,223741020,4527478792192,4217_GB,234,3,2,482162
2026-06-01T04:16:25Z,223906020,4530012086272,4219_GB,234,3,2,482467
2026-06-01T04:21:31Z,224157078,4533525512192,4222_GB,235,3,2,482773
2026-06-01T04:26:37Z,224417078,4537078915072,4225_GB,235,3,2,483080
2026-06-01T04:31:43Z,224642078,4539998871552,4228_GB,235,3,2,483386
2026-06-01T04:36:49Z,224822078,4542967529472,4231_GB,235,3,2,483692
2026-06-01T04:41:56Z,225092078,4546464874496,4234_GB,235,3,2,483998
2026-06-01T04:47:02Z,225452078,4550263898112,4238_GB,235,3,2,484304
2026-06-01T04:52:08Z,225717078,4553331720192,4241_GB,235,3,2,484611
2026-06-01T04:57:14Z,226032078,4556562112512,4244_GB,235,3,2,484917
2026-06-01T05:02:21Z,226237078,4559777136640,4247_GB,235,3,2,485224
2026-06-01T05:07:28Z,226553804,4563064438784,4250_GB,236,3,2,485531
2026-06-01T05:12:35Z,226828804,4566250848256,4253_GB,236,3,2,485838
2026-06-01T05:17:42Z,227141187,4569686827008,4256_GB,237,3,2,486145
2026-06-01T05:22:49Z,227421187,4572883197952,4259_GB,237,3,2,486452
2026-06-01T05:27:56Z,227646187,4575887450112,4262_GB,237,3,2,486759
2026-06-01T05:33:02Z,227936187,4579261407232,4265_GB,237,3,2,487065
2026-06-01T05:38:09Z,228176187,4582621569024,4268_GB,237,3,2,487372
2026-06-01T05:43:15Z,228476187,4586258071552,4271_GB,237,3,2,487678
2026-06-01T05:48:22Z,228701187,4589438500864,4274_GB,237,3,2,487984
2026-06-01T05:53:28Z,228911187,4592387571712,4277_GB,237,3,2,488291
2026-06-01T05:58:34Z,229124831,4595437535232,4280_GB,238,3,2,488597
2026-06-01T06:03:41Z,229444831,4598959611904,4283_GB,238,3,2,488903
2026-06-01T06:08:47Z,229804831,4602789822464,4287_GB,238,3,2,489210
2026-06-01T06:13:53Z,230034831,4605649076224,4289_GB,238,3,2,489517
2026-06-01T06:19:00Z,230249831,4608421175296,4292_GB,238,3,2,489824
2026-06-01T06:24:07Z,230547527,4611595599872,4295_GB,239,3,2,490131
2026-06-01T06:29:14Z,230657527,4613525430272,4297_GB,239,3,2,490438
2026-06-01T06:34:21Z,230802527,4615982604288,4299_GB,239,3,2,490744
2026-06-01T06:39:27Z,231042527,4619021524992,4302_GB,239,3,2,491051
2026-06-01T06:44:34Z,231332527,4622139957248,4305_GB,239,3,2,491358
2026-06-01T06:49:41Z,231597527,4625144389632,4308_GB,239,3,2,491664
2026-06-01T06:54:48Z,231882168,4628685152256,4311_GB,240,3,2,491971
2026-06-01T06:59:54Z,232162168,4632282849280,4314_GB,240,3,2,492277
2026-06-01T07:05:01Z,232392168,4635680448512,4317_GB,240,3,2,492583
2026-06-01T07:10:07Z,232682168,4639016607744,4320_GB,240,3,2,492890
2026-06-01T07:15:13Z,232927168,4642290565120,4323_GB,240,3,2,493196
2026-06-01T07:20:20Z,233147168,4645561843712,4327_GB,240,3,2,493502
2026-06-01T07:25:26Z,233466170,4649116246016,4330_GB,241,3,2,493809
2026-06-01T07:30:33Z,233726170,4652379398144,4333_GB,241,3,2,494116
2026-06-01T07:35:39Z,234056170,4656073367552,4336_GB,241,3,2,494423
2026-06-01T07:40:46Z,234366170,4659241246720,4339_GB,241,3,2,494729
2026-06-01T07:45:53Z,234671170,4662428368896,4342_GB,241,3,2,495037
2026-06-01T07:51:01Z,234959253,4665679495168,4345_GB,242,3,2,495344
2026-06-01T07:56:08Z,235289253,4669050437632,4348_GB,242,3,2,495652
2026-06-01T08:01:15Z,235599253,4672401121280,4352_GB,242,3,2,495959
2026-06-01T08:06:22Z,235909253,4675800915968,4355_GB,242,3,2,496266
2026-06-01T08:11:29Z,236224794,4679316189184,4358_GB,243,3,2,496573
2026-06-01T08:16:37Z,236489794,4682748272640,4361_GB,243,3,2,496880
2026-06-01T08:21:43Z,236799794,4686183481344,4364_GB,243,3,2,497186
2026-06-01T08:26:49Z,237069794,4689718091776,4368_GB,243,3,2,497493
2026-06-01T08:31:56Z,237354794,4693273829376,4371_GB,243,3,2,497799
2026-06-01T08:37:03Z,237609794,4696618483712,4374_GB,243,3,2,498106
2026-06-01T08:42:09Z,237914794,4700243394560,4377_GB,243,3,2,498412
2026-06-01T08:47:16Z,238206769,4703861006336,4381_GB,244,3,2,498719
2026-06-01T08:52:23Z,238406769,4706851192832,4384_GB,244,3,2,499025
2026-06-01T08:57:29Z,238661769,4710311608320,4387_GB,244,3,2,499332
2026-06-01T09:02:36Z,238941769,4713451266048,4390_GB,244,3,2,499639
2026-06-01T09:07:43Z,239163540,4716323323904,4392_GB,245,3,2,499946
2026-06-01T09:12:50Z,239418540,4719495954432,4395_GB,245,3,2,500254
2026-06-01T09:17:57Z,239723540,4722688835584,4398_GB,245,3,2,500561
2026-06-01T09:23:05Z,239928540,4725577162752,4401_GB,245,3,2,500868
2026-06-01T09:28:12Z,240173540,4728684953600,4404_GB,245,3,2,501176
2026-06-01T09:33:19Z,240428540,4731988107264,4407_GB,245,3,2,501483
2026-06-01T09:38:26Z,240773306,4734914240512,4410_GB,246,3,2,501790
2026-06-01T09:43:33Z,241133306,4738555207680,4413_GB,246,3,2,502097
2026-06-01T09:48:40Z,241298306,4740545150976,4415_GB,246,3,2,502403
2026-06-01T09:53:47Z,241523306,4743656947712,4418_GB,246,3,2,502710
2026-06-01T09:58:53Z,241713306,4747066777600,4421_GB,246,3,2,503017
2026-06-01T10:04:00Z,241993306,4750600478720,4424_GB,246,3,2,503323
2026-06-01T10:09:07Z,242298528,4754121662464,4428_GB,247,3,2,503631
2026-06-01T10:14:14Z,242658528,4757733392384,4431_GB,247,3,2,503938
2026-06-01T10:19:21Z,242943528,4761168838656,4434_GB,247,3,2,504244
2026-06-01T10:24:28Z,243178528,4764411756544,4437_GB,247,3,2,504551
2026-06-01T10:29:35Z,243428528,4767439568896,4440_GB,247,3,2,504859
2026-06-01T10:34:42Z,243618528,4770269118464,4443_GB,247,3,2,505166
2026-06-01T10:39:49Z,243890243,4773464539136,4446_GB,248,3,2,505473
2026-06-01T10:44:57Z,244180243,4776815493120,4449_GB,248,3,2,505781
2026-06-01T10:50:04Z,244365243,4779848556544,4452_GB,248,3,2,506088
2026-06-01T10:55:11Z,244630243,4782968963072,4454_GB,248,3,2,506395
2026-06-01T11:00:19Z,244860243,4785741586432,4457_GB,248,3,2,506702
2026-06-01T11:05:26Z,245144167,4789048819712,4460_GB,249,3,2,507009
2026-06-01T11:10:33Z,245469167,4792441339904,4463_GB,249,3,2,507316
2026-06-01T11:15:40Z,245779167,4796107055104,4467_GB,249,3,2,507623
2026-06-01T11:20:47Z,245969167,4798578442240,4469_GB,249,3,2,507930
2026-06-01T11:25:53Z,246079167,4800575463424,4471_GB,249,3,2,508236
2026-06-01T11:31:00Z,246249167,4802735038464,4473_GB,249,3,2,508543
2026-06-01T11:36:07Z,246494167,4805664366592,4476_GB,249,3,2,508850
2026-06-01T11:41:14Z,246839167,4809220612096,4479_GB,249,3,2,509157
2026-06-01T11:46:21Z,247024167,4811983953920,4482_GB,250,3,2,509464
2026-06-01T11:51:28Z,247302528,4815553036288,4485_GB,250,3,2,509771
2026-06-01T11:56:35Z,247535714,4818478587904,4488_GB,251,3,2,510078
2026-06-01T12:01:42Z,247785714,4821654495232,4491_GB,251,3,2,510399
2026-06-01T12:07:03Z,248030714,4824255463424,4493_GB,251,3,2,510707
2026-06-01T12:12:11Z,248275714,4827136442368,4496_GB,251,3,2,511015
2026-06-01T12:17:18Z,248465714,4830196269056,4498_GB,251,3,2,511322
2026-06-01T12:22:26Z,248800714,4833593688064,4502_GB,251,3,2,511630
2026-06-01T12:27:33Z,249140714,4837019492352,4505_GB,251,3,2,511937
2026-06-01T12:32:41Z,249450714,4840303607808,4508_GB,251,3,2,512245
2026-06-01T12:37:48Z,249655714,4843324719104,4511_GB,251,3,2,512552
2026-06-01T12:42:56Z,249900714,4846102913024,4513_GB,251,3,2,512859
2026-06-01T12:48:03Z,250200714,4849341579264,4516_GB,251,3,2,513166
2026-06-01T12:53:10Z,250540159,4853035384832,4520_GB,253,3,2,513474
2026-06-01T12:58:17Z,250845159,4856478294016,4523_GB,253,3,2,513781
2026-06-01T13:03:25Z,251155159,4859833982976,4526_GB,253,3,2,514088
2026-06-01T13:08:31Z,251460159,4863537250304,4530_GB,253,3,2,514395
2026-06-01T13:13:38Z,251835159,4867188260864,4533_GB,253,3,2,514702
2026-06-01T13:18:46Z,252195159,4870960291840,4536_GB,253,3,2,515009
2026-06-01T13:23:53Z,252560159,4874694418432,4540_GB,253,3,2,515317
2026-06-01T13:29:00Z,252850159,4877736787968,4543_GB,253,3,2,515625
2026-06-01T13:34:09Z,253095159,4880511213568,4545_GB,253,3,1,515934
2026-06-01T13:39:17Z,253340071,4883678330880,4548_GB,254,3,2,516241
2026-06-01T13:44:25Z,253684168,4887210442752,4552_GB,255,3,2,516549
2026-06-01T13:49:32Z,253969168,4890244218880,4554_GB,255,3,2,516857
2026-06-01T13:54:40Z,254274168,4893506281472,4557_GB,255,3,2,517165
2026-06-01T13:59:48Z,254564168,4896590684160,4560_GB,255,3,2,517473
2026-06-01T14:04:56Z,254689168,4898838224896,4562_GB,255,3,2,517780
2026-06-01T14:10:03Z,254989168,4902489235456,4566_GB,255,3,2,518087
2026-06-01T14:15:11Z,255309168,4906097229824,4569_GB,255,3,2,518394
2026-06-01T14:20:18Z,255649168,4909822779392,4573_GB,255,3,2,518702
2026-06-01T14:25:25Z,255971897,4913164337152,4576_GB,256,3,2,519009
2026-06-01T14:30:33Z,256316897,4916845772800,4579_GB,256,3,2,519317
2026-06-01T14:35:40Z,256616897,4920431681536,4583_GB,256,3,2,519624
2026-06-01T14:40:48Z,256946373,4924136980480,4586_GB,257,3,2,519931
2026-06-01T14:45:55Z,257166373,4926879571968,4589_GB,257,3,2,520239
2026-06-01T14:51:03Z,257406373,4929779818496,4591_GB,257,3,2,520547
2026-06-01T14:56:10Z,257666373,4932859666432,4594_GB,257,3,2,520855
2026-06-01T15:01:19Z,257871373,4935316504576,4596_GB,257,3,2,521163
2026-06-01T15:06:27Z,258081373,4937809526784,4599_GB,257,3,2,521471
2026-06-01T15:11:34Z,258311373,4940994445312,4602_GB,257,3,2,521778
2026-06-01T15:16:42Z,258484227,4943649857536,4604_GB,258,3,2,522086
2026-06-01T15:21:49Z,258599227,4946363146240,4607_GB,258,3,2,522393
2026-06-01T15:26:57Z,258764227,4949144477696,4609_GB,258,3,2,522701
2026-06-01T15:32:05Z,258899227,4951727906816,4612_GB,258,3,2,523008
2026-06-01T15:37:12Z,259009227,4954020618240,4614_GB,258,3,2,523316
2026-06-01T15:42:19Z,259179227,4956753870848,4616_GB,258,3,2,523623
2026-06-01T15:47:27Z,259369227,4959524265984,4619_GB,258,3,2,523930
2026-06-01T15:52:34Z,259484227,4961967374336,4621_GB,258,3,2,524237
2026-06-01T15:57:41Z,259704227,4964801740800,4624_GB,258,3,2,524545
2026-06-01T16:02:48Z,259914227,4967751147520,4627_GB,258,3,2,524852
2026-06-01T16:07:56Z,260118541,4970464362496,4629_GB,259,3,2,525159
2026-06-01T16:13:03Z,260258541,4973189054464,4632_GB,259,3,2,525466
2026-06-01T16:18:10Z,260458541,4976074842112,4634_GB,259,3,2,525774
2026-06-01T16:23:17Z,260663541,4978998501376,4637_GB,259,3,2,526081
2026-06-01T16:28:25Z,260813541,4981731983360,4640_GB,259,3,2,526388
2026-06-01T16:33:32Z,260973541,4984119279616,4642_GB,259,3,2,526696
2026-06-01T16:38:40Z,261093541,4986355712000,4644_GB,259,3,2,527004
2026-06-01T16:43:48Z,261198541,4988339994624,4646_GB,259,3,2,527312
2026-06-01T16:48:55Z,261353541,4990798659584,4648_GB,259,3,2,527620
2026-06-01T16:54:03Z,261488541,4993487618048,4651_GB,259,3,2,527928
2026-06-01T16:59:11Z,261618541,4995900710912,4653_GB,259,3,2,528236
2026-06-01T17:04:19Z,261786309,4998669656064,4655_GB,260,3,2,528543
2026-06-01T17:09:26Z,261941309,5001497387008,4658_GB,260,3,2,528850
2026-06-01T17:14:34Z,262001309,5003386609664,4660_GB,260,3,2,529158
2026-06-01T17:19:41Z,262226309,5006235615232,4662_GB,260,3,2,529465
2026-06-01T17:24:49Z,262426309,5008793100288,4665_GB,260,3,2,529772
2026-06-01T17:29:56Z,262596309,5011457089536,4667_GB,260,3,2,530080
2026-06-01T17:35:03Z,262686309,5013235539968,4669_GB,260,3,2,530387
2026-06-01T17:40:11Z,262871309,5016021680128,4672_GB,260,3,2,530694
2026-06-01T17:45:18Z,263011309,5018370031616,4674_GB,260,3,2,531002
2026-06-01T17:50:25Z,263061309,5020643393536,4676_GB,260,3,2,531309
2026-06-01T17:55:32Z,263251309,5023375540224,4678_GB,260,3,2,531616
2026-06-01T18:00:40Z,263411557,5025920401408,4681_GB,261,3,2,531923
2026-06-01T18:05:47Z,263576557,5028484382720,4683_GB,261,3,2,532231
2026-06-01T18:10:55Z,263795387,5031252779008,4686_GB,262,3,2,532541
2026-06-01T18:16:05Z,264015387,5033702318080,4688_GB,262,3,2,532849
2026-06-01T18:21:13Z,264320387,5036755165184,4691_GB,262,3,2,533158
2026-06-01T18:26:21Z,264625387,5039829770240,4694_GB,262,3,2,533466
2026-06-01T18:31:29Z,264880387,5042614075392,4696_GB,262,3,2,533774
2026-06-01T18:36:37Z,265085387,5045383725056,4699_GB,262,3,2,534082
2026-06-01T18:41:46Z,265390387,5048513986560,4702_GB,262,3,2,534390
2026-06-01T18:46:53Z,265560387,5051385053184,4704_GB,262,3,2,534697
2026-06-01T18:52:01Z,265780387,5054470250496,4707_GB,262,3,2,535005
2026-06-01T18:57:08Z,266130387,5058078990336,4711_GB,262,3,2,535312
2026-06-01T19:02:16Z,266391188,5061199650816,4714_GB,264,3,2,535620
2026-06-01T19:07:24Z,266711188,5064634122240,4717_GB,264,3,2,535928
2026-06-01T19:12:31Z,267051188,5068221440000,4720_GB,264,3,2,536235
2026-06-01T19:17:39Z,267386188,5071882780672,4724_GB,264,3,2,536543
2026-06-01T19:22:47Z,267766188,5075661979648,4727_GB,264,3,2,536851
2026-06-01T19:27:55Z,268091188,5079053312000,4730_GB,264,3,2,537160
2026-06-01T19:33:03Z,268301188,5081707626496,4733_GB,264,3,2,537468
2026-06-01T19:38:11Z,268541188,5084401459200,4735_GB,264,3,2,537776
2026-06-01T19:43:20Z,268716188,5086948130816,4738_GB,264,3,2,538084
2026-06-01T19:48:28Z,268911188,5089843027968,4740_GB,264,3,2,538393
2026-06-01T19:53:36Z,269141188,5092542980096,4743_GB,264,3,2,538701
2026-06-01T19:58:45Z,269452831,5095733755904,4746_GB,266,3,2,539009
2026-06-01T20:03:53Z,269687831,5098590617600,4748_GB,266,3,2,539317
2026-06-01T20:09:01Z,270002831,5102145331200,4752_GB,266,3,2,539625
2026-06-01T20:14:08Z,270247831,5105151131648,4755_GB,266,3,2,539932
2026-06-01T20:19:16Z,270567831,5108537327616,4758_GB,266,3,2,540240
2026-06-01T20:24:24Z,270877831,5112001110016,4761_GB,266,3,2,540548
2026-06-01T20:29:32Z,271222831,5115530911744,4764_GB,266,3,2,540856
2026-06-01T20:34:40Z,271547831,5119186427904,4768_GB,266,3,2,541164
2026-06-01T20:39:48Z,271682831,5121434386432,4770_GB,266,3,2,541472
2026-06-01T20:44:56Z,271957831,5124824727552,4773_GB,266,3,2,541780
2026-06-01T20:50:03Z,272092831,5127321280512,4775_GB,266,3,2,542087
2026-06-01T20:55:11Z,272242831,5129809510400,4778_GB,266,3,2,542395
2026-06-01T21:00:19Z,272351898,5132388933632,4780_GB,267,3,2,542704
2026-06-01T21:05:28Z,272486898,5134842396672,4782_GB,267,3,2,543012
2026-06-01T21:10:36Z,272601898,5137368227840,4785_GB,267,3,2,543321
2026-06-01T21:15:44Z,272701898,5139489079296,4787_GB,267,3,2,543628
2026-06-01T21:20:52Z,272751898,5141548474368,4788_GB,267,3,2,543936
2026-06-01T21:26:00Z,272936898,5144307605504,4791_GB,267,3,2,544245
2026-06-01T21:31:08Z,273119669,5147168792576,4794_GB,268,3,2,544552
2026-06-01T21:36:16Z,273439669,5150744969216,4797_GB,268,3,2,544860
2026-06-01T21:41:24Z,273739669,5154096840704,4800_GB,268,3,2,545168
2026-06-01T21:46:32Z,274059669,5157714509824,4803_GB,268,3,2,545476
2026-06-01T21:51:40Z,274404669,5160946630656,4807_GB,268,3,2,545784
2026-06-01T21:56:48Z,274648892,5163923038208,4809_GB,269,3,2,546092
2026-06-01T22:01:56Z,274993892,5167288991744,4812_GB,269,3,2,546401
2026-06-01T22:07:04Z,275318892,5170789122048,4816_GB,269,3,2,546709
2026-06-01T22:12:12Z,275698892,5174526443520,4819_GB,269,3,2,547017
2026-06-01T22:17:21Z,276018892,5177766182912,4822_GB,269,3,2,547326
2026-06-01T22:22:29Z,276222098,5180394151936,4825_GB,270,3,2,547634
2026-06-01T22:27:38Z,276517098,5183392956416,4827_GB,270,3,2,547943
2026-06-01T22:32:47Z,276832098,5186185043968,4830_GB,270,3,2,548252
2026-06-01T22:37:55Z,277022098,5188850671616,4832_GB,270,3,2,548560
2026-06-01T22:43:03Z,277257098,5191355744256,4835_GB,270,3,2,548868
2026-06-01T22:48:12Z,277462098,5193805520896,4837_GB,270,3,2,549177
2026-06-01T22:53:20Z,277827098,5197195911168,4840_GB,270,3,2,549485
2026-06-01T22:58:28Z,278181093,5200945577984,4844_GB,271,3,2,549793
2026-06-01T23:03:37Z,278516093,5204296024064,4847_GB,271,3,2,550101
2026-06-01T23:08:45Z,278774317,5207570563072,4850_GB,272,3,2,550409
2026-06-01T23:13:53Z,279149317,5211208982528,4853_GB,272,3,2,550717
2026-06-01T23:19:00Z,279499317,5214630248448,4857_GB,272,3,2,551025
2026-06-01T23:24:08Z,279774317,5217765457920,4859_GB,272,3,2,551333
2026-06-01T23:29:17Z,280009317,5220728176640,4862_GB,272,3,2,551642
2026-06-01T23:34:25Z,280289317,5223863148544,4865_GB,272,3,2,551949
2026-06-01T23:39:33Z,280634317,5227255799808,4868_GB,272,3,2,552258
2026-06-01T23:44:41Z,280879317,5230062665728,4871_GB,272,3,2,552566
2026-06-01T23:49:50Z,281169672,5233062690816,4874_GB,273,3,2,552875
2026-06-01T23:54:59Z,281449672,5236233469952,4877_GB,273,3,2,553184
2026-06-02T00:00:07Z,281764672,5239482998784,4880_GB,273,3,2,553493
2026-06-02T00:05:16Z,282087066,5242781138944,4883_GB,274,3,2,553802
2026-06-02T00:10:26Z,282342066,5245401186304,4885_GB,274,3,2,554111
2026-06-02T00:15:35Z,282582066,5248074604544,4888_GB,274,3,2,554419
2026-06-02T00:20:43Z,282842066,5250896027648,4890_GB,274,3,2,554727
2026-06-02T00:25:51Z,283152066,5253966872576,4893_GB,274,3,2,555036
2026-06-02T00:30:59Z,283437066,5257211658240,4896_GB,274,3,2,555344
2026-06-02T00:36:07Z,283742066,5260243763200,4899_GB,275,3,2,555652
2026-06-02T00:41:15Z,284015359,5262994186240,4902_GB,275,3,2,555960
2026-06-02T00:46:23Z,284205359,5265725792256,4904_GB,275,3,2,556268
2026-06-02T00:51:31Z,284570359,5269015494656,4907_GB,275,3,2,556576
2026-06-02T00:56:39Z,284860359,5272213864448,4910_GB,275,3,2,556884
2026-06-02T01:01:48Z,285169318,5275364065280,4913_GB,276,3,2,557192
2026-06-02T01:06:56Z,285424318,5278446501888,4916_GB,276,3,2,557504
2026-06-02T01:12:07Z,285654318,5281170448384,4918_GB,276,3,2,557812
2026-06-02T01:17:16Z,285904318,5283872907264,4921_GB,276,3,2,558121
2026-06-02T01:22:24Z,286124318,5286399680512,4923_GB,276,3,2,558429
2026-06-02T01:27:33Z,286429318,5289562300416,4926_GB,276,3,2,558738
2026-06-02T01:32:42Z,286634318,5291921350656,4928_GB,276,3,2,559047
2026-06-02T01:37:50Z,286822183,5293812211712,4930_GB,277,3,2,559355
2026-06-02T01:42:59Z,287062183,5296459874304,4933_GB,277,3,2,559664
2026-06-02T01:48:07Z,287357183,5299789635584,4936_GB,277,3,2,559972
2026-06-02T01:53:16Z,287577183,5302675136512,4939_GB,277,3,2,560280
2026-06-02T01:58:24Z,287832183,5305419743232,4941_GB,277,3,2,560588
2026-06-02T02:03:32Z,288138295,5308648538112,4944_GB,278,3,2,560897
2026-06-02T02:08:41Z,288448295,5311863906304,4947_GB,278,3,2,561205
2026-06-02T02:13:49Z,288643295,5314709266432,4950_GB,278,3,2,561513
2026-06-02T02:18:57Z,288928295,5318204981248,4953_GB,278,3,2,561822
2026-06-02T02:24:05Z,289298295,5321604055040,4956_GB,278,3,2,562130
2026-06-02T02:29:14Z,289570313,5324956803072,4959_GB,279,3,2,562439
2026-06-02T02:34:22Z,289840313,5328079601664,4962_GB,279,3,2,562748
2026-06-02T02:39:31Z,290045313,5330406367232,4964_GB,279,3,2,563056
2026-06-02T02:44:39Z,290265313,5332909137920,4967_GB,279,3,2,563365
2026-06-02T02:49:48Z,290730313,5335659806720,4969_GB,279,3,2,563676
2026-06-02T02:54:59Z,291435313,5338221494272,4972_GB,279,3,2,563988
2026-06-02T03:00:12Z,291985313,5340620726272,4974_GB,279,3,2,564299
2026-06-02T03:05:23Z,292560313,5343108726784,4976_GB,279,3,2,564610
2026-06-02T03:10:34Z,293127561,5346233294848,4979_GB,280,3,2,564920
2026-06-02T03:15:44Z,293487561,5349795364864,4982_GB,280,3,2,565229
2026-06-02T03:20:53Z,293722561,5353005899776,4985_GB,280,3,2,565538
2026-06-02T03:26:02Z,294072561,5356843802624,4989_GB,280,3,2,565847
2026-06-02T03:31:11Z,294445021,5360483254272,4992_GB,281,3,2,566157
2026-06-02T03:36:20Z,294805021,5364310802432,4996_GB,281,3,2,566466
2026-06-02T03:41:30Z,295215021,5368002748416,4999_GB,281,3,2,566775
2026-06-02T03:46:39Z,295555021,5371679997952,5003_GB,281,3,2,567085
2026-06-02T03:51:49Z,295904017,5375238119424,5006_GB,282,3,2,567415
2026-06-02T03:57:19Z,296129017,5377361149952,5008_GB,282,3,2,567724
2026-06-02T04:02:28Z,296334017,5379701604352,5010_GB,282,3,2,568034
2026-06-02T04:07:37Z,296514017,5382042451968,5012_GB,282,3,2,568343
2026-06-02T04:12:47Z,296819017,5384913960960,5015_GB,282,3,2,568653
2026-06-02T04:17:57Z,297099017,5387731730432,5018_GB,282,3,2,568963
2026-06-02T04:23:06Z,297384017,5390591705088,5020_GB,282,3,1,569272
2026-06-02T04:28:16Z,297622290,5393493917696,5023_GB,283,3,2,569581
2026-06-02T04:33:25Z,297962290,5396794638336,5026_GB,283,3,2,569891
2026-06-02T04:38:34Z,298342290,5400380112896,5029_GB,283,3,2,570199
2026-06-02T04:43:43Z,298622290,5403762745344,5033_GB,283,3,2,570508
2026-06-02T04:48:52Z,298882290,5406700527616,5035_GB,283,3,2,570817
2026-06-02T04:54:00Z,299162290,5409745715200,5038_GB,283,3,2,571126
2026-06-02T04:59:09Z,299522290,5413343387648,5042_GB,283,3,2,571435
2026-06-02T05:04:19Z,299812290,5416515166208,5045_GB,283,3,2,571744
2026-06-02T05:09:28Z,299982290,5419356315648,5047_GB,283,3,2,572053
2026-06-02T05:14:37Z,300309810,5422925930496,5050_GB,284,3,2,572378
2026-06-02T05:20:02Z,300596212,5425657110528,5053_GB,286,3,2,572688
2026-06-02T05:25:12Z,300796212,5428229210112,5055_GB,286,3,2,572998
2026-06-02T05:30:22Z,301091212,5431060922368,5058_GB,286,3,2,573308
2026-06-02T05:35:31Z,301326212,5433916588032,5061_GB,286,3,2,573617
2026-06-02T05:40:41Z,301586212,5436589957120,5063_GB,286,3,2,573927
2026-06-02T05:45:50Z,301801212,5439504596992,5066_GB,286,3,2,574237
2026-06-02T05:51:01Z,302006212,5442361581568,5069_GB,286,3,2,574546
2026-06-02T05:56:10Z,302341212,5445627092992,5072_GB,286,3,2,574855
2026-06-02T06:01:19Z,302606212,5448730222592,5075_GB,286,3,2,575165
2026-06-02T06:06:28Z,302786212,5451139768320,5077_GB,286,3,2,575474
2026-06-02T06:11:37Z,302978049,5453538852864,5079_GB,287,3,2,575783
2026-06-02T06:16:47Z,303218049,5456577413120,5082_GB,287,3,2,576092
2026-06-02T06:21:56Z,303488049,5459401523200,5084_GB,287,3,2,576402
2026-06-02T06:27:05Z,303673049,5462523658240,5087_GB,287,3,2,576711
2026-06-02T06:32:14Z,303999682,5465922158592,5091_GB,288,3,2,577020
2026-06-02T06:37:24Z,304339682,5469438353408,5094_GB,288,3,2,577330
2026-06-02T06:42:33Z,304504682,5471743320064,5096_GB,288,3,2,577639
2026-06-02T06:47:42Z,304729682,5474448973824,5098_GB,288,3,2,577949
2026-06-02T06:52:53Z,304974682,5477112184832,5101_GB,288,3,2,578259
2026-06-02T06:58:02Z,305474682,5479613128704,5103_GB,288,3,2,578570
2026-06-02T07:03:13Z,305754682,5482463264768,5106_GB,288,3,2,578880
2026-06-02T07:08:24Z,306008118,5485268492288,5109_GB,289,3,2,579190
2026-06-02T07:13:34Z,306228118,5487940542464,5111_GB,289,3,2,579499
2026-06-02T07:18:43Z,306587711,5491188310016,5114_GB,290,3,2,579809
2026-06-02T07:23:52Z,306942711,5494460579840,5117_GB,290,3,2,580118
2026-06-02T07:29:02Z,307307711,5497871515648,5120_GB,290,3,2,580428
2026-06-02T07:34:11Z,307627711,5501176602624,5123_GB,290,3,2,580737
2026-06-02T07:39:21Z,307897711,5504267419648,5126_GB,290,3,2,581047
2026-06-02T07:44:30Z,308052711,5506978275328,5129_GB,290,3,2,581356
2026-06-02T07:49:39Z,308272711,5510014763008,5132_GB,290,3,2,581665
2026-06-02T07:54:49Z,308521522,5513256927232,5135_GB,291,3,2,581975
2026-06-02T07:59:58Z,308791522,5516502630400,5138_GB,291,3,2,582284
2026-06-02T08:05:08Z,309006522,5518706278400,5140_GB,291,3,2,582593
2026-06-02T08:10:17Z,309246522,5521708728320,5142_GB,291,3,2,582903
2026-06-02T08:15:27Z,309511522,5524324311040,5145_GB,291,3,2,583213
2026-06-02T08:20:37Z,309781522,5527254024192,5148_GB,291,3,2,583524
2026-06-02T08:25:47Z,310041522,5529833447424,5150_GB,291,3,2,583834
2026-06-02T08:30:58Z,310304346,5532819742720,5153_GB,292,3,2,584144
2026-06-02T08:36:08Z,310569346,5535530983424,5155_GB,292,3,2,584454
2026-06-02T08:41:18Z,310739346,5538063859712,5158_GB,292,3,2,584764
2026-06-02T08:46:28Z,311101803,5541263851520,5161_GB,293,3,2,585074
2026-06-02T08:51:37Z,311426803,5544478818304,5164_GB,293,3,2,585384
2026-06-02T08:56:47Z,311691803,5547666636800,5167_GB,293,3,2,585693
2026-06-02T09:01:56Z,311991803,5551110504448,5170_GB,293,3,2,586002
2026-06-02T09:07:06Z,312376803,5554655256576,5173_GB,293,3,2,586312
2026-06-02T09:12:16Z,312606803,5557756764160,5176_GB,293,3,2,586621
2026-06-02T09:17:25Z,312931803,5561147965440,5179_GB,293,3,2,586931
2026-06-02T09:22:35Z,313305608,5564549275648,5182_GB,294,3,2,587241
2026-06-02T09:27:45Z,313645608,5568086999040,5186_GB,294,3,2,587551
2026-06-02T09:32:55Z,313985608,5571296518144,5189_GB,294,3,2,587862
2026-06-02T09:38:05Z,314281958,5574190006272,5191_GB,295,3,2,588172
2026-06-02T09:43:16Z,314516958,5576880046080,5194_GB,295,3,2,588483
2026-06-02T09:48:27Z,314806958,5579734327296,5197_GB,295,3,2,588793
2026-06-02T09:53:37Z,315131958,5582479876096,5199_GB,295,3,2,589104
2026-06-02T09:58:48Z,315456958,5585264017408,5202_GB,295,3,2,589415
2026-06-02T10:03:58Z,315626958,5587519102976,5204_GB,295,3,2,589725
2026-06-02T10:09:09Z,315826958,5590399631360,5206_GB,295,3,2,590035
2026-06-02T10:14:18Z,316201958,5593973506048,5210_GB,295,3,2,590344
2026-06-02T10:19:28Z,316476958,5596804120576,5212_GB,295,3,2,590654
2026-06-02T10:24:37Z,316768791,5599979184128,5215_GB,297,3,2,590964
2026-06-02T10:29:47Z,317103791,5603763167232,5219_GB,297,3,2,591274
2026-06-02T10:34:58Z,317398791,5607009861632,5222_GB,297,3,2,591584
2026-06-02T10:40:08Z,317723791,5610267082752,5225_GB,297,3,2,591894
2026-06-02T10:45:18Z,318118791,5613165355008,5228_GB,297,3,2,592205
2026-06-02T10:50:28Z,318358791,5616052543488,5230_GB,297,3,2,592514
2026-06-02T10:55:38Z,318588791,5618965045248,5233_GB,297,3,2,592824
2026-06-02T11:00:48Z,318688791,5620974043136,5235_GB,297,3,2,593134
2026-06-02T11:05:58Z,318878791,5623468154880,5237_GB,297,3,2,593445
2026-06-02T11:11:08Z,319208791,5626116866048,5240_GB,297,3,2,593755
2026-06-02T11:16:19Z,319433791,5628957794304,5242_GB,297,3,2,594066
2026-06-02T11:21:29Z,319753092,5631885844480,5245_GB,299,3,2,594377
2026-06-02T11:26:40Z,320048092,5634790629376,5248_GB,299,3,2,594687
2026-06-02T11:31:51Z,320308092,5637482872832,5250_GB,299,3,2,594998
2026-06-02T11:37:02Z,320658092,5640843919360,5253_GB,299,3,2,595308
2026-06-02T11:42:12Z,321378092,5643429150720,5256_GB,299,3,2,595624
2026-06-02T11:47:27Z,321783092,5646776631296,5259_GB,299,3,2,595934
2026-06-02T11:52:37Z,322118092,5650053775360,5262_GB,299,3,2,596244
2026-06-02T11:57:48Z,322477296,5653133574144,5265_GB,300,3,2,596555
2026-06-02T12:02:58Z,322850958,5656623169536,5268_GB,301,3,2,596865
2026-06-02T12:08:09Z,323165958,5660218687488,5271_GB,301,3,2,597175
2026-06-02T12:13:19Z,323515958,5663443189760,5274_GB,301,3,2,597485
2026-06-02T12:18:29Z,323755958,5666385043456,5277_GB,301,3,2,597796
2026-06-02T12:23:40Z,324140958,5669943345152,5281_GB,301,3,2,598132
2026-06-02T12:29:16Z,324440958,5672578695168,5283_GB,301,3,2,598444
2026-06-02T12:34:27Z,324720958,5675546894336,5286_GB,301,3,2,598755
2026-06-02T12:39:38Z,325000958,5678596308992,5289_GB,301,3,2,599066
2026-06-02T12:44:49Z,325219145,5681500160000,5291_GB,302,3,2,599377
2026-06-02T12:50:00Z,325354145,5684113121280,5294_GB,302,3,2,599688
2026-06-02T12:55:12Z,325464145,5686553042944,5296_GB,302,3,2,599999
2026-06-02T13:00:23Z,325669145,5689720365056,5299_GB,302,3,2,600310
2026-06-02T13:05:33Z,325894145,5692963766272,5302_GB,302,3,2,600620
2026-06-02T13:10:43Z,326134892,5695936536576,5305_GB,303,3,2,600930
2026-06-02T13:15:54Z,326304892,5698644893696,5307_GB,303,3,2,601240
2026-06-02T13:21:04Z,326499892,5701176967168,5310_GB,303,3,2,601551
2026-06-02T13:26:14Z,326539892,5702858350592,5311_GB,303,3,2,601861
2026-06-02T13:31:24Z,326559892,5704654594048,5313_GB,303,3,2,602171
2026-06-02T13:36:34Z,326564892,5705483632640,5314_GB,303,3,2,602481
2026-06-02T13:41:44Z,326574892,5707262992384,5315_GB,303,3,2,602791
2026-06-02T13:46:54Z,326579892,5707890843648,5316_GB,303,3,2,603100
2026-06-02T13:52:04Z,326594892,5709971464192,5318_GB,303,3,2,603410
2026-06-02T13:57:14Z,326619892,5712026943488,5320_GB,303,3,2,603720
2026-06-02T14:02:24Z,326634892,5713347297280,5321_GB,303,3,2,604030
2026-06-02T14:07:34Z,326659892,5715531694080,5323_GB,303,3,2,604340
2026-06-02T14:12:44Z,326684892,5717592285184,5325_GB,303,3,2,604650
2026-06-02T14:17:54Z,326709892,5719519428608,5327_GB,303,3,2,604960
2026-06-02T14:23:04Z,326754892,5722072432640,5329_GB,303,3,2,605271
2026-06-02T14:28:15Z,326784892,5724410429440,5331_GB,303,3,2,605582
2026-06-02T14:33:26Z,326819892,5726495440896,5333_GB,303,3,2,605892
2026-06-02T14:38:36Z,326864892,5728962863104,5336_GB,303,3,2,606203
2026-06-02T14:43:47Z,326899892,5731135373312,5338_GB,303,3,2,606514
2026-06-02T14:48:57Z,326924892,5733159051264,5339_GB,303,3,2,606824
2026-06-02T14:54:08Z,326959892,5735116636160,5341_GB,303,3,2,607135
2026-06-02T14:59:18Z,326989892,5737148276736,5343_GB,303,3,2,607445
2026-06-02T15:04:28Z,327019892,5739156750336,5345_GB,303,3,2,607755
2026-06-02T15:09:38Z,327049892,5741405552640,5347_GB,303,3,2,608065
2026-06-02T15:14:48Z,327089892,5743511437312,5349_GB,303,3,2,608375
2026-06-02T15:19:58Z,327134892,5745814609920,5351_GB,303,3,2,608685
2026-06-02T15:25:08Z,327268386,5748137959424,5353_GB,304,3,2,608995
2026-06-02T15:30:19Z,327373386,5750356246528,5355_GB,304,3,2,609305
2026-06-02T15:35:29Z,327458386,5752352407552,5357_GB,304,3,2,609615
2026-06-02T15:40:38Z,327633386,5754719354880,5360_GB,304,3,2,609925
2026-06-02T15:45:48Z,327828386,5757243604992,5362_GB,304,3,2,610235
2026-06-02T15:50:59Z,328013386,5759970721792,5364_GB,304,3,2,610545
2026-06-02T15:56:09Z,328198386,5762761957376,5367_GB,304,3,2,610856
2026-06-02T16:01:19Z,328358386,5764987994112,5369_GB,304,3,2,611166
2026-06-02T16:06:29Z,328388386,5766632652800,5371_GB,304,3,2,611476
2026-06-02T16:11:39Z,328463386,5768598872064,5372_GB,304,3,2,611786
2026-06-02T16:16:50Z,328583386,5770656145408,5374_GB,304,3,2,612097
2026-06-02T16:22:00Z,328688386,5772766183424,5376_GB,304,3,2,612407
2026-06-02T16:27:11Z,328798386,5775128297472,5379_GB,304,3,2,612717
2026-06-02T16:32:21Z,328878386,5777376550912,5381_GB,304,3,2,613028
2026-06-02T16:37:31Z,328986774,5779602358272,5383_GB,305,3,2,613338
2026-06-02T16:42:42Z,329109787,5781840084992,5385_GB,306,3,2,613649
2026-06-02T16:47:52Z,329179787,5783996342272,5387_GB,306,3,2,613959
2026-06-02T16:53:02Z,329329787,5786229678080,5389_GB,306,3,2,614269
2026-06-02T16:58:12Z,329434787,5788044476416,5391_GB,306,3,2,614579
2026-06-02T17:03:23Z,329449787,5788965404672,5391_GB,306,3,2,614889
2026-06-02T17:08:32Z,329484787,5790543462400,5393_GB,306,3,2,615199
2026-06-02T17:13:42Z,329714787,5793304346624,5395_GB,306,3,2,615509
2026-06-02T17:18:52Z,329879787,5795280953344,5397_GB,306,3,2,615819
2026-06-02T17:24:03Z,330154787,5798380724224,5400_GB,306,3,2,616129
2026-06-02T17:29:13Z,330429787,5801189466112,5403_GB,306,3,2,616439
2026-06-02T17:34:23Z,330729787,5804067889152,5405_GB,306,3,2,616749
2026-06-02T17:39:33Z,330839787,5805974536192,5407_GB,306,3,2,617059
2026-06-02T17:44:43Z,330859787,5807860678656,5409_GB,306,3,2,617370
2026-06-02T17:49:53Z,330884787,5810027356160,5411_GB,306,3,2,617680
2026-06-02T17:55:03Z,330999787,5812618166272,5413_GB,306,3,2,617989
2026-06-02T18:00:13Z,331114787,5814976143360,5416_GB,306,3,2,618300
2026-06-02T18:05:23Z,331329518,5817033236480,5418_GB,307,3,2,618610
2026-06-02T18:10:33Z,331544196,5819188690944,5420_GB,308,3,2,618921
2026-06-02T18:15:44Z,331764196,5821393141760,5422_GB,308,3,2,619231
2026-06-02T18:20:55Z,331954196,5823535423488,5424_GB,308,3,2,619542
2026-06-02T18:26:06Z,332104196,5825355096064,5425_GB,308,3,2,619852
2026-06-02T18:31:16Z,332354196,5827720437760,5427_GB,308,3,2,620163
2026-06-02T18:36:26Z,332589196,5830410321920,5430_GB,308,3,2,620473
2026-06-02T18:41:36Z,332754196,5832552636416,5432_GB,308,3,2,620783
2026-06-02T18:46:46Z,333024196,5835547353088,5435_GB,308,3,2,621093
2026-06-02T18:51:57Z,333309196,5838389403648,5437_GB,308,3,2,621403
2026-06-02T18:57:07Z,333499196,5840545554432,5439_GB,308,3,2,621714
2026-06-02T19:02:17Z,333864196,5843750535168,5442_GB,308,3,2,622024
2026-06-02T19:07:28Z,334144196,5846675308544,5445_GB,308,3,2,622334
2026-06-02T19:12:38Z,334357342,5849299091456,5448_GB,309,3,2,622644
2026-06-02T19:17:48Z,334660673,5852253175808,5450_GB,310,3,2,622954
2026-06-02T19:22:58Z,334915673,5855336022016,5453_GB,310,3,2,623265
2026-06-02T19:28:08Z,335260673,5858255437824,5456_GB,310,3,2,623575
2026-06-02T19:33:19Z,335525673,5860508712960,5458_GB,310,3,2,623885
2026-06-02T19:38:29Z,335730673,5862446202880,5460_GB,310,3,2,624196
2026-06-02T19:43:40Z,335950673,5864624758784,5462_GB,310,3,2,624507
2026-06-02T19:48:50Z,336150673,5866481000448,5464_GB,310,3,2,624818
2026-06-02T19:54:02Z,336335673,5868160368640,5465_GB,310,3,2,625129
2026-06-02T19:59:12Z,336480673,5869974945792,5467_GB,310,3,2,625439
2026-06-02T20:04:23Z,336640673,5872273604608,5469_GB,310,3,2,625750
2026-06-02T20:09:33Z,336903566,5875031162880,5472_GB,311,3,2,626060
2026-06-02T20:14:43Z,337168566,5877882626048,5474_GB,311,3,2,626370
2026-06-02T20:19:54Z,337508566,5880727715840,5477_GB,311,3,2,626680
2026-06-02T20:25:04Z,337833566,5883712356352,5480_GB,311,3,2,626991
2026-06-02T20:30:14Z,338081960,5886401904640,5482_GB,312,3,2,627301
2026-06-02T20:35:25Z,338366960,5889400602624,5485_GB,312,3,2,627612
2026-06-02T20:40:36Z,338576960,5892157947904,5487_GB,312,3,2,627923
2026-06-02T20:45:46Z,338906960,5895297024000,5490_GB,312,3,2,628233
2026-06-02T20:50:56Z,339226960,5898321756160,5493_GB,312,3,2,628543
2026-06-02T20:56:07Z,339539993,5901477978112,5496_GB,313,3,2,628854
2026-06-02T21:01:18Z,339779993,5903927091200,5498_GB,313,3,2,629165
2026-06-02T21:06:29Z,339934993,5905891663872,5500_GB,313,3,2,629476
2026-06-02T21:11:39Z,340124993,5907343245312,5502_GB,313,3,2,629786
2026-06-02T21:16:50Z,340274993,5908726472704,5503_GB,313,3,2,630097
2026-06-02T21:22:00Z,340454993,5910246227968,5504_GB,313,3,2,630408
2026-06-02T21:27:11Z,340629993,5911662764032,5506_GB,313,3,2,630718
2026-06-02T21:32:22Z,340799993,5913101541376,5507_GB,313,3,2,631029
2026-06-02T21:37:33Z,341019993,5915253022720,5509_GB,313,3,2,631340
2026-06-02T21:42:44Z,341184993,5917444169728,5511_GB,313,3,2,631651
2026-06-02T21:47:55Z,341481976,5920315498496,5514_GB,314,3,2,631962
2026-06-02T21:53:06Z,341791976,5923108986880,5516_GB,314,3,2,632273
2026-06-02T21:58:16Z,342091976,5926055903232,5519_GB,314,3,2,632583
2026-06-02T22:03:26Z,342411976,5929017950208,5522_GB,314,3,2,632893
2026-06-02T22:08:37Z,342704203,5931714969600,5524_GB,315,3,2,633204
2026-06-02T22:13:48Z,342994203,5934647427072,5527_GB,315,3,2,633515
2026-06-02T22:18:58Z,343219203,5937538637824,5530_GB,315,3,2,633825
2026-06-02T22:24:09Z,343539203,5940451540992,5532_GB,315,3,2,634136
2026-06-02T22:29:19Z,343619203,5942478610432,5534_GB,315,3,2,634446
2026-06-02T22:34:29Z,343849203,5944395259904,5536_GB,315,3,2,634756
2026-06-02T22:39:40Z,344139203,5947189141504,5539_GB,315,3,2,635067
2026-06-02T22:44:50Z,344409203,5949565616128,5541_GB,315,3,2,635378
2026-06-02T22:50:02Z,344616952,5951422177280,5543_GB,316,3,2,635689
2026-06-02T22:55:12Z,344811952,5953557946368,5545_GB,316,3,2,636000
2026-06-02T23:00:24Z,345051952,5955515269120,5547_GB,316,3,2,636311
2026-06-02T23:05:34Z,345277680,5957769207808,5549_GB,317,3,2,636622
2026-06-02T23:10:46Z,345457680,5960237989888,5551_GB,317,3,2,636933
2026-06-02T23:15:56Z,345727680,5962750795776,5553_GB,317,3,2,637244
2026-06-02T23:21:07Z,346057391,5965514924032,5556_GB,318,3,2,637554
2026-06-02T23:26:18Z,346262391,5967682502656,5558_GB,318,3,2,637865
2026-06-02T23:31:29Z,346482391,5969954447360,5560_GB,318,3,2,638175
2026-06-02T23:36:39Z,346842391,5972678516736,5562_GB,318,3,2,638486
2026-06-02T23:41:50Z,347117391,5975441227776,5565_GB,318,3,2,638797
2026-06-02T23:47:00Z,347447391,5978524540928,5568_GB,318,3,2,639107
2026-06-02T23:52:11Z,347767391,5981555875840,5571_GB,318,3,2,639418
2026-06-02T23:57:22Z,348172391,5984658612224,5574_GB,318,3,2,639729
2026-06-03T00:02:33Z,348460502,5987816882176,5577_GB,319,3,2,640040
2026-06-03T00:07:43Z,348782415,5990656278528,5579_GB,320,3,2,640351
2026-06-03T00:12:55Z,348997415,5993244794880,5582_GB,320,3,2,640661
2026-06-03T00:18:05Z,349237415,5995266514944,5584_GB,320,3,2,640973
2026-06-03T00:23:17Z,349407415,5997293379584,5585_GB,320,3,2,641285
2026-06-03T00:28:28Z,349587415,5999771435008,5588_GB,320,3,2,641595
2026-06-03T00:33:39Z,349852415,6002072780800,5590_GB,320,3,2,641907
2026-06-03T00:38:51Z,350067415,6004234551296,5592_GB,320,3,2,642218
2026-06-03T00:44:02Z,350332415,6006513459200,5594_GB,320,3,2,642530
2026-06-03T00:49:13Z,350502415,6008274845696,5596_GB,320,3,2,642840
2026-06-03T00:54:24Z,350832415,6011389599744,5599_GB,320,3,2,643151
2026-06-03T00:59:35Z,351092415,6014272536576,5601_GB,320,3,2,643462
2026-06-03T01:04:45Z,351427141,6017271496704,5604_GB,321,3,2,643773
2026-06-03T01:09:56Z,351766054,6020310802432,5607_GB,322,3,2,644084
2026-06-03T01:15:08Z,352051054,6022861348864,5609_GB,322,3,2,644395
2026-06-03T01:20:19Z,352116054,6024790237184,5611_GB,322,3,2,644706
2026-06-03T01:25:30Z,352301054,6027681873920,5614_GB,322,3,2,645017
2026-06-03T01:30:40Z,352441054,6029998751744,5616_GB,322,3,2,645327
2026-06-03T01:35:51Z,352761054,6033166073856,5619_GB,322,3,2,645638
2026-06-03T01:41:01Z,353116054,6036151427072,5622_GB,322,3,2,645948
2026-06-03T01:46:12Z,353441054,6039109386240,5624_GB,322,3,2,646259
2026-06-03T01:51:23Z,353721054,6041337675776,5626_GB,322,3,2,646571
2026-06-03T01:56:35Z,353921054,6043310751744,5628_GB,322,3,2,646883
2026-06-03T02:01:46Z,354151054,6045380960256,5630_GB,322,3,2,647194
2026-06-03T02:06:58Z,354311054,6047268200448,5632_GB,322,3,2,647506
2026-06-03T02:12:10Z,354541497,6049735327744,5634_GB,324,3,2,647818
2026-06-03T02:17:21Z,354786497,6052027506688,5636_GB,324,3,2,648129
2026-06-03T02:22:33Z,355036497,6054524092416,5639_GB,324,3,2,648440
2026-06-03T02:27:43Z,355306497,6057538887680,5642_GB,324,3,2,648751
2026-06-03T02:32:54Z,355546497,6060489506816,5644_GB,324,3,2,649061
2026-06-03T02:38:05Z,355861497,6063459360768,5647_GB,324,3,2,649373
2026-06-03T02:43:17Z,356196497,6066287583232,5650_GB,324,3,2,649684
2026-06-03T02:48:28Z,356551497,6069264859136,5652_GB,324,3,2,649996
2026-06-03T02:53:39Z,356886497,6072345018368,5655_GB,324,3,2,650307
2026-06-03T02:58:50Z,357151497,6075387723776,5658_GB,324,3,2,650618
2026-06-03T03:04:02Z,357571982,6078535294976,5661_GB,326,3,2,650930
2026-06-03T03:09:13Z,357761982,6081352974336,5664_GB,326,3,2,651240
2026-06-03T03:14:24Z,358056982,6084535541760,5667_GB,326,3,2,651551
2026-06-03T03:19:35Z,358231982,6087068418048,5669_GB,326,3,2,651863
2026-06-03T03:24:47Z,358471982,6088937562112,5671_GB,326,3,2,652175
2026-06-03T03:29:59Z,358636982,6090899832832,5673_GB,326,3,2,652487
2026-06-03T03:35:11Z,358801982,6092770738176,5674_GB,326,3,2,652801
2026-06-03T03:40:25Z,359016982,6094746411008,5676_GB,326,3,2,653113
2026-06-03T03:45:36Z,359146982,6096853000192,5678_GB,326,3,2,653425
2026-06-03T03:50:48Z,359381982,6099161784320,5680_GB,326,3,2,653736
2026-06-03T03:56:00Z,359511982,6101868609536,5683_GB,326,3,2,654047
2026-06-03T04:01:11Z,359686982,6104585658368,5685_GB,326,3,2,654358
2026-06-03T04:06:22Z,359901982,6107254669312,5688_GB,326,3,2,654669
2026-06-03T04:11:33Z,360031982,6109664878592,5690_GB,326,3,2,654980
2026-06-03T04:16:44Z,360106982,6111869214720,5692_GB,326,3,2,655292
2026-06-03T04:21:55Z,360294011,6114237988864,5694_GB,327,3,2,655603
2026-06-03T04:27:07Z,360479011,6116571193344,5697_GB,327,3,2,655914
2026-06-03T04:32:18Z,360669011,6118955524096,5699_GB,327,3,2,656225
2026-06-03T04:37:29Z,360864011,6121469640704,5701_GB,327,3,2,656536
2026-06-03T04:42:40Z,360989011,6123734228992,5703_GB,327,3,2,656847
2026-06-03T04:47:51Z,361154011,6126442135552,5706_GB,327,3,2,657159
2026-06-03T04:53:02Z,361244011,6128605151232,5708_GB,327,3,2,657470
2026-06-03T04:58:14Z,361359011,6130611568640,5710_GB,327,3,2,657782
2026-06-03T05:03:26Z,361499011,6132760788992,5712_GB,327,3,2,658094
2026-06-03T05:08:37Z,361649011,6134904446976,5714_GB,327,3,2,658406
2026-06-03T05:13:49Z,361729011,6137167831040,5716_GB,327,3,2,658717
2026-06-03T05:19:01Z,361904013,6139487502336,5718_GB,329,3,2,659029
2026-06-03T05:24:13Z,362099013,6141875724288,5720_GB,329,3,2,659341
2026-06-03T05:29:25Z,362264013,6144310525952,5722_GB,329,3,2,659662
2026-06-03T05:34:46Z,362534013,6147178930176,5725_GB,329,3,2,659974
2026-06-03T05:39:57Z,362794013,6149930344448,5728_GB,329,3,2,660285
2026-06-03T05:45:08Z,363074013,6152930312192,5730_GB,329,3,2,660596
2026-06-03T05:50:19Z,363379013,6155878244352,5733_GB,329,3,2,660907
2026-06-03T05:55:30Z,363569013,6158582661120,5736_GB,329,3,2,661218
2026-06-03T06:00:42Z,363864013,6161491910656,5738_GB,329,3,2,661530
2026-06-03T06:05:53Z,364094013,6163965902848,5741_GB,329,3,2,661841
2026-06-03T06:11:05Z,364309013,6166719676416,5743_GB,329,3,2,662152
2026-06-03T06:16:16Z,364527465,6169548939264,5746_GB,330,3,2,662464
2026-06-03T06:21:27Z,364822465,6172539723776,5749_GB,330,3,2,662775
2026-06-03T06:26:39Z,365052465,6174878187520,5751_GB,330,3,2,663087
2026-06-03T06:31:50Z,365228026,6176748142592,5753_GB,331,3,2,663398
2026-06-03T06:37:02Z,365328026,6178758025216,5754_GB,331,3,2,663710
2026-06-03T06:42:14Z,365453026,6180648665088,5756_GB,331,3,2,664023
2026-06-03T06:47:26Z,365658026,6182893658112,5758_GB,331,3,2,664336
2026-06-03T06:52:39Z,365773026,6185048645632,5760_GB,331,3,2,664648
2026-06-03T06:57:51Z,365933026,6187215962112,5762_GB,331,3,2,664960
2026-06-03T07:03:04Z,366218026,6189869760512,5765_GB,331,3,2,665272
2026-06-03T07:08:15Z,366488026,6192865935360,5768_GB,331,3,2,665584
2026-06-03T07:13:27Z,366763026,6195747364864,5770_GB,331,3,2,665895
2026-06-03T07:18:38Z,366968026,6198378201088,5773_GB,331,3,2,666207
2026-06-03T07:23:50Z,367118026,6201117171712,5775_GB,331,3,2,666519
2026-06-03T07:29:03Z,367188026,6203303043072,5777_GB,331,3,2,666831
2026-06-03T07:34:14Z,367278026,6205405954048,5779_GB,331,3,2,667142
2026-06-03T07:39:26Z,367423026,6207698608128,5781_GB,331,3,2,667453
2026-06-03T07:44:37Z,367575278,6209799675904,5783_GB,332,3,2,667765
2026-06-03T07:49:48Z,367730278,6212077658112,5785_GB,332,3,2,668076
2026-06-03T07:55:00Z,367845278,6214246596608,5787_GB,332,3,2,668388
2026-06-03T08:00:11Z,367865278,6215221403648,5788_GB,332,3,2,668699
2026-06-03T08:05:23Z,368048706,6217977077760,5791_GB,333,3,2,669011
2026-06-03T08:10:34Z,368238706,6220416475136,5793_GB,333,3,2,669323
2026-06-03T08:15:47Z,368363706,6222502256640,5795_GB,333,3,2,669635
2026-06-03T08:20:59Z,368558706,6224468090880,5797_GB,333,3,2,669948
2026-06-03T08:26:11Z,368693706,6226492596224,5799_GB,333,3,2,670260
2026-06-03T08:31:23Z,368833706,6228573446144,5801_GB,333,3,2,670572
2026-06-03T08:36:35Z,368928706,6230491045888,5803_GB,333,3,2,670883
2026-06-03T08:41:47Z,369053706,6232585977856,5805_GB,333,3,2,671195
2026-06-03T08:46:59Z,369233706,6234982014976,5807_GB,333,3,2,671507
2026-06-03T08:52:11Z,369373706,6237021831168,5809_GB,333,3,2,671819
2026-06-03T08:57:23Z,369476376,6238950416384,5810_GB,334,3,2,672131
2026-06-03T09:02:34Z,369586376,6241009319936,5812_GB,334,3,2,672443
2026-06-03T09:07:46Z,369796376,6243307315200,5815_GB,334,3,2,672754
2026-06-03T09:12:57Z,369976376,6245618229248,5817_GB,334,3,2,673065
2026-06-03T09:18:09Z,370256376,6248513757184,5819_GB,334,3,2,673377
2026-06-03T09:23:20Z,370521376,6251125202944,5822_GB,334,3,2,673688
2026-06-03T09:28:32Z,370808401,6253820616704,5824_GB,335,3,2,674000
2026-06-03T09:33:44Z,371158401,6256788381696,5827_GB,335,3,2,674312
2026-06-03T09:38:56Z,371468401,6259801972736,5830_GB,335,3,2,674624
2026-06-03T09:44:08Z,371823401,6262869893120,5833_GB,335,3,2,674936
2026-06-03T09:49:20Z,372108401,6265826197504,5836_GB,335,3,2,675266
2026-06-03T09:54:50Z,372352201,6267863662592,5837_GB,336,3,2,675579
2026-06-03T10:00:03Z,372577201,6269980319744,5839_GB,336,3,2,675892
2026-06-03T10:05:15Z,372732201,6272030851072,5841_GB,336,3,2,676204
2026-06-03T10:10:28Z,372947201,6274312724480,5843_GB,336,3,2,676517
2026-06-03T10:15:41Z,373137201,6276760723456,5846_GB,336,3,2,676829
2026-06-03T10:20:52Z,373347201,6278883409920,5848_GB,336,3,2,677143
2026-06-03T10:26:06Z,373665083,6281792012288,5850_GB,337,3,2,677455
2026-06-03T10:31:18Z,373905083,6284579930112,5853_GB,337,3,2,677767
2026-06-03T10:36:30Z,374210083,6287464816640,5856_GB,337,3,2,678079
2026-06-03T10:41:43Z,374495083,6290054774784,5858_GB,337,3,2,678391
2026-06-03T10:46:54Z,374730083,6292605419520,5860_GB,337,3,2,678703
2026-06-03T10:52:07Z,375020083,6295369949184,5863_GB,337,3,2,679015
2026-06-03T10:57:19Z,375357293,6298154311680,5866_GB,338,3,2,679327
2026-06-03T11:02:31Z,375692293,6301032333312,5868_GB,338,3,2,679639
2026-06-03T11:07:43Z,375907293,6303864553472,5871_GB,338,3,2,679951
2026-06-03T11:12:55Z,376222293,6306807857152,5874_GB,338,3,2,680263
2026-06-03T11:18:07Z,376567293,6309986254848,5877_GB,338,3,2,680576
2026-06-03T11:23:19Z,376842256,6312472518656,5879_GB,339,3,2,680888
2026-06-03T11:28:32Z,377087256,6314397196288,5881_GB,339,3,2,681201
2026-06-03T11:33:44Z,377332256,6316512034816,5883_GB,339,3,2,681513
2026-06-03T11:38:57Z,377587256,6318949228544,5885_GB,339,3,2,681826
2026-06-03T11:44:10Z,377737256,6321087791104,5887_GB,339,3,2,682140
2026-06-03T11:49:23Z,377882256,6323359637504,5889_GB,339,3,2,682452
2026-06-03T11:54:36Z,378027256,6325208637440,5891_GB,339,3,2,682764
2026-06-03T11:59:48Z,378082256,6327082180608,5893_GB,339,3,2,683076
2026-06-03T12:05:00Z,378227256,6329083256832,5894_GB,339,3,2,683388
2026-06-03T12:10:12Z,378372256,6331278163968,5896_GB,339,3,2,683700
2026-06-03T12:15:24Z,378557256,6333606715392,5899_GB,339,3,2,684013
2026-06-03T12:20:36Z,378577256,6335005057024,5900_GB,339,3,2,684325
2026-06-03T12:25:48Z,378587256,6336319856640,5901_GB,339,3,2,684637
2026-06-03T12:31:00Z,378622256,6338233016320,5903_GB,339,3,2,684948
2026-06-03T12:36:12Z,378662256,6340144660480,5905_GB,339,3,2,685261
2026-06-03T12:41:24Z,378702256,6342001491968,5906_GB,339,3,2,685573
2026-06-03T12:46:37Z,378742256,6343664467968,5908_GB,339,3,2,685885
2026-06-03T12:51:49Z,378807256,6345922134016,5910_GB,339,3,2,686197
2026-06-03T12:57:01Z,378893126,6348052029440,5912_GB,340,3,2,686509
2026-06-03T13:02:13Z,379103126,6350524841984,5914_GB,340,3,2,686821
2026-06-03T13:07:25Z,379268126,6352422338560,5916_GB,340,3,2,687133
2026-06-03T13:12:37Z,379408126,6354804441088,5918_GB,340,3,2,687445
2026-06-03T13:17:48Z,379583126,6357202575360,5921_GB,340,3,2,687757
2026-06-03T13:23:00Z,379683126,6358677012480,5922_GB,340,3,2,688069
2026-06-03T13:28:13Z,379768126,6360652734464,5924_GB,340,3,2,688382
2026-06-03T13:33:26Z,379828126,6362310590464,5925_GB,340,3,2,688695
2026-06-03T13:38:39Z,379983126,6364236308480,5927_GB,340,3,2,689008
2026-06-03T13:43:52Z,380133126,6365841104896,5929_GB,340,3,2,689322
2026-06-03T13:49:05Z,380218126,6367691259904,5930_GB,340,3,2,689635
2026-06-03T13:54:18Z,380338126,6369046831104,5932_GB,340,3,2,689947
2026-06-03T13:59:31Z,380463859,6371719086080,5934_GB,341,3,2,690259
2026-06-03T14:04:43Z,380588859,6373212405760,5936_GB,341,3,2,690571
2026-06-03T14:09:55Z,380651593,6375085203456,5937_GB,342,3,2,690883
2026-06-03T14:15:07Z,380911593,6377808003072,5940_GB,342,3,2,691195
2026-06-03T14:20:19Z,381136593,6380657229824,5942_GB,342,3,2,691508
2026-06-03T14:25:31Z,381441593,6383258345472,5945_GB,342,3,2,691819
2026-06-03T14:30:43Z,381701593,6385763516416,5947_GB,342,3,2,692132
2026-06-03T14:35:55Z,382021593,6388286119936,5950_GB,342,3,2,692443
2026-06-03T14:41:07Z,382291593,6390761136128,5952_GB,342,3,2,692755
2026-06-03T14:46:19Z,382591593,6393472049152,5954_GB,342,3,2,693067
2026-06-03T14:51:31Z,382751593,6395441152000,5956_GB,342,3,2,693379
2026-06-03T14:56:43Z,382920901,6398006861824,5959_GB,343,3,2,693691
2026-06-03T15:01:55Z,383175901,6400880394240,5961_GB,343,3,2,694022
2026-06-03T15:07:26Z,383345901,6402729451520,5963_GB,343,3,2,694335
2026-06-03T15:12:39Z,383545901,6404468768768,5965_GB,343,3,2,694649
2026-06-03T15:17:52Z,383710901,6406683828224,5967_GB,343,3,2,694961
2026-06-03T15:23:05Z,383915901,6408940027904,5969_GB,343,3,2,695274
2026-06-03T15:28:18Z,384134160,6411058225152,5971_GB,344,3,2,695587
2026-06-03T15:33:31Z,384374160,6413382811648,5973_GB,344,3,2,695899
2026-06-03T15:38:43Z,384649160,6416073031680,5975_GB,344,3,2,696212
2026-06-03T15:43:56Z,384874160,6418618654720,5978_GB,344,3,2,696524
2026-06-03T15:49:08Z,385144160,6421202935808,5980_GB,344,3,2,696836
2026-06-03T15:54:20Z,385474160,6424021909504,5983_GB,344,3,2,697149
2026-06-03T15:59:32Z,385776924,6426868523008,5985_GB,345,3,2,697461
2026-06-03T16:04:44Z,386081924,6429503807488,5988_GB,345,3,2,697773
2026-06-03T16:09:57Z,386416924,6432263290880,5991_GB,345,3,2,698086
2026-06-03T16:15:09Z,386751924,6435199451136,5993_GB,345,3,2,698398
2026-06-03T16:20:22Z,387021924,6437938429952,5996_GB,345,3,2,698711
2026-06-03T16:25:35Z,387206924,6440264146944,5998_GB,345,3,2,699024
2026-06-03T16:30:48Z,387500685,6443299299328,6001_GB,346,3,2,699337
2026-06-03T16:36:00Z,387690685,6445902626816,6003_GB,346,3,2,699649
2026-06-03T16:41:13Z,387860685,6447601639424,6005_GB,346,3,2,699963
2026-06-03T16:46:26Z,388060685,6449249230848,6006_GB,346,3,2,700276
2026-06-03T16:51:39Z,388290685,6451156361216,6008_GB,346,3,2,700589
2026-06-03T16:56:52Z,388468732,6453039874048,6010_GB,347,3,2,700902
2026-06-03T17:02:06Z,388718732,6454939451392,6012_GB,347,3,2,701215
2026-06-03T17:07:19Z,388933732,6457032228864,6014_GB,347,3,2,701528
2026-06-03T17:12:32Z,389188732,6459705876480,6016_GB,347,3,2,701841
2026-06-03T17:17:44Z,389464952,6462615158784,6019_GB,348,3,2,702154
2026-06-03T17:22:57Z,389704952,6465576796160,6022_GB,348,3,2,702466
2026-06-03T17:28:10Z,390044952,6468634263552,6024_GB,348,3,2,702779
2026-06-03T17:33:23Z,390364952,6471398547456,6027_GB,348,3,2,703091
2026-06-03T17:38:35Z,390639952,6474396450816,6030_GB,348,3,2,703404
2026-06-03T17:43:47Z,390929952,6477389053952,6033_GB,348,3,2,703716
2026-06-03T17:49:00Z,391184952,6480230236160,6035_GB,348,3,2,704029
2026-06-03T17:54:13Z,391483450,6482905030656,6038_GB,349,3,2,704342
2026-06-03T17:59:25Z,391823450,6485858123776,6040_GB,349,3,2,704655
2026-06-03T18:04:38Z,392118450,6488889262080,6043_GB,349,3,2,704989
2026-06-03T18:10:13Z,392307027,6490640695296,6045_GB,350,3,2,705302
2026-06-03T18:15:26Z,392537027,6492453806080,6047_GB,350,3,2,705615
2026-06-03T18:20:39Z,392737027,6494542708736,6049_GB,350,3,2,705929
2026-06-03T18:25:52Z,392962027,6496402333696,6050_GB,350,3,2,706242
2026-06-03T18:31:06Z,393002027,6496994988032,6051_GB,350,3,2,706555
2026-06-03T18:36:19Z,393002027,6496994988032,6051_GB,350,3,2,706868
2026-06-03T18:41:32Z,393002027,6496994988032,6051_GB,350,3,2,707181
2026-06-03T18:46:44Z,393002027,6496994988032,6051_GB,350,0,0,NA
2026-06-03T18:51:56Z,393002027,6496994988032,6051_GB,350,0,0,NA
2026-06-03T18:57:08Z,393002027,6496994988032,6051_GB,350,0,0,NA
2026-06-03T19:02:19Z,393002027,6496994988032,6051_GB,350,0,0,NA
2026-06-03T19:07:31Z,393002027,6496994988032,6051_GB,350,0,0,NA
2026-06-03T19:12:42Z,393002027,6496994988032,6051_GB,350,0,0,NA
2026-06-03T19:17:54Z,393002027,6496994988032,6051_GB,350,0,0,NA
2026-06-03T19:23:05Z,393002027,6496994988032,6051_GB,350,0,0,NA
2026-06-03T19:28:18Z,393002027,6496994988032,6051_GB,350,0,0,NA
2026-06-03T19:33:29Z,393002027,6496994988032,6051_GB,350,0,0,NA
2026-06-03T19:38:41Z,393002027,6496994988032,6051_GB,350,0,0,NA
2026-06-03T19:43:53Z,393002027,6496994988032,6051_GB,350,0,0,NA
2026-06-03T19:49:05Z,393002027,6496994988032,6051_GB,350,0,0,NA
2026-06-03T19:54:17Z,393002027,6496994988032,6051_GB,350,0,0,NA
2026-06-03T19:59:32Z,393002027,6496994988032,6051_GB,350,0,0,NA
2026-06-03T20:04:45Z,393002027,6496994988032,6051_GB,350,0,0,NA
2026-06-03T20:10:26Z,393002027,6496994988032,6051_GB,350,0,0,NA
2026-06-03T20:16:49Z,393002027,6496994988032,6051_GB,350,0,0,NA
2026-06-03T20:22:49Z,393002027,6496994988032,6051_GB,350,0,0,NA
2026-06-03T20:28:25Z,393002027,6496994988032,6051_GB,350,0,0,NA
2026-06-03T20:33:39Z,393002027,6496994988032,6051_GB,350,0,0,NA
2026-06-03T20:38:54Z,393002027,6496994988032,6051_GB,350,0,0,NA
2026-06-03T20:44:09Z,393002027,6496994988032,6051_GB,350,0,0,NA
2026-06-03T20:49:24Z,393002027,6496994988032,6051_GB,350,0,0,NA
2026-06-03T20:54:39Z,393002027,6496994988032,6051_GB,350,0,0,NA
2026-06-03T20:59:54Z,393002027,6496994988032,6051_GB,350,0,0,NA
2026-06-03T21:05:09Z,393002027,6496994988032,6051_GB,350,0,0,NA
2026-06-03T21:10:25Z,393002027,6496994988032,6051_GB,350,0,0,NA
2026-06-03T21:15:39Z,393002027,6496994988032,6051_GB,350,0,0,NA
2026-06-03T21:20:54Z,393002027,6496994988032,6051_GB,350,0,0,NA
2026-06-03T21:26:09Z,393002027,6496994988032,6051_GB,350,0,0,NA
2026-06-03T21:31:25Z,393002027,6496994988032,6051_GB,350,0,0,NA
2026-06-03T21:36:40Z,393002027,6496994988032,6051_GB,350,0,0,NA
2026-06-03T21:41:55Z,393002027,6496994988032,6051_GB,350,0,0,NA
2026-06-03T21:47:10Z,393002027,6496994988032,6051_GB,350,0,0,NA
2026-06-03T21:52:25Z,393002027,6496994988032,6051_GB,350,0,0,NA
2026-06-03T21:57:40Z,393002027,6496994988032,6051_GB,350,0,0,NA
2026-06-03T22:02:57Z,393002027,6496994988032,6051_GB,350,0,0,NA
2026-06-03T22:08:14Z,393002027,6496994988032,6051_GB,350,0,0,NA
2026-06-03T22:13:30Z,393002027,6496994988032,6051_GB,350,0,0,NA
2026-06-03T22:18:47Z,393002027,6496994988032,6051_GB,350,0,0,NA
2026-06-03T22:24:03Z,393002027,6496994988032,6051_GB,350,0,0,NA
2026-06-03T22:29:19Z,393002027,6496994988032,6051_GB,350,0,0,NA
2026-06-03T22:34:35Z,393002027,6496994988032,6051_GB,350,0,0,NA
2026-06-03T22:39:47Z,393002027,6496994988032,6051_GB,350,0,0,NA
2026-06-03T22:44:59Z,393002027,6496994988032,6051_GB,350,0,0,NA
2026-06-03T22:50:10Z,393002027,6496994988032,6051_GB,350,0,0,NA
2026-06-03T22:55:22Z,393002027,6496994988032,6051_GB,350,0,0,NA
2026-06-03T23:00:34Z,393002027,6496994988032,6051_GB,350,0,0,NA
2026-06-03T23:05:46Z,393002027,6496994988032,6051_GB,350,0,0,NA
2026-06-03T23:10:58Z,393002027,6496994988032,6051_GB,350,0,0,NA
2026-06-03T23:16:10Z,393002027,6496994988032,6051_GB,350,0,0,NA
2026-06-03T23:21:22Z,393002027,6496994988032,6051_GB,350,0,0,NA
2026-06-03T23:26:34Z,393002027,6496994988032,6051_GB,350,0,0,NA
2026-06-03T23:31:46Z,393002027,6496994988032,6051_GB,350,0,0,NA
2026-06-03T23:36:58Z,393002027,6496994988032,6051_GB,350,0,0,NA
2026-06-03T23:42:10Z,393002027,6496994988032,6051_GB,350,0,0,NA
2026-06-03T23:47:22Z,393002027,6496994988032,6051_GB,350,0,0,NA
2026-06-03T23:52:34Z,393002027,6496994988032,6051_GB,350,0,0,NA
2026-06-03T23:57:46Z,393002027,6496994988032,6051_GB,350,0,0,NA
2026-06-04T00:02:59Z,393002027,6496994988032,6051_GB,350,0,0,NA
2026-06-04T00:08:11Z,393002027,6496994988032,6051_GB,350,0,0,NA
2026-06-04T00:13:23Z,393002027,6496994988032,6051_GB,350,0,0,NA
2026-06-04T00:18:36Z,393002027,6496994988032,6051_GB,350,0,0,NA
2026-06-04T00:23:48Z,393002027,6496994988032,6051_GB,350,0,0,NA
2026-06-04T00:29:00Z,393002027,6496994988032,6051_GB,350,0,0,NA
2026-06-04T00:34:12Z,393002027,6496994988032,6051_GB,350,0,0,NA
2026-06-04T00:39:24Z,393002027,6496994988032,6051_GB,350,0,0,NA
2026-06-04T00:44:37Z,393002027,6496994988032,6051_GB,350,0,0,NA
2026-06-04T00:49:49Z,393002027,6496994988032,6051_GB,350,0,0,NA
2026-06-04T00:55:01Z,393002027,6496994988032,6051_GB,350,0,0,NA
2026-06-04T01:00:13Z,393002027,6496994988032,6051_GB,350,0,0,NA
2026-06-04T01:05:25Z,393002027,6496994988032,6051_GB,350,0,0,NA
2026-06-04T01:10:37Z,393002027,6496994988032,6051_GB,350,0,0,NA
2026-06-04T01:15:50Z,393002027,6496994988032,6051_GB,350,0,0,NA
2026-06-04T01:21:02Z,393002027,6496994988032,6051_GB,350,0,0,NA
2026-06-04T01:26:14Z,393002027,6496994988032,6051_GB,350,0,0,NA
2026-06-04T01:31:26Z,393002027,6496994988032,6051_GB,350,0,0,NA
2026-06-04T01:36:38Z,393002027,6496994988032,6051_GB,350,0,0,NA
2026-06-04T01:41:51Z,393002027,6496994988032,6051_GB,350,0,0,NA
2026-06-04T01:47:03Z,393002027,6496994988032,6051_GB,350,0,0,NA
2026-06-04T01:52:14Z,393002027,6496994988032,6051_GB,350,0,0,NA
2026-06-04T01:57:26Z,393002027,6496994988032,6051_GB,350,0,0,NA
2026-06-04T02:02:37Z,393002027,6496994988032,6051_GB,350,0,0,NA
2026-06-04T02:07:48Z,393002027,6496994988032,6051_GB,350,0,0,NA
2026-06-04T02:13:00Z,393002027,6496994988032,6051_GB,350,0,0,NA
2026-06-04T02:18:11Z,393002027,6496994988032,6051_GB,350,0,0,NA
2026-06-04T02:23:23Z,393002027,6496994988032,6051_GB,350,0,0,NA
2026-06-04T02:28:34Z,393002027,6496994988032,6051_GB,350,0,0,NA
2026-06-04T02:33:46Z,393002027,6496994988032,6051_GB,350,0,0,NA
2026-06-04T02:38:57Z,393002027,6496994988032,6051_GB,350,0,0,NA
2026-06-04T02:44:08Z,393002027,6496994988032,6051_GB,350,0,0,NA
2026-06-04T02:49:20Z,393002027,6496994988032,6051_GB,350,0,0,NA
2026-06-04T02:54:31Z,393002027,6496994988032,6051_GB,350,0,0,NA
2026-06-04T02:59:42Z,393002027,6496994988032,6051_GB,350,0,0,NA
2026-06-04T03:04:53Z,393002027,6496994988032,6051_GB,350,0,0,NA
2026-06-04T03:10:05Z,393002027,6496994988032,6051_GB,350,0,0,NA
2026-06-04T03:15:16Z,393002027,6496994988032,6051_GB,350,0,0,NA
2026-06-04T03:20:28Z,393002027,6496994988032,6051_GB,350,0,0,NA
2026-06-04T03:25:39Z,393002027,6496994988032,6051_GB,350,0,0,NA
2026-06-04T03:30:50Z,393002027,6496994988032,6051_GB,350,0,0,NA
2026-06-04T03:36:02Z,393002027,6496994988032,6051_GB,350,0,0,NA
2026-06-04T03:41:13Z,393002027,6496994988032,6051_GB,350,0,0,NA
2026-06-04T03:46:25Z,393002027,6496994988032,6051_GB,350,0,0,NA
2026-06-04T03:51:36Z,393002027,6496994988032,6051_GB,350,0,0,NA
2026-06-04T03:56:48Z,393002027,6496994988032,6051_GB,350,0,0,NA
2026-06-04T04:01:59Z,393002027,6496994988032,6051_GB,350,0,0,NA
2026-06-04T04:07:11Z,393002027,6496994988032,6051_GB,350,0,0,NA
2026-06-04T04:12:22Z,393002027,6496994988032,6051_GB,350,0,0,NA
2026-06-04T04:17:34Z,393002027,6496994988032,6051_GB,350,0,0,NA
2026-06-04T04:22:45Z,393002027,6496994988032,6051_GB,350,0,0,NA
2026-06-04T04:27:56Z,393002027,6496994988032,6051_GB,350,0,0,NA
2026-06-04T04:33:08Z,393002027,6496994988032,6051_GB,350,0,0,NA
2026-06-04T04:38:19Z,393002027,6496994988032,6051_GB,350,0,0,NA
2026-06-04T04:43:30Z,393002027,6496994988032,6051_GB,350,0,0,NA
2026-06-04T04:48:42Z,393002027,6496994988032,6051_GB,350,0,0,NA
2026-06-04T04:53:53Z,393002027,6496994988032,6051_GB,350,0,0,NA
2026-06-04T04:59:05Z,393002027,6496994988032,6051_GB,350,0,0,NA
2026-06-04T05:04:17Z,393002027,6496994988032,6051_GB,350,0,0,NA
2026-06-04T05:09:28Z,393002027,6496994988032,6051_GB,350,0,0,NA
2026-06-04T05:14:39Z,393002027,6496994988032,6051_GB,350,0,0,NA
2026-06-04T05:19:51Z,393002027,6496994988032,6051_GB,350,0,0,NA
2026-06-04T05:25:02Z,393002027,6496994988032,6051_GB,350,0,0,NA
2026-06-04T05:30:13Z,393002027,6496994988032,6051_GB,350,0,0,NA
2026-06-04T05:35:24Z,393002027,6496994988032,6051_GB,350,0,0,NA
2026-06-04T05:40:36Z,393002027,6496994988032,6051_GB,350,0,0,NA
2026-06-04T05:45:47Z,393002027,6496994988032,6051_GB,350,0,0,NA
2026-06-04T05:50:59Z,393002027,6496994988032,6051_GB,350,0,0,NA
2026-06-04T05:56:10Z,393002027,6496994988032,6051_GB,350,0,0,NA
2026-06-04T06:01:22Z,393002027,6496994988032,6051_GB,350,0,0,NA
2026-06-04T06:06:33Z,393002027,6496994988032,6051_GB,350,0,0,NA
2026-06-04T06:11:45Z,393002027,6496994988032,6051_GB,350,0,0,NA
2026-06-04T06:16:56Z,393002027,6496994988032,6051_GB,350,0,0,NA
2026-06-04T06:22:08Z,393002027,6496994988032,6051_GB,350,0,0,NA
2026-06-04T06:27:19Z,393002027,6496994988032,6051_GB,350,0,0,NA
2026-06-04T06:32:31Z,393002027,6496994988032,6051_GB,350,0,0,NA
2026-06-04T06:37:42Z,393002027,6496994988032,6051_GB,350,0,0,NA
2026-06-04T06:42:53Z,393002027,6496994988032,6051_GB,350,0,0,NA
2026-06-04T06:48:05Z,393002027,6496994988032,6051_GB,350,0,0,NA
2026-06-04T06:53:16Z,393002027,6496994988032,6051_GB,350,0,0,NA
2026-06-04T06:58:28Z,393002027,6496994988032,6051_GB,350,0,0,NA
2026-06-04T07:03:39Z,393002027,6496994988032,6051_GB,350,0,0,NA
2026-06-04T07:08:51Z,393002027,6496994988032,6051_GB,350,0,0,NA
2026-06-04T07:14:02Z,393002027,6496994988032,6051_GB,350,0,0,NA
2026-06-04T07:19:14Z,393002027,6496994988032,6051_GB,350,0,0,NA
2026-06-04T07:24:25Z,393002027,6496994988032,6051_GB,350,0,0,NA
2026-06-04T07:29:36Z,393002027,6496994988032,6051_GB,350,0,0,NA
2026-06-04T07:34:48Z,393002027,6496994988032,6051_GB,350,0,0,NA
2026-06-04T07:39:59Z,393002027,6496994988032,6051_GB,350,0,0,NA
2026-06-04T07:45:10Z,393002027,6496994988032,6051_GB,350,0,0,NA
2026-06-04T07:50:22Z,393002027,6496994988032,6051_GB,350,0,0,NA
2026-06-04T07:55:33Z,393002027,6496994988032,6051_GB,350,0,0,NA
2026-06-04T08:00:44Z,393002027,6496994988032,6051_GB,350,0,0,NA
2026-06-04T08:05:56Z,393002027,6496994988032,6051_GB,350,0,0,NA
2026-06-04T08:11:07Z,393002027,6496994988032,6051_GB,350,0,0,NA
2026-06-04T08:16:19Z,393002027,6496994988032,6051_GB,350,0,0,NA
2026-06-04T08:21:30Z,393002027,6496994988032,6051_GB,350,0,0,NA
2026-06-04T08:26:41Z,393002027,6496994988032,6051_GB,350,0,0,NA
2026-06-04T08:31:52Z,393002027,6496994988032,6051_GB,350,0,0,NA
2026-06-04T08:37:04Z,393002027,6496994988032,6051_GB,350,0,0,NA
2026-06-04T08:42:15Z,393002027,6496994988032,6051_GB,350,0,0,NA
2026-06-04T08:47:26Z,393002027,6496994988032,6051_GB,350,0,0,NA
2026-06-04T08:52:38Z,393002027,6496994988032,6051_GB,350,0,0,NA
2026-06-04T08:57:49Z,393002027,6496994988032,6051_GB,350,0,0,NA
2026-06-04T09:03:00Z,393002027,6496994988032,6051_GB,350,0,0,NA
2026-06-04T09:08:11Z,393002027,6496994988032,6051_GB,350,0,0,NA
2026-06-04T09:13:23Z,393002027,6496994988032,6051_GB,350,0,0,NA
2026-06-04T22:13:37Z,393002027,6496995545088,6051_GB,0,3,2,3197
2026-06-04T23:11:49Z,393002027,6496995545088,6051_GB,0,3,2,6304
2026-06-05T00:03:35Z,393002027,6496995545088,6051_GB,0,3,2,9967
2026-06-05T01:04:39Z,393002027,6496995545088,6051_GB,0,3,2,13353
2026-06-05T02:01:05Z,393002027,6496995545088,6051_GB,0,3,2,16728
2026-06-05T02:57:20Z,393002027,6496995545088,6051_GB,0,3,2,20118
2026-06-05T03:53:50Z,393002027,6496995545088,6051_GB,0,3,2,23067
2026-06-05T04:42:58Z,393002027,6496995545088,6051_GB,0,3,2,26086
2026-06-05T05:33:17Z,393002027,6496995545088,6051_GB,1,3,2,29563
2026-06-05T06:31:15Z,393002027,6496995545088,6051_GB,2,3,2,33137
2026-06-05T07:30:48Z,393002027,6496995545088,6051_GB,2,3,2,36640
2026-06-05T08:29:12Z,393002027,6496995545088,6051_GB,2,3,2,40243
2026-06-05T09:29:15Z,NA,NA,NA,2,3,2,43387
2026-06-05T10:21:38Z,NA,NA,NA,0,1,0,117
2026-06-05T10:25:56Z,SET,NA,NA,0,3,2,155
2026-06-05T10:26:53Z,393072704,6496995545088,6051_GB,0,3,2,212
2026-06-05T10:31:53Z,393072704,6496995545088,6051_GB,0,3,2,513
2026-06-05T10:36:53Z,393072704,6496995545088,6051_GB,0,3,2,813
2026-06-05T10:41:54Z,393072704,6496995545088,6051_GB,0,3,2,1113
2026-06-05T10:46:54Z,393072704,6496995545088,6051_GB,0,3,2,1414
2026-06-05T10:51:54Z,393072704,6496995545088,6051_GB,0,3,2,1714
2026-06-05T10:56:55Z,393072704,6496995545088,6051_GB,0,3,2,2014
2026-06-05T11:01:55Z,393072704,6496995545088,6051_GB,0,3,2,2315
2026-06-05T11:06:55Z,393072704,6496995545088,6051_GB,0,3,2,2615
2026-06-05T11:11:56Z,393072704,6496995545088,6051_GB,0,3,2,2916
2026-06-05T11:16:57Z,393072704,6496995545088,6051_GB,0,3,2,3216
2026-06-05T11:21:57Z,NA,NA,NA,0,0,0,NA
2026-06-05T11:27:27Z,393072704,6496995545088,6051_GB,0,0,0,NA
2026-06-05T11:32:27Z,393072704,6496995545088,6051_GB,0,3,2,110
2026-06-05T11:37:28Z,393072704,6496995545088,6051_GB,0,3,2,410
2026-06-05T11:42:28Z,393072704,6496995545088,6051_GB,0,3,2,711
2026-06-05T11:47:28Z,393072704,6496995545088,6051_GB,0,3,2,1011
2026-06-05T11:52:29Z,393072704,6497247346688,6051_GB,0,3,2,1311
2026-06-05T11:57:29Z,393072704,6498829991936,6053_GB,0,3,2,1612
2026-06-05T12:02:30Z,393072704,6500055252992,6054_GB,0,3,2,1912
2026-06-05T12:07:30Z,393072704,6501277057024,6055_GB,0,3,2,2213
2026-06-05T12:12:30Z,393072704,6502864134144,6056_GB,0,3,2,2513
2026-06-05T12:17:31Z,393072704,6504384094208,6058_GB,1,3,2,2813
2026-06-05T12:22:31Z,393072704,6506053214208,6059_GB,2,3,2,3114
2026-06-05T12:27:31Z,393072704,6509121183744,6062_GB,2,3,2,3414
2026-06-05T12:32:32Z,393072704,6511417360384,6064_GB,2,3,2,3714
2026-06-05T12:37:32Z,393072704,6513030914048,6066_GB,2,3,2,4015
2026-06-05T12:42:32Z,393072704,6515533103104,6068_GB,2,3,2,4315
2026-06-05T12:47:33Z,393072704,6517596569600,6070_GB,2,3,2,4615
2026-06-05T12:52:33Z,393072704,6520578252800,6073_GB,2,3,2,4916
2026-06-05T12:57:33Z,393072704,6523235409920,6075_GB,2,3,2,5216
2026-06-05T13:02:34Z,393072704,6526421491712,6078_GB,3,3,2,5516
2026-06-05T13:07:34Z,393072704,6529529004032,6081_GB,3,3,2,5822
2026-06-05T13:12:39Z,393072704,6531144638464,6083_GB,3,3,2,6122
2026-06-05T13:17:40Z,393072704,6533286715392,6085_GB,3,3,2,6422
2026-06-05T13:22:40Z,393072704,6534988185600,6086_GB,3,3,2,6723
2026-06-05T13:27:40Z,393072704,6537627770880,6089_GB,3,3,2,7023
2026-06-05T13:32:41Z,393072704,6539954454528,6091_GB,3,3,2,7323
2026-06-05T13:37:41Z,393072704,6543084773376,6094_GB,3,3,2,7624
2026-06-05T13:42:41Z,393072704,6546046787584,6096_GB,4,3,2,7924
2026-06-05T13:47:42Z,393072704,6549069922304,6099_GB,4,3,2,8224
2026-06-05T13:52:42Z,393072704,6552582062080,6103_GB,5,3,2,8525
2026-06-05T13:57:42Z,393072704,6555780784128,6106_GB,5,3,2,8825
2026-06-05T14:02:43Z,393072704,6558998323200,6109_GB,5,3,2,9125
2026-06-05T14:07:43Z,393072704,6562503884800,6112_GB,5,3,2,9426
2026-06-05T14:12:43Z,393072704,6565411979264,6115_GB,5,3,2,9726
2026-06-05T14:17:44Z,393072704,6567508959232,6116_GB,5,3,2,10026
2026-06-05T14:22:44Z,393072704,6570637557760,6119_GB,5,3,2,10327
2026-06-05T14:27:44Z,393072704,6573637550080,6122_GB,5,3,2,10627
2026-06-05T14:32:45Z,393072704,6576735911936,6125_GB,7,3,2,10927
2026-06-05T14:37:45Z,393072704,6579993305088,6128_GB,7,3,2,11228
2026-06-05T14:42:45Z,393072704,6583398490112,6131_GB,7,3,2,11528
2026-06-05T14:47:46Z,393072704,6586832601088,6134_GB,7,3,2,11828
2026-06-05T14:52:46Z,393072704,6589448790016,6137_GB,7,3,2,12129
2026-06-05T14:57:46Z,393072704,6592437370880,6140_GB,7,3,2,12429
2026-06-05T15:02:47Z,393072704,6595828432896,6143_GB,7,3,2,12729
2026-06-05T15:07:47Z,393072704,6599345979392,6146_GB,7,3,2,13029
2026-06-05T15:12:47Z,393072704,6602160930816,6149_GB,7,3,2,13330
2026-06-05T15:17:47Z,393072704,6605057695744,6151_GB,8,3,2,13630
2026-06-05T15:22:48Z,393072704,6608693411840,6155_GB,9,3,2,13930
2026-06-05T15:27:48Z,393072704,6612249919488,6158_GB,9,3,2,14231
2026-06-05T15:32:48Z,393072704,6615503749120,6161_GB,9,3,2,14531
2026-06-05T15:37:49Z,393072704,6618462502912,6164_GB,9,3,2,14831
2026-06-05T15:42:49Z,393072704,6621741236224,6167_GB,9,3,2,15132
2026-06-05T15:47:49Z,393072704,6624977633280,6170_GB,9,3,2,15432
2026-06-05T15:52:50Z,393072704,6628551704576,6173_GB,9,3,2,15732
2026-06-05T15:57:50Z,393072704,6631926153216,6176_GB,10,3,2,16033
2026-06-05T16:02:50Z,393072704,6633908772864,6178_GB,10,3,2,16333
2026-06-05T16:07:51Z,393072704,6635821449216,6180_GB,10,3,2,16633
2026-06-05T16:12:51Z,393072704,6638032003072,6182_GB,11,3,2,16934
2026-06-05T16:17:51Z,393072704,6640380256256,6184_GB,11,3,2,17234
2026-06-05T16:22:51Z,393072704,6643042557952,6187_GB,11,3,2,17534
2026-06-05T16:27:52Z,393072704,6645818023936,6189_GB,11,3,2,17834
2026-06-05T16:32:52Z,393072704,6649264046080,6193_GB,11,3,2,18135
2026-06-05T16:37:52Z,393072704,6652846841856,6196_GB,11,3,2,18435
2026-06-05T16:42:53Z,393072704,6656059334656,6199_GB,11,3,2,18735
2026-06-05T16:47:53Z,393072704,6659806699520,6202_GB,11,3,2,19036
2026-06-05T16:52:53Z,393072704,6663217127424,6206_GB,12,3,2,19336
2026-06-05T16:57:54Z,393072704,6666212663296,6208_GB,13,3,2,19636
2026-06-05T17:02:54Z,393072704,6668078981120,6210_GB,13,3,2,19937
2026-06-05T17:07:54Z,393072704,6669802627072,6212_GB,13,3,2,20237
2026-06-05T17:12:54Z,393072704,6673351892992,6215_GB,13,3,2,20537
2026-06-05T17:17:55Z,393072704,6676518944768,6218_GB,13,3,2,20837
2026-06-05T17:22:55Z,393072704,6680151998464,6221_GB,13,3,2,21138
2026-06-05T17:27:55Z,393072704,6683096940544,6224_GB,13,3,2,21438
2026-06-05T17:32:56Z,393072704,6685809934336,6227_GB,13,3,2,21738
2026-06-05T17:37:56Z,393072704,6689445642240,6230_GB,13,3,2,22039
2026-06-05T17:42:56Z,393072704,6692642938880,6233_GB,13,3,2,22339
2026-06-05T17:47:57Z,393072704,6695522967552,6236_GB,14,3,2,22639
2026-06-05T17:52:57Z,393072704,6697413042176,6237_GB,14,3,2,22940
2026-06-05T17:57:57Z,393072704,6701113024512,6241_GB,14,3,2,23240
2026-06-05T18:02:57Z,393072704,6704542244864,6244_GB,15,3,2,23540
2026-06-05T18:07:58Z,393072704,6707698941952,6247_GB,15,3,2,23840
2026-06-05T18:12:58Z,393072704,6711365795840,6250_GB,15,3,2,24141
2026-06-05T18:17:58Z,393072704,6713791938560,6253_GB,15,3,2,24442
2026-06-05T18:22:59Z,393072704,6715815329792,6255_GB,15,3,2,24742
2026-06-05T18:27:59Z,393072704,6718300086272,6257_GB,15,3,2,25042
2026-06-05T18:33:00Z,393072704,6720599384064,6259_GB,16,3,2,25342
2026-06-05T18:38:00Z,393072704,6722216148992,6261_GB,16,3,2,25643
2026-06-05T18:43:00Z,393072704,6724741382144,6263_GB,16,3,2,25943
2026-06-05T18:48:01Z,393072704,6726437093376,6264_GB,16,3,2,26244
2026-06-05T18:53:01Z,393072704,6729009004544,6267_GB,16,3,2,26544
2026-06-05T18:58:01Z,393072704,6730806476800,6269_GB,16,3,2,26845
2026-06-05T19:03:02Z,393072704,6731839782912,6270_GB,16,3,2,27145
2026-06-05T19:08:03Z,393072704,6734499512320,6272_GB,16,3,2,27445
2026-06-05T19:13:03Z,393072704,6736112312320,6273_GB,16,3,2,27746
2026-06-05T19:18:03Z,393072704,6738746089472,6276_GB,17,3,2,28046
2026-06-05T19:23:03Z,393072704,6740360175616,6277_GB,17,3,2,28347
2026-06-05T19:28:04Z,393072704,6742422085632,6279_GB,17,3,2,28647
2026-06-05T19:33:05Z,393072704,6744547721216,6281_GB,17,3,2,28947
2026-06-05T19:38:05Z,393072704,6747388813312,6284_GB,17,3,2,29248
2026-06-05T19:43:05Z,393072704,6750936096768,6287_GB,17,3,2,29548
2026-06-05T19:48:06Z,393072704,6754402148352,6291_GB,17,3,2,29848
2026-06-05T19:53:06Z,393072704,6757689966592,6294_GB,18,3,2,30148
2026-06-05T19:58:06Z,393072704,6760668192768,6296_GB,19,3,2,30449
2026-06-05T20:03:06Z,393072704,6763784732672,6299_GB,19,3,2,30749
2026-06-05T20:08:07Z,393072704,6766851366912,6302_GB,19,3,2,31049
2026-06-05T20:13:07Z,393072704,6768411656192,6304_GB,19,3,2,31350
2026-06-05T20:18:07Z,393072704,6770933211136,6306_GB,19,3,2,31650
2026-06-05T20:23:08Z,393072704,6773560451072,6308_GB,19,3,2,31950
2026-06-05T20:28:08Z,393072704,6776474951680,6311_GB,19,3,2,32251
2026-06-05T20:33:08Z,393072704,6778821918720,6313_GB,19,3,2,32551
2026-06-05T20:38:08Z,394913696,6781199130624,6315_GB,19,3,2,32851
2026-06-05T20:43:09Z,394913696,6783876997120,6318_GB,19,3,2,33151
2026-06-05T20:48:09Z,394913696,6786452733952,6320_GB,20,3,2,33452
2026-06-05T20:53:09Z,394913696,6787768926208,6322_GB,20,3,2,33752
2026-06-05T20:58:10Z,394913696,6790330228736,6324_GB,20,3,2,34052
2026-06-05T21:03:10Z,394913696,6791875911680,6325_GB,20,3,2,34353
2026-06-05T21:08:10Z,394913696,6793723314176,6327_GB,20,3,2,34653
2026-06-05T21:13:11Z,394913696,6795526447104,6329_GB,20,3,2,34953
2026-06-05T21:18:11Z,394913696,6798599258112,6332_GB,21,3,2,35254
2026-06-05T21:23:11Z,394913696,6801207795712,6334_GB,21,3,2,35554
2026-06-05T21:28:11Z,394913696,6804068843520,6337_GB,21,3,2,35854
2026-06-05T21:33:12Z,394913696,6806085156864,6339_GB,21,3,2,36154
2026-06-05T21:38:12Z,394913696,6808007663616,6340_GB,21,3,2,36455
2026-06-05T21:43:12Z,394913696,6811447992320,6344_GB,21,3,2,36755
2026-06-05T21:48:12Z,394913696,6814684602368,6347_GB,21,3,2,37055
2026-06-05T21:53:13Z,394913696,6817620492288,6349_GB,21,3,2,37356
2026-06-05T21:58:13Z,394913696,6821013659648,6353_GB,21,3,2,37656
2026-06-05T22:03:13Z,394913696,6823992672256,6355_GB,22,3,2,37956
2026-06-05T22:08:14Z,394913696,6826322952192,6358_GB,22,3,2,38256
2026-06-05T22:13:14Z,394913696,6828248915968,6359_GB,22,3,2,38557
2026-06-05T22:18:14Z,394913696,6830487691264,6361_GB,23,3,2,38857
2026-06-05T22:23:15Z,394913696,6833150304256,6364_GB,23,3,2,39157
2026-06-05T22:28:15Z,394913696,6835356123136,6366_GB,23,3,2,39458
2026-06-05T22:33:15Z,394913696,6836642914304,6367_GB,23,3,2,39758
2026-06-05T22:38:15Z,394913696,6837348163584,6368_GB,23,3,2,40058
2026-06-05T22:43:16Z,394913696,6838832365568,6369_GB,23,3,2,40358
2026-06-05T22:48:16Z,394913696,6840552587264,6371_GB,23,3,2,40659
2026-06-05T22:53:16Z,394913696,6841884958720,6372_GB,23,3,2,40959
2026-06-05T22:58:17Z,394913696,6843833442304,6374_GB,23,3,2,41259
2026-06-05T23:03:17Z,394913696,6845408518144,6375_GB,23,3,2,41560
2026-06-05T23:08:17Z,394913696,6847427928064,6377_GB,23,3,2,41860
2026-06-05T23:13:17Z,394913696,6848727187456,6378_GB,23,3,2,42160
2026-06-05T23:18:18Z,394913696,6849788010496,6379_GB,23,3,2,42460
2026-06-05T23:23:18Z,394913696,6849788010496,6379_GB,23,3,2,42761
2026-06-05T23:28:18Z,394913696,6851941220352,6381_GB,23,3,2,43061
2026-06-05T23:33:18Z,394913696,6852914438144,6382_GB,23,3,2,43361
2026-06-05T23:38:19Z,394913696,6854469926912,6384_GB,23,3,2,43661
2026-06-05T23:43:19Z,394913696,6855110901760,6384_GB,23,3,2,43962
2026-06-05T23:48:19Z,394913696,6856996085760,6386_GB,23,3,2,44262
2026-06-05T23:53:20Z,394913696,6859096719360,6388_GB,23,3,2,44562
2026-06-05T23:58:20Z,394913696,6860376219648,6389_GB,23,3,2,44863
2026-06-06T00:03:20Z,394913696,6862291951616,6391_GB,23,3,2,45163
2026-06-06T00:08:21Z,394913696,6863899688960,6393_GB,23,3,2,45463
2026-06-06T00:13:21Z,394913696,6864886505472,6393_GB,23,3,2,45764
2026-06-06T00:18:21Z,394913696,6866799173632,6395_GB,23,3,2,46064
2026-06-06T00:23:21Z,394913696,6868766195712,6397_GB,23,3,2,46364
2026-06-06T00:28:22Z,394913696,6868766195712,6397_GB,23,3,2,46664
2026-06-06T00:33:22Z,394913696,6870743113728,6399_GB,23,3,2,46965
2026-06-06T00:38:22Z,394913696,6871833452544,6400_GB,23,3,2,47265
2026-06-06T00:43:22Z,394913696,6873638010880,6402_GB,23,3,2,47565
2026-06-06T00:48:23Z,394913696,6875242668032,6403_GB,23,3,2,47866
2026-06-06T00:53:23Z,394913696,6876617392128,6404_GB,23,3,2,48166
2026-06-06T00:58:23Z,394913696,6878212038656,6406_GB,23,3,2,48466
2026-06-06T01:03:24Z,394913696,6879425847296,6407_GB,23,3,2,48767
2026-06-06T01:08:24Z,394913696,6880151461888,6408_GB,23,3,2,49067
2026-06-06T01:13:25Z,394913696,6882046189568,6409_GB,23,3,2,49367
2026-06-06T01:18:25Z,394913696,6882944770048,6410_GB,23,3,2,49668
2026-06-06T01:23:25Z,394913696,6884390371328,6412_GB,23,3,2,49968
2026-06-06T01:28:25Z,394913696,6885134458880,6412_GB,23,3,2,50268
2026-06-06T01:33:26Z,394913696,6885986721792,6413_GB,23,3,2,50568
2026-06-06T01:38:26Z,394913696,6887453458432,6414_GB,23,3,2,50869
2026-06-06T01:43:26Z,394913696,6888864645120,6416_GB,23,3,2,51169
2026-06-06T01:48:27Z,394913696,6890021183488,6417_GB,23,3,2,51469
2026-06-06T01:53:27Z,394913696,6891385618432,6418_GB,23,3,2,51770
2026-06-06T01:58:27Z,394913696,6893268049920,6420_GB,23,3,2,52070
2026-06-06T02:03:27Z,394913696,6893931929600,6420_GB,23,3,2,52370
2026-06-06T02:08:28Z,394913696,6894769201152,6421_GB,23,3,2,52670
2026-06-06T02:13:28Z,394913696,6895543877632,6422_GB,23,3,2,52971
2026-06-06T02:18:28Z,394913696,6896941793280,6423_GB,23,3,2,53271
2026-06-06T02:23:28Z,394913696,6898609340416,6425_GB,23,3,2,53571
2026-06-06T02:28:29Z,394913696,6900537171968,6427_GB,23,3,2,53871
2026-06-06T02:33:29Z,394913696,6901469609984,6427_GB,23,3,2,54172
2026-06-06T02:38:29Z,394913696,6902624075776,6429_GB,23,3,2,54472
2026-06-06T02:43:30Z,394913696,6904291328000,6430_GB,23,3,2,54772
2026-06-06T02:48:30Z,394913696,6905676996608,6431_GB,23,3,2,55073
2026-06-06T02:53:30Z,394913696,6906274160640,6432_GB,23,3,2,55373
2026-06-06T02:58:30Z,394913696,6908281094144,6434_GB,23,3,2,55673
2026-06-06T03:03:31Z,394913696,6910166671360,6436_GB,24,3,2,55973
2026-06-06T03:08:31Z,394913696,6911738896384,6437_GB,24,3,2,56274
2026-06-06T03:13:31Z,394913696,6913446395904,6439_GB,24,3,2,56574
2026-06-06T03:18:32Z,394913696,6914396258304,6440_GB,24,3,2,56874
2026-06-06T03:23:32Z,394913696,6917039177728,6442_GB,24,3,2,57175
2026-06-06T03:28:32Z,394913696,6919723991040,6444_GB,24,3,2,57475
2026-06-06T03:33:32Z,394913696,6922037370880,6447_GB,24,3,2,57775
2026-06-06T03:38:33Z,394913696,6923306672128,6448_GB,24,3,2,58075
2026-06-06T03:43:33Z,394913696,6925233913856,6450_GB,24,3,2,58376
2026-06-06T03:48:33Z,394913696,6927205982208,6451_GB,24,3,2,58676
2026-06-06T03:53:34Z,394913696,6928944513024,6453_GB,24,3,2,58976
2026-06-06T03:58:34Z,394913696,6931282288640,6455_GB,24,3,2,59276
2026-06-06T04:03:34Z,394913696,6933652135936,6457_GB,24,3,2,59577
2026-06-06T04:08:34Z,394913696,6935868825600,6460_GB,25,3,2,59877
2026-06-06T04:13:35Z,394913696,6938261864448,6462_GB,25,3,2,60177
2026-06-06T04:18:35Z,394913696,6940617416704,6464_GB,25,3,2,60478
2026-06-06T04:23:35Z,394913696,6943050981376,6466_GB,25,3,2,60778
2026-06-06T04:28:35Z,394913696,6945670094848,6469_GB,25,3,2,61078
2026-06-06T04:33:36Z,394913696,6947930087424,6471_GB,25,3,2,61378
2026-06-06T04:38:36Z,394913696,6950266961920,6473_GB,25,3,2,61679
2026-06-06T04:43:36Z,394913696,6951879909376,6474_GB,25,3,2,61979
2026-06-06T04:48:37Z,394913696,6954306109440,6477_GB,26,3,2,62279
2026-06-06T04:53:37Z,394913696,6956955090944,6479_GB,26,3,2,62580
2026-06-06T04:58:37Z,394913696,6958788558848,6481_GB,26,3,2,62880
2026-06-06T05:03:37Z,394913696,6961241415680,6483_GB,26,3,2,63180
2026-06-06T05:08:38Z,394913696,6963467075584,6485_GB,26,3,2,63480
2026-06-06T05:13:38Z,394913696,6965671944192,6487_GB,26,3,2,63781
2026-06-06T05:18:38Z,394913696,6968155578368,6490_GB,26,3,2,64081
2026-06-06T05:23:39Z,394913696,6970810695680,6492_GB,26,3,2,64381
2026-06-06T05:28:39Z,394913696,6973506457600,6495_GB,27,3,2,64682
2026-06-06T05:33:39Z,394913696,6974423277568,6495_GB,27,3,2,64982
2026-06-06T05:38:40Z,394913696,6976803368960,6498_GB,27,3,2,65282
2026-06-06T05:43:40Z,394913696,6978560417792,6499_GB,27,3,2,65583
2026-06-06T05:48:40Z,394913696,6981373173760,6502_GB,27,3,2,65883
2026-06-06T05:53:40Z,394913696,6982439723008,6503_GB,27,3,2,66183
2026-06-06T05:58:41Z,394913696,6984608530432,6505_GB,27,3,2,66483
2026-06-06T06:03:41Z,424936320,6986862501888,6507_GB,27,3,2,66784
2026-06-06T06:08:41Z,424936320,6988496691200,6509_GB,27,3,2,67084
2026-06-06T06:13:42Z,424936320,6991283585024,6511_GB,27,3,2,67384
2026-06-06T06:18:42Z,424936320,6993876205568,6514_GB,27,3,2,67685
2026-06-06T06:23:42Z,424936320,6995628892160,6515_GB,28,3,2,67985
2026-06-06T06:28:42Z,424936320,6998324723712,6518_GB,28,3,2,68285
2026-06-06T06:33:43Z,424936320,6999886872576,6519_GB,28,3,2,68585
2026-06-06T06:38:43Z,424936320,7001660932096,6521_GB,28,3,2,68886
2026-06-06T06:43:43Z,424936320,7004825026560,6524_GB,28,3,2,69186
2026-06-06T06:48:44Z,424936320,7006623408128,6525_GB,28,3,2,69486
2026-06-06T06:53:44Z,424936320,7008971390976,6528_GB,29,3,2,69786
2026-06-06T06:58:44Z,424936320,7011647635456,6530_GB,29,3,2,70087
2026-06-06T07:03:44Z,424936320,7013367627776,6532_GB,29,3,2,70387
2026-06-06T07:08:45Z,424936320,7015414038528,6534_GB,29,3,2,70687
2026-06-06T07:13:45Z,424936320,7016678465536,6535_GB,29,3,2,70988
2026-06-06T07:18:45Z,424936320,7018120028160,6536_GB,29,3,2,71288
2026-06-06T07:23:45Z,424936320,7019505549312,6537_GB,29,3,2,71588
2026-06-06T07:28:46Z,424936320,7020791922688,6539_GB,29,3,2,71888
2026-06-06T07:33:46Z,424936320,7023223767040,6541_GB,29,3,2,72189
2026-06-06T07:38:46Z,424936320,7024999841792,6543_GB,29,3,2,72489
2026-06-06T07:43:47Z,424936320,7027799990272,6545_GB,29,3,2,72789
2026-06-06T07:48:47Z,424936320,7030405775360,6548_GB,29,3,2,73090
2026-06-06T07:53:47Z,424936320,7032460754944,6549_GB,30,3,2,73390
2026-06-06T07:58:47Z,424936320,7035204345856,6552_GB,30,3,2,73690
2026-06-06T08:03:48Z,424936320,7036953600000,6554_GB,30,3,2,73990
2026-06-06T08:08:48Z,424936320,7039807619072,6556_GB,30,3,2,74291
2026-06-06T08:13:48Z,424936320,7042455445504,6559_GB,30,3,2,74591
2026-06-06T08:18:49Z,424936320,7044334444544,6561_GB,30,3,2,74891
2026-06-06T08:23:49Z,424936320,7047129907200,6563_GB,31,3,2,75192
2026-06-06T08:28:49Z,424936320,7049514000384,6565_GB,31,3,2,75492
2026-06-06T08:33:49Z,424936320,7051625472000,6567_GB,31,3,2,75792
2026-06-06T08:38:50Z,424936320,7054325989376,6570_GB,31,3,2,76092
2026-06-06T08:43:50Z,424936320,7055836307456,6571_GB,31,3,2,76393
2026-06-06T08:48:50Z,424936320,7057490911232,6573_GB,31,3,2,76693
2026-06-06T08:53:50Z,424936320,7060233723904,6575_GB,31,3,2,76993
2026-06-06T08:58:51Z,424936320,7062885629952,6578_GB,31,3,2,77293
2026-06-06T09:03:51Z,424936320,7065218433024,6580_GB,31,3,2,77594
2026-06-06T09:08:51Z,424936320,7067701387264,6582_GB,32,3,2,77894
2026-06-06T09:13:52Z,424936320,7069500678144,6584_GB,32,3,2,78194
2026-06-06T09:18:52Z,424936320,7071857483776,6586_GB,32,3,2,78495
2026-06-06T09:23:52Z,424936320,7073807015936,6588_GB,32,3,2,78795
2026-06-06T09:28:53Z,424936320,7075211845632,6589_GB,32,3,2,79095
2026-06-06T09:33:53Z,424936320,7078000402432,6592_GB,32,3,2,79396
2026-06-06T09:38:53Z,424936320,7080611430400,6594_GB,32,3,2,79696
2026-06-06T09:43:53Z,424936320,7082650386432,6596_GB,32,3,2,79996
2026-06-06T09:48:54Z,424936320,7083638456320,6597_GB,32,3,2,80296
2026-06-06T09:53:54Z,424936320,7084910854144,6598_GB,32,3,2,80597
2026-06-06T09:58:54Z,424936320,7087190204416,6600_GB,32,3,2,80897
2026-06-06T10:03:54Z,424936320,7089937334272,6603_GB,33,3,2,81197
2026-06-06T10:08:55Z,424936320,7091584040960,6605_GB,33,3,2,81497
2026-06-06T10:13:55Z,424936320,7094774505472,6608_GB,33,3,2,81798
2026-06-06T10:18:55Z,424936320,7096947376128,6610_GB,33,3,2,82098
2026-06-06T10:23:56Z,424936320,7098986708992,6611_GB,33,3,2,82398
2026-06-06T10:28:56Z,424936320,7101909975040,6614_GB,33,3,2,82699
2026-06-06T10:33:56Z,424936320,7104600383488,6617_GB,34,3,2,82999
2026-06-06T10:38:56Z,424936320,7106629533696,6619_GB,34,3,2,83299
2026-06-06T10:43:57Z,424936320,7109009211392,6621_GB,34,3,2,83599
2026-06-06T10:48:57Z,424936320,7111783989248,6623_GB,34,3,2,83900
2026-06-06T10:53:57Z,424936320,7114241679360,6626_GB,34,3,2,84200
2026-06-06T10:58:58Z,424936320,7117011476480,6628_GB,34,3,2,84500
2026-06-06T11:03:58Z,424936320,7117857193984,6629_GB,34,3,2,84801
2026-06-06T11:08:58Z,424936320,7119591661568,6631_GB,34,3,2,85101
2026-06-06T11:13:58Z,424936320,7121881505792,6633_GB,34,3,2,85401
2026-06-06T11:18:59Z,424936320,7122004320256,6633_GB,34,3,2,85701
2026-06-06T11:23:59Z,424936320,7123597041664,6634_GB,34,3,2,86002
2026-06-06T11:28:59Z,424936320,7123597041664,6634_GB,34,3,2,86302
2026-06-06T11:33:59Z,424936320,7125561958400,6636_GB,34,3,2,86602
2026-06-06T11:39:00Z,424936320,7128040833024,6639_GB,34,3,2,86902
2026-06-06T11:44:00Z,424936320,7129220890624,6640_GB,35,3,2,87203
2026-06-06T11:49:00Z,424936320,7132107915264,6642_GB,35,3,2,87503
2026-06-06T11:54:01Z,424936320,7134535688192,6645_GB,35,3,2,87803
2026-06-06T11:59:01Z,424936320,7136784932864,6647_GB,35,3,2,88104
2026-06-06T12:04:01Z,424936320,7139171835904,6649_GB,35,3,2,88404
2026-06-06T12:09:01Z,424936320,7141538562048,6651_GB,35,3,2,88704
2026-06-06T12:14:02Z,424936320,7143905394688,6653_GB,35,3,2,89004
2026-06-06T12:19:02Z,424936320,7145579945984,6655_GB,35,3,2,89305
2026-06-06T12:24:02Z,424936320,7146905264128,6656_GB,36,3,2,89605
2026-06-06T12:29:03Z,424936320,7149734051840,6659_GB,36,3,2,89905
2026-06-06T12:34:03Z,424936320,7152272580608,6661_GB,36,3,2,90205
2026-06-06T12:39:03Z,424936320,7154442993664,6663_GB,36,3,2,90506
2026-06-06T12:44:03Z,424936320,7157184307200,6666_GB,36,3,2,90806
2026-06-06T12:49:04Z,424936320,7158902349824,6667_GB,36,3,2,91106
2026-06-06T12:54:04Z,424936320,7161719660544,6670_GB,36,3,2,91407
2026-06-06T12:59:04Z,424936320,7164655976448,6673_GB,37,3,2,91707
2026-06-06T13:04:04Z,424936320,7166464909312,6674_GB,37,3,2,92007
2026-06-06T13:09:05Z,424936320,7169255268352,6677_GB,37,3,2,92307
2026-06-06T13:14:05Z,424936320,7171830554624,6679_GB,37,3,2,92608
2026-06-06T13:19:05Z,424936320,7173035442176,6680_GB,37,3,2,92908
2026-06-06T13:24:06Z,424936320,7174269968384,6682_GB,37,3,2,93208
2026-06-06T13:29:06Z,424936320,7176179515392,6683_GB,37,3,2,93509
2026-06-06T13:34:06Z,424936320,7178004488192,6685_GB,37,3,2,93809
2026-06-06T13:39:06Z,424936320,7180879462400,6688_GB,38,3,2,94109
2026-06-06T13:44:07Z,424936320,7182816378880,6690_GB,38,3,2,94409
2026-06-06T13:49:07Z,424936320,7184500039680,6691_GB,38,3,2,94710
2026-06-06T13:54:07Z,424936320,7187738443776,6694_GB,38,3,2,95010
2026-06-06T13:59:07Z,424936320,7189914533888,6696_GB,38,3,2,95310
2026-06-06T14:04:08Z,424936320,7190824206336,6697_GB,38,3,2,95610
2026-06-06T14:09:08Z,424936320,7192322342912,6698_GB,38,3,2,95911
2026-06-06T14:14:08Z,424936320,7194846707712,6701_GB,38,3,2,96211
2026-06-06T14:19:09Z,424936320,7196378021888,6702_GB,38,3,2,96511
2026-06-06T14:24:09Z,424936320,7198415101952,6704_GB,38,3,2,96812
2026-06-06T14:29:09Z,424936320,7199776931840,6705_GB,38,3,2,97112
2026-06-06T14:34:10Z,424936320,7200730996736,6706_GB,39,3,2,97412
2026-06-06T14:39:10Z,424936320,7202664570880,6708_GB,39,3,2,97713
2026-06-06T14:44:10Z,424936320,7203098419200,6708_GB,39,3,2,98013
2026-06-06T14:49:10Z,424936320,7204763770880,6710_GB,39,3,2,98313
2026-06-06T14:54:11Z,424936320,7206762627072,6712_GB,39,3,2,98613
2026-06-06T14:59:11Z,424936320,7207813799936,6713_GB,39,3,2,98914
2026-06-06T15:04:11Z,424936320,7209779306496,6715_GB,39,3,2,99214
2026-06-06T15:09:11Z,424936320,7212024856576,6717_GB,39,3,2,99514
2026-06-06T15:14:12Z,424936320,7212024856576,6717_GB,39,3,2,99814
2026-06-06T15:19:12Z,424936320,7212024856576,6717_GB,39,3,2,100115
2026-06-06T15:24:12Z,424936320,7212024856576,6717_GB,39,3,2,100415
2026-06-06T15:29:13Z,424936320,7213346095104,6718_GB,39,3,2,100715
2026-06-06T15:34:13Z,424936320,7213346095104,6718_GB,39,3,2,101016
2026-06-06T15:39:13Z,424936320,7214140039168,6719_GB,39,3,2,101316
2026-06-06T15:44:13Z,424936320,7216005677056,6720_GB,39,3,2,101616
2026-06-06T15:49:14Z,424936320,7217942159360,6722_GB,39,3,2,101916
2026-06-06T15:54:14Z,424936320,7219690487808,6724_GB,39,3,2,102217
2026-06-06T15:59:14Z,424936320,7222457753600,6726_GB,40,3,2,102517
2026-06-06T16:04:15Z,424936320,7224308948992,6728_GB,40,3,2,102817
2026-06-06T16:09:15Z,424936320,7227120164864,6731_GB,40,3,2,103118
2026-06-06T16:14:15Z,424936320,7228697698304,6732_GB,40,3,2,103418
2026-06-06T16:19:15Z,424936320,7230702149632,6734_GB,40,3,2,103718
2026-06-06T16:24:16Z,424936320,7232488095744,6736_GB,40,3,2,104018
2026-06-06T16:29:16Z,424936320,7233723899904,6737_GB,40,3,2,104319
2026-06-06T16:34:16Z,424936320,7235531931648,6739_GB,40,3,2,104619
2026-06-06T16:39:17Z,424936320,7237059993600,6740_GB,41,3,2,104919
2026-06-06T16:44:17Z,424936320,7238471720960,6741_GB,41,3,2,105220
2026-06-06T16:49:17Z,424936320,7242426949632,6745_GB,41,3,2,105520
2026-06-06T16:54:18Z,424936320,7244221620224,6747_GB,41,3,2,105820
2026-06-06T16:59:18Z,424936320,7246781177856,6749_GB,41,3,2,106121
2026-06-06T17:04:18Z,424936320,7248178757632,6750_GB,41,3,2,106421
2026-06-06T17:09:18Z,424936320,7249890992128,6752_GB,41,3,2,106721
2026-06-06T17:14:19Z,424936320,7252172537856,6754_GB,41,3,2,107022
2026-06-06T17:19:19Z,424936320,7253275918336,6755_GB,41,3,2,107322
2026-06-06T17:24:20Z,424936320,7255122862080,6757_GB,41,3,2,107622
2026-06-06T17:29:20Z,424936320,7256861417472,6758_GB,41,3,2,107923
2026-06-06T17:34:20Z,424936320,7258497916928,6760_GB,41,3,2,108223
2026-06-06T17:39:21Z,424936320,7261081665536,6762_GB,41,3,2,108523
2026-06-06T17:44:21Z,424936320,7262832304128,6764_GB,42,3,2,108824
2026-06-06T17:49:21Z,424936320,7264590610432,6766_GB,42,3,2,109124
2026-06-06T17:54:22Z,424936320,7266519670784,6767_GB,42,3,2,109424
2026-06-06T17:59:22Z,424936320,7269788942336,6771_GB,42,3,2,109725
2026-06-06T18:04:22Z,424936320,7271281123328,6772_GB,42,3,2,110025
2026-06-06T18:09:23Z,424936320,7273193226240,6774_GB,42,3,2,110325
2026-06-06T18:14:23Z,424936320,7275596709888,6776_GB,42,3,2,110626
2026-06-06T18:19:23Z,424936320,7276544581632,6777_GB,42,3,2,110926
2026-06-06T18:24:23Z,424936320,7278545453056,6779_GB,43,3,2,111226
2026-06-06T18:29:24Z,424936320,7280512868352,6781_GB,43,3,2,111526
2026-06-06T18:34:24Z,424936320,7283631865856,6783_GB,43,3,2,111827
2026-06-06T18:39:24Z,424936320,7285492801536,6785_GB,43,3,2,112127
2026-06-06T18:44:25Z,424936320,7287103569920,6787_GB,43,3,2,112427
2026-06-06T18:49:25Z,424936320,7288494366720,6788_GB,43,3,2,112728
2026-06-06T18:54:25Z,424936320,7290893910016,6790_GB,43,3,2,113028
2026-06-06T18:59:26Z,424936320,7292866060288,6792_GB,43,3,2,113328
2026-06-06T19:04:26Z,424936320,7294208925696,6793_GB,43,3,2,113629
2026-06-06T19:09:26Z,424936320,7296513900544,6795_GB,43,3,2,113929
2026-06-06T19:14:26Z,424936320,7297955733504,6797_GB,44,3,2,114229
2026-06-06T19:19:27Z,424936320,7299747291136,6798_GB,44,3,2,114529
2026-06-06T19:24:27Z,424936320,7301253152768,6800_GB,44,3,2,114830
2026-06-06T19:29:27Z,424936320,7302245859328,6801_GB,44,3,2,115130
2026-06-06T19:34:28Z,424936320,7305051643904,6803_GB,44,3,2,115430
2026-06-06T19:39:28Z,424936320,7306310918144,6805_GB,44,3,2,115731
2026-06-06T19:44:28Z,424936320,7308338724864,6806_GB,44,3,2,116031
2026-06-06T19:49:29Z,424936320,7311498371072,6809_GB,44,3,2,116332
2026-06-06T19:54:29Z,424936320,7313029357568,6811_GB,44,3,2,116632
2026-06-06T19:59:30Z,424936320,7315609755648,6813_GB,44,3,2,116933
2026-06-06T20:04:30Z,424936320,7316892049408,6814_GB,44,3,2,117233
2026-06-06T20:09:31Z,424936320,7317559066624,6815_GB,44,3,2,117533
2026-06-06T20:14:31Z,424936320,7317559296000,6815_GB,44,3,2,117834
2026-06-06T20:19:31Z,424936320,7318661578752,6816_GB,45,3,2,118134
2026-06-06T20:24:31Z,424936320,7321977487360,6819_GB,45,3,2,118434
2026-06-06T20:29:32Z,424936320,7323542855680,6821_GB,45,3,2,118734
2026-06-06T20:34:32Z,424936320,7325361610752,6822_GB,45,3,2,119035
2026-06-06T20:39:32Z,424936320,7326855364608,6824_GB,45,3,2,119335
2026-06-06T20:44:33Z,424936320,7329258717184,6826_GB,45,3,2,119635
2026-06-06T20:49:33Z,424936320,7331207806976,6828_GB,45,3,2,119936
2026-06-06T20:54:33Z,424936320,7332906221568,6829_GB,45,3,2,120236
2026-06-06T20:59:34Z,424936320,7334743670784,6831_GB,46,3,2,120536
2026-06-06T21:04:34Z,424936320,7337821798400,6834_GB,46,3,2,120837
2026-06-06T21:09:34Z,424936320,7339829813248,6836_GB,46,3,2,121137
2026-06-06T21:14:34Z,424936320,7341644480512,6837_GB,46,3,2,121437
2026-06-06T21:19:35Z,424936320,7342641340416,6838_GB,46,3,2,121737
2026-06-06T21:24:35Z,424936320,7344216850432,6840_GB,46,3,2,122038
2026-06-06T21:29:35Z,424936320,7344216850432,6840_GB,46,3,2,122338
2026-06-06T21:34:36Z,424936320,7347023978496,6842_GB,46,3,2,122638
2026-06-06T21:39:36Z,424936320,7348543922176,6844_GB,46,3,2,122939
2026-06-06T21:44:36Z,424936320,7351367540736,6846_GB,46,3,2,123239
2026-06-06T21:49:36Z,424936320,7353055952896,6848_GB,47,3,2,123539
2026-06-06T21:54:37Z,424936320,7355195645952,6850_GB,47,3,2,123840
2026-06-06T21:59:37Z,424936320,7358233411584,6853_GB,47,3,2,124140
2026-06-06T22:04:37Z,424936320,7360517382144,6855_GB,47,3,2,124440
2026-06-06T22:09:38Z,424936320,7362190082048,6857_GB,47,3,2,124740
2026-06-06T22:14:38Z,424936320,7363748356096,6858_GB,47,3,2,125041
2026-06-06T22:19:38Z,424936320,7363748356096,6858_GB,47,3,2,125341
2026-06-06T22:24:39Z,424936320,7365370421248,6860_GB,47,3,2,125641
2026-06-06T22:29:39Z,424936320,7367327621120,6861_GB,47,3,2,125942
2026-06-06T22:34:39Z,424936320,7370516062208,6864_GB,48,3,2,126242
2026-06-06T22:39:39Z,424936320,7372031352832,6866_GB,48,3,2,126542
2026-06-06T22:44:40Z,424936320,7374625333248,6868_GB,48,3,2,126842
2026-06-06T22:49:40Z,424936320,7375908610048,6869_GB,48,3,2,127143
2026-06-06T22:54:40Z,424936320,7378336825344,6872_GB,48,3,2,127443
2026-06-06T22:59:41Z,424936320,7380396310528,6874_GB,48,3,2,127743
2026-06-06T23:04:41Z,424936320,7381609586688,6875_GB,48,3,2,128044
2026-06-06T23:09:41Z,424936320,7383221108736,6876_GB,48,3,2,128344
2026-06-06T23:14:42Z,424936320,7386064560128,6879_GB,49,3,2,128644
2026-06-06T23:19:42Z,424936320,7387470888960,6880_GB,49,3,2,128945
2026-06-06T23:24:42Z,424936320,7389148667904,6882_GB,49,3,2,129245
2026-06-06T23:29:43Z,424936320,7391340224512,6884_GB,49,3,2,129545
2026-06-06T23:34:43Z,424936320,7394217648128,6886_GB,49,3,2,129846
2026-06-06T23:39:43Z,424936320,7396293771264,6888_GB,49,3,2,130146
2026-06-06T23:44:43Z,424936320,7398231277568,6890_GB,49,3,2,130446
2026-06-06T23:49:44Z,424936320,7400544354304,6892_GB,50,3,2,130746
2026-06-06T23:54:44Z,424936320,7402285006848,6894_GB,50,3,2,131047
2026-06-06T23:59:44Z,424936320,7403998044160,6896_GB,50,3,2,131347
2026-06-07T00:04:45Z,424936320,7404369559552,6896_GB,50,3,2,131647
2026-06-07T00:09:45Z,424936320,7405245587456,6897_GB,50,3,2,131948
2026-06-07T00:14:45Z,424936320,7407248343040,6899_GB,50,3,2,132248
2026-06-07T00:19:45Z,424936320,7410399191040,6901_GB,50,3,2,132548
2026-06-07T00:24:46Z,424936320,7411643760640,6903_GB,50,3,2,132848
2026-06-07T00:29:46Z,424936320,7414588645376,6905_GB,51,3,2,133149
2026-06-07T00:34:46Z,424936320,7415200038912,6906_GB,51,3,2,133449
2026-06-07T00:39:47Z,424936320,7418082443264,6909_GB,51,3,2,133749
2026-06-07T00:44:47Z,424936320,7420573360128,6911_GB,51,3,2,134050
2026-06-07T00:49:47Z,424936320,7422493335552,6913_GB,51,3,2,134350
2026-06-07T00:54:48Z,424936320,7424367534080,6914_GB,51,3,2,134650
2026-06-07T00:59:48Z,424936320,7426064998400,6916_GB,51,3,2,134951
2026-06-07T01:04:48Z,424936320,7427923738624,6918_GB,52,3,2,135251
2026-06-07T01:09:48Z,424936320,7429678866432,6919_GB,52,3,2,135551
2026-06-07T01:14:49Z,424936320,7432904638464,6922_GB,52,3,2,135851
2026-06-07T01:19:49Z,424936320,7435240579072,6925_GB,52,3,2,136152
2026-06-07T01:24:49Z,424936320,7436988981248,6926_GB,52,3,2,136452
2026-06-07T01:29:50Z,424936320,7439265177600,6928_GB,52,3,2,136752
2026-06-07T01:34:50Z,424936320,7440863248384,6930_GB,52,3,2,137053
2026-06-07T01:39:50Z,424936320,7442551791616,6931_GB,52,3,2,137353
2026-06-07T01:44:50Z,424936320,7444635705344,6933_GB,52,3,2,137653
2026-06-07T01:49:51Z,424936320,7447039541248,6936_GB,53,3,2,137953
2026-06-07T01:54:51Z,424936320,7448431976448,6937_GB,53,3,2,138254
2026-06-07T01:59:51Z,424936320,7451084480512,6939_GB,53,3,2,138554
2026-06-07T02:04:52Z,424936320,7453313482752,6941_GB,53,3,2,138854
2026-06-07T02:09:52Z,424936320,7454938054656,6943_GB,53,3,2,139155
2026-06-07T02:14:52Z,424936320,7457353416704,6945_GB,53,3,2,139455
2026-06-07T02:19:52Z,424936320,7458015125504,6946_GB,53,3,2,139755
2026-06-07T02:24:53Z,424936320,7458674081792,6946_GB,53,3,2,140055
2026-06-07T02:29:53Z,424936320,7460785586176,6948_GB,53,3,2,140356
2026-06-07T02:34:53Z,424936320,7461589377024,6949_GB,53,3,2,140656
2026-06-07T02:39:54Z,424936320,7463384760320,6951_GB,53,3,2,140956
2026-06-07T02:44:54Z,424936320,7464806244352,6952_GB,53,3,2,141257
2026-06-07T02:49:54Z,424936320,7465840893952,6953_GB,53,3,2,141557
2026-06-07T02:54:54Z,424936320,7466857144320,6954_GB,53,3,2,141857
2026-06-07T02:59:55Z,424936320,7468288155648,6955_GB,53,3,2,142157
2026-06-07T03:04:55Z,424936320,7470181179392,6957_GB,53,3,2,142458
2026-06-07T03:09:55Z,424936320,7471549120512,6958_GB,53,3,2,142758
2026-06-07T03:14:56Z,424936320,7472808214528,6960_GB,53,3,2,143058
2026-06-07T03:19:56Z,424936320,7474836668416,6961_GB,53,3,2,143359
2026-06-07T03:24:56Z,424936320,7476303200256,6963_GB,53,3,2,143659
2026-06-07T03:29:56Z,424936320,7476809539584,6963_GB,53,3,2,143959
2026-06-07T03:34:57Z,424936320,7478825672704,6965_GB,53,3,2,144259
2026-06-07T03:39:57Z,424936320,7480107687936,6966_GB,53,3,2,144560
2026-06-07T03:44:57Z,424936320,7482722533376,6969_GB,54,3,2,144860
2026-06-07T03:49:58Z,424936320,7484770697216,6971_GB,54,3,2,145160
2026-06-07T03:54:58Z,424936320,7487564472320,6973_GB,54,3,2,145461
2026-06-07T03:59:58Z,424936320,7490334883840,6976_GB,54,3,2,145761
2026-06-07T04:04:59Z,424936320,7491786113024,6977_GB,54,3,2,146061
2026-06-07T04:09:59Z,424936320,7494565765120,6980_GB,54,3,2,146362
2026-06-07T04:14:59Z,424936320,7496737251328,6982_GB,54,3,2,146662
2026-06-07T04:19:59Z,424936320,7498289307648,6983_GB,55,3,2,146962
2026-06-07T04:25:00Z,424936320,7500941606912,6986_GB,55,3,2,147262
2026-06-07T04:30:00Z,424936320,7502687895552,6987_GB,55,3,2,147563
2026-06-07T04:35:00Z,424936320,7504565780480,6989_GB,55,3,2,147863
2026-06-07T04:40:01Z,424936320,7505920270336,6990_GB,55,3,2,148164
2026-06-07T04:45:01Z,424936320,7507530383360,6992_GB,55,3,2,148464
2026-06-07T04:50:01Z,424936320,7509983952896,6994_GB,55,3,2,148764
2026-06-07T04:55:02Z,424936320,7511041294336,6995_GB,55,3,2,149064
2026-06-07T05:00:02Z,424936320,7513516285952,6998_GB,55,3,2,149365
2026-06-07T05:05:02Z,424936320,7515967053824,7000_GB,56,3,2,149665
2026-06-07T05:10:03Z,424936320,7518234058752,7002_GB,56,3,2,149966
2026-06-07T05:15:04Z,468185632,7519374073856,7003_GB,56,3,2,150266
2026-06-07T05:20:04Z,468185632,7519374073856,7003_GB,56,3,2,150567
2026-06-07T05:25:04Z,468185632,7521349967872,7005_GB,56,3,2,150867
2026-06-07T05:30:04Z,468185632,7522189082624,7006_GB,56,3,2,151167
2026-06-07T05:35:05Z,468185632,7523109199872,7006_GB,56,3,2,151467
2026-06-07T05:40:05Z,468185632,7523109199872,7006_GB,56,3,2,151768
2026-06-07T05:45:05Z,468185632,7524232937472,7007_GB,56,3,2,152068
2026-06-07T05:50:06Z,468185632,7526298034176,7009_GB,56,3,2,152368
2026-06-07T05:55:06Z,468185632,7526298034176,7009_GB,56,3,2,152669
2026-06-07T06:00:06Z,468185632,7527542210560,7011_GB,56,3,2,152969
2026-06-07T06:05:07Z,468185632,7529165529088,7012_GB,56,3,2,153269
2026-06-07T06:10:07Z,468185632,7530100891648,7013_GB,56,3,2,153570
2026-06-07T06:15:07Z,468185632,7530908360704,7014_GB,56,3,2,153870
2026-06-07T06:20:07Z,468185632,7531907186688,7015_GB,56,3,2,154170
2026-06-07T06:25:08Z,468185632,7531907186688,7015_GB,56,3,2,154470
2026-06-07T06:30:08Z,468185632,7534292639744,7017_GB,56,3,2,154771
2026-06-07T06:35:08Z,468185632,7534292639744,7017_GB,56,3,2,155071
2026-06-07T06:40:09Z,468185632,7534292639744,7017_GB,56,3,2,155371
2026-06-07T06:45:09Z,468185632,7534292639744,7017_GB,56,3,2,155672
2026-06-07T06:50:09Z,468185632,7535594348544,7018_GB,56,3,2,155972
2026-06-07T06:55:09Z,468185632,7535594348544,7018_GB,56,3,2,156272
2026-06-07T07:00:10Z,468185632,7537244889088,7020_GB,56,3,2,156573
2026-06-07T07:05:10Z,468185632,7537572274176,7020_GB,56,3,2,156873
2026-06-07T07:10:10Z,468185632,7538920464384,7021_GB,56,3,2,157173
2026-06-07T07:15:11Z,468185632,7538920464384,7021_GB,56,3,2,157473
2026-06-07T07:20:11Z,468185632,7539975561216,7022_GB,56,3,2,157774
2026-06-07T07:25:11Z,468185632,7539975561216,7022_GB,56,3,2,158074
2026-06-07T07:30:12Z,468185632,7539975561216,7022_GB,56,3,2,158374
2026-06-07T07:35:12Z,468185632,7541192040448,7023_GB,56,3,2,158675
2026-06-07T07:40:12Z,468185632,7541192040448,7023_GB,56,3,2,158975
2026-06-07T07:45:12Z,468185632,7545495732224,7027_GB,56,3,2,159275
2026-06-07T07:50:13Z,468185632,7546946158592,7029_GB,56,3,2,159575
2026-06-07T07:55:13Z,468185632,7549008543744,7031_GB,57,3,2,159876
2026-06-07T08:00:13Z,468185632,7551817342976,7033_GB,57,3,2,160176
2026-06-07T08:05:14Z,468185632,7553365073920,7035_GB,57,3,2,160476
2026-06-07T08:10:14Z,468185632,7555160416256,7036_GB,57,3,2,160777
2026-06-07T08:15:14Z,468185632,7556770340864,7038_GB,57,3,2,161077
2026-06-07T08:20:14Z,468185632,7559971725312,7041_GB,57,3,2,161377
2026-06-07T08:25:15Z,468185632,7561166209024,7042_GB,57,3,2,161677
2026-06-07T08:30:15Z,468185632,7562205863936,7043_GB,57,3,2,161978
2026-06-07T08:35:15Z,468185632,7564368879616,7045_GB,57,3,2,162278
2026-06-07T08:40:16Z,468185632,7566187495424,7047_GB,58,3,2,162579
2026-06-07T08:45:16Z,468185632,7568805101568,7049_GB,58,3,2,162879
2026-06-07T08:50:17Z,468185632,7570500124672,7051_GB,58,3,2,163179
2026-06-07T08:55:17Z,468185632,7571929939968,7052_GB,58,3,2,163481
2026-06-07T09:00:18Z,468185632,7573544779776,7053_GB,58,3,2,163781
2026-06-07T09:05:18Z,468185632,7576383348736,7056_GB,58,3,2,164081
2026-06-07T09:10:19Z,468185632,7578185916416,7058_GB,58,3,2,164382
2026-06-07T09:15:19Z,468185632,7580923240448,7060_GB,58,3,2,164682
2026-06-07T09:20:19Z,468185632,7582300315648,7062_GB,58,3,2,164982
2026-06-07T09:25:20Z,468185632,7585181302784,7064_GB,60,3,2,165282
2026-06-07T09:30:20Z,468185632,7586777227264,7066_GB,60,3,2,165583
2026-06-07T09:35:20Z,468185632,7589513355264,7068_GB,60,3,2,165883
2026-06-07T09:40:21Z,468185632,7591434027008,7070_GB,60,3,2,166183
2026-06-07T09:45:21Z,468185632,7593174810624,7072_GB,60,3,2,166484
2026-06-07T09:50:21Z,468185632,7593373982720,7072_GB,60,3,2,166784
2026-06-07T09:55:21Z,468185632,7595196678144,7074_GB,60,3,2,167084
2026-06-07T10:00:22Z,468185632,7597665492992,7076_GB,60,3,2,167384
2026-06-07T10:05:22Z,468185632,7599439986688,7078_GB,61,3,2,167685
2026-06-07T10:10:22Z,468185632,7602097577984,7080_GB,61,3,2,167985
2026-06-07T10:15:23Z,468185632,7604098514944,7082_GB,61,3,2,168285
2026-06-07T10:20:23Z,468185632,7605897388032,7084_GB,61,3,2,168586
2026-06-07T10:25:23Z,468185632,7607728037888,7085_GB,61,3,2,168886
2026-06-07T10:30:24Z,468185632,7609702957056,7087_GB,61,3,2,169186
2026-06-07T10:35:24Z,468185632,7613127073792,7090_GB,61,3,2,169487
2026-06-07T10:40:24Z,468185632,7615902007296,7093_GB,62,3,2,169787
2026-06-07T10:45:24Z,468185632,7617714569216,7095_GB,62,3,2,170087
2026-06-07T10:50:25Z,468185632,7620735860736,7097_GB,62,3,2,170388
2026-06-07T10:55:25Z,468185632,7621841444864,7098_GB,62,3,2,170688
2026-06-07T11:00:25Z,468185632,7623803707392,7100_GB,62,3,2,170988
2026-06-07T11:05:26Z,468185632,7625857409024,7102_GB,62,3,2,171288
2026-06-07T11:10:26Z,468185632,7627676770304,7104_GB,62,3,2,171589
2026-06-07T11:15:26Z,468185632,7630659461120,7107_GB,63,3,2,171889
2026-06-07T11:20:27Z,468185632,7632182280192,7108_GB,63,3,2,172190
2026-06-07T11:25:27Z,468185632,7633650589696,7109_GB,63,3,2,172490
2026-06-07T11:30:28Z,468185632,7634940772352,7111_GB,63,3,2,172790
2026-06-07T11:35:28Z,468185632,7636984152064,7112_GB,63,3,2,173091
2026-06-07T11:40:28Z,468185632,7638421479424,7114_GB,63,3,2,173391
2026-06-07T11:45:29Z,468185632,7640950628352,7116_GB,63,3,2,173691
2026-06-07T11:50:29Z,468185632,7642288381952,7117_GB,63,3,2,173992
2026-06-07T11:55:29Z,468185632,7644055322624,7119_GB,63,3,2,174292
2026-06-07T12:00:29Z,468185632,7645708492800,7121_GB,63,3,2,174592
2026-06-07T12:05:30Z,468185632,7648921083904,7124_GB,64,3,2,174892
2026-06-07T12:10:30Z,468185632,7650790490112,7125_GB,64,3,2,175193
2026-06-07T12:15:30Z,468185632,7652503887872,7127_GB,64,3,2,175493
2026-06-07T12:20:31Z,468185632,7655607771136,7130_GB,64,3,2,175793
2026-06-07T12:25:31Z,468185632,7658340425728,7132_GB,64,3,2,176094
2026-06-07T12:30:31Z,468185632,7660055568384,7134_GB,64,3,2,176394
2026-06-07T12:35:32Z,468185632,7661616668672,7135_GB,64,3,2,176694
2026-06-07T12:40:32Z,468185632,7662883815424,7137_GB,65,3,2,176995
2026-06-07T12:45:32Z,468185632,7664214933504,7138_GB,65,3,2,177295
2026-06-07T12:50:32Z,468185632,7667575955456,7141_GB,65,3,2,177595
2026-06-07T12:55:33Z,468185632,7669195055104,7142_GB,65,3,2,177895
2026-06-07T13:00:33Z,468185632,7670781952000,7144_GB,65,3,2,178196
2026-06-07T13:05:33Z,468185632,7672301338624,7145_GB,65,3,2,178496
2026-06-07T13:10:34Z,468185632,7675295309824,7148_GB,65,3,2,178796
2026-06-07T13:15:34Z,468185632,7677148561408,7150_GB,66,3,2,179097
2026-06-07T13:20:34Z,468185632,7678748360704,7151_GB,66,3,2,179397
2026-06-07T13:25:34Z,468185632,7681567154176,7154_GB,66,3,2,179697
2026-06-07T13:30:35Z,468185632,7682807652352,7155_GB,66,3,2,179997
2026-06-07T13:35:35Z,468185632,7685749604352,7158_GB,66,3,2,180298
2026-06-07T13:40:35Z,468185632,7686949675008,7159_GB,66,3,2,180598
2026-06-07T13:45:36Z,468185632,7688552693760,7161_GB,66,3,2,180898
2026-06-07T13:50:36Z,468185632,7690092388352,7162_GB,66,3,2,181199
2026-06-07T13:55:36Z,468185632,7692656418816,7164_GB,66,3,2,181499
2026-06-07T14:00:37Z,468185632,7694239948800,7166_GB,66,3,2,181799
2026-06-07T14:05:37Z,468185632,7696044703744,7168_GB,66,3,2,182100
2026-06-07T14:10:37Z,468185632,7697409089536,7169_GB,66,3,2,182400
2026-06-07T14:15:37Z,468185632,7699078545408,7170_GB,67,3,2,182700
2026-06-07T14:20:38Z,468185632,7700830871552,7172_GB,67,3,2,183000
2026-06-07T14:25:38Z,468185632,7702217113600,7173_GB,67,3,2,183301
2026-06-07T14:30:38Z,468185632,7705474732032,7176_GB,67,3,2,183601
2026-06-07T14:35:39Z,468185632,7706772783104,7177_GB,67,3,2,183901
2026-06-07T14:40:39Z,468185632,7708462997504,7179_GB,67,3,2,184202
2026-06-07T14:45:39Z,468185632,7710351196160,7181_GB,67,3,2,184502
2026-06-07T14:50:40Z,468185632,7711247933440,7182_GB,67,3,2,184802
2026-06-07T14:55:40Z,468185632,7713200824320,7183_GB,67,3,2,185103
2026-06-07T15:00:40Z,468185632,7714890080256,7185_GB,67,3,2,185403
2026-06-07T15:05:41Z,468185632,7716412514304,7186_GB,67,3,2,185703
2026-06-07T15:10:41Z,468185632,7719329177600,7189_GB,68,3,2,186004
2026-06-07T15:15:41Z,468185632,7721252700160,7191_GB,68,3,2,186304
2026-06-07T15:20:41Z,468185632,7723023736832,7193_GB,68,3,2,186604
2026-06-07T15:25:42Z,468185632,7725791961088,7195_GB,68,3,2,186904
2026-06-07T15:30:42Z,468185632,7727491923968,7197_GB,68,3,2,187205
2026-06-07T15:35:42Z,468185632,7730293211136,7199_GB,68,3,2,187505
2026-06-07T15:40:43Z,468185632,7732137508864,7201_GB,68,3,2,187805
2026-06-07T15:45:43Z,468185632,7734950813696,7204_GB,69,3,2,188106
2026-06-07T15:50:43Z,468185632,7736696168448,7205_GB,69,3,2,188406
2026-06-07T15:55:44Z,468185632,7739397005312,7208_GB,69,3,2,188706
2026-06-07T16:00:44Z,468185632,7741831438336,7210_GB,69,3,2,189007
2026-06-07T16:05:44Z,468185632,7743390072832,7212_GB,69,3,2,189307
2026-06-07T16:10:45Z,468185632,7745260421120,7213_GB,69,3,2,189607
2026-06-07T16:15:45Z,468185632,7746841600000,7215_GB,69,3,2,189908
2026-06-07T16:20:45Z,468185632,7748166606848,7216_GB,69,3,2,190208
2026-06-07T16:25:45Z,468185632,7751656210432,7219_GB,70,3,2,190508
2026-06-07T16:30:46Z,468185632,7753278840832,7221_GB,70,3,2,190808
2026-06-07T16:35:46Z,468185632,7754976706560,7222_GB,70,3,2,191109
2026-06-07T16:40:46Z,468185632,7755764424704,7223_GB,70,3,2,191409
2026-06-07T16:45:47Z,468185632,7757069828096,7224_GB,70,3,2,191709
2026-06-07T16:50:47Z,468185632,7757968162816,7225_GB,70,3,2,192010
2026-06-07T16:55:47Z,468185632,7759617867776,7227_GB,70,3,2,192310
2026-06-07T17:00:48Z,468185632,7760709140480,7228_GB,70,3,2,192610
2026-06-07T17:05:48Z,468185632,7762136604672,7229_GB,70,3,2,192911
2026-06-07T17:10:48Z,468185632,7764637310976,7231_GB,70,3,2,193211
2026-06-07T17:15:49Z,468185632,7766019047424,7233_GB,70,3,2,193514
2026-06-07T17:20:52Z,468185632,7767187628032,7234_GB,70,3,2,193814
2026-06-07T17:25:52Z,468185632,7768435113984,7235_GB,70,3,2,194115
2026-06-07T17:30:52Z,468185632,7769869434880,7236_GB,70,3,2,194415
2026-06-07T17:35:53Z,468185632,7772355289088,7239_GB,71,3,2,194715
2026-06-07T17:40:53Z,468185632,7773386686464,7240_GB,71,3,2,195016
2026-06-07T17:45:53Z,468185632,7774776721408,7241_GB,71,3,2,195316
2026-06-07T17:50:54Z,468185632,7776207814656,7242_GB,71,3,2,195617
2026-06-07T17:55:54Z,468185632,7777389355008,7243_GB,71,3,2,195917
2026-06-07T18:00:55Z,468185632,7778626682880,7244_GB,71,3,2,196218
2026-06-07T18:05:55Z,468185632,7780045037568,7246_GB,71,3,2,196518
2026-06-07T18:10:56Z,468185632,7781242970112,7247_GB,71,3,2,196818
2026-06-07T18:15:56Z,468185632,7782317244416,7248_GB,71,3,2,197119
2026-06-07T18:20:57Z,468185632,7786124419072,7251_GB,71,3,2,197420
2026-06-07T18:25:57Z,468185632,7787152269312,7252_GB,71,3,2,197720
2026-06-07T18:30:58Z,468185632,7789269647360,7254_GB,72,3,2,198021
2026-06-07T18:35:58Z,468185632,7790596014080,7256_GB,72,3,2,198321
2026-06-07T18:40:58Z,468185632,7792046637056,7257_GB,72,3,2,198621
2026-06-07T18:45:59Z,468185632,7793386938368,7258_GB,72,3,2,198922
2026-06-07T18:50:59Z,468185632,7796030619648,7261_GB,72,3,2,199222
2026-06-07T18:55:59Z,468185632,7797101363200,7262_GB,72,3,2,199522
2026-06-07T19:01:00Z,468185632,7797667217408,7262_GB,72,3,2,199823
2026-06-07T19:06:00Z,468185632,7800644567040,7265_GB,72,3,2,200123
2026-06-07T19:11:01Z,468185632,7802028580864,7266_GB,72,3,2,200423
2026-06-07T19:16:01Z,468185632,7803178598400,7267_GB,72,3,2,200724
2026-06-07T19:21:01Z,468185632,7804406226944,7268_GB,72,3,2,201024
2026-06-07T19:26:02Z,468185632,7805586489344,7270_GB,72,3,2,201324
2026-06-07T19:31:02Z,468185632,7808409812992,7272_GB,72,3,2,201625
2026-06-07T19:36:02Z,468185632,7810702909440,7274_GB,72,3,2,201925
2026-06-07T19:41:03Z,468185632,7813295742976,7277_GB,73,3,2,202226
2026-06-07T19:46:03Z,468185632,7815572013056,7279_GB,73,3,2,202526
2026-06-07T19:51:04Z,468185632,7817583697920,7281_GB,73,3,2,202826
2026-06-07T19:56:04Z,468185632,7821419462656,7284_GB,74,3,2,203127
2026-06-07T20:01:04Z,468185632,7823920046080,7287_GB,74,3,2,203427
2026-06-07T20:06:05Z,468185632,7826748907520,7289_GB,74,3,2,203727
2026-06-07T20:11:05Z,468185632,7829548720128,7292_GB,74,3,2,204028
2026-06-07T20:16:05Z,468185632,7832379981824,7294_GB,74,3,2,204328
2026-06-07T20:21:06Z,468185632,7835083767808,7297_GB,74,3,2,204629
2026-06-07T20:26:06Z,468185632,7838290829312,7300_GB,74,3,2,204929
2026-06-07T20:31:07Z,468185632,7841197654016,7303_GB,74,3,2,205229
2026-06-07T20:36:07Z,468185632,7843876274176,7305_GB,75,3,2,205531
2026-06-07T20:41:08Z,468185632,7846662840320,7308_GB,76,3,2,205831
2026-06-07T20:46:09Z,468185632,7849216466944,7310_GB,76,3,2,206131
2026-06-07T20:51:09Z,468185632,7851857461248,7313_GB,76,3,2,206432
2026-06-07T20:56:09Z,468185632,7854745395200,7315_GB,76,3,2,206732
2026-06-07T21:01:10Z,468185632,7857609646080,7318_GB,76,3,2,207033
2026-06-07T21:06:10Z,468185632,7860273692672,7320_GB,76,3,2,207333
2026-06-07T21:11:11Z,468185632,7863009263616,7323_GB,76,3,2,207633
2026-06-07T21:16:11Z,468185632,7865843597312,7326_GB,76,3,2,207934
2026-06-07T21:21:11Z,468185632,7868571107328,7328_GB,77,3,2,208234
2026-06-07T21:26:12Z,468185632,7871797682176,7331_GB,77,3,2,208534
2026-06-07T21:31:12Z,468185632,7874971140096,7334_GB,77,3,2,208835
2026-06-07T21:36:12Z,468185632,7877600518144,7337_GB,78,3,2,209135
2026-06-07T21:41:13Z,468185632,7881062244352,7340_GB,78,3,2,209436
2026-06-07T21:46:13Z,468185632,7883856388096,7342_GB,78,3,2,209736
2026-06-07T21:51:13Z,468185632,7886878048256,7345_GB,78,3,2,210036
2026-06-07T21:56:14Z,468185632,7889885298688,7348_GB,78,3,2,210336
2026-06-07T22:01:14Z,468185632,7892655480832,7351_GB,78,3,2,210637
2026-06-07T22:06:14Z,468185632,7895588888576,7353_GB,78,3,2,210937
2026-06-07T22:11:15Z,468185632,7898523336704,7356_GB,79,3,2,211237
2026-06-07T22:16:15Z,468185632,7901605953536,7359_GB,79,3,2,211538
2026-06-07T22:21:15Z,468185632,7904681844736,7362_GB,80,3,2,211838
2026-06-07T22:26:16Z,468185632,7907931414528,7365_GB,80,3,2,212138
2026-06-07T22:31:16Z,468185632,7910978478080,7368_GB,80,3,2,212439
2026-06-07T22:36:16Z,468185632,7913973055488,7370_GB,80,3,2,212739
2026-06-07T22:41:17Z,468185632,7916877135872,7373_GB,80,3,2,213039
2026-06-07T22:46:17Z,468185632,7920395632640,7376_GB,80,3,2,213340
2026-06-07T22:51:17Z,468185632,7923448971264,7379_GB,80,3,2,213640
2026-06-07T22:56:18Z,468185632,7926479339520,7382_GB,80,3,2,213940
2026-06-07T23:01:18Z,468185632,7929908199424,7385_GB,80,3,2,214241
2026-06-07T23:06:18Z,468185632,7932924837888,7388_GB,82,3,2,214541
2026-06-07T23:11:19Z,468185632,7935975727104,7391_GB,82,3,2,214841
2026-06-07T23:16:19Z,468185632,7938892005376,7394_GB,82,3,2,215142
2026-06-07T23:21:19Z,468185632,7942029688832,7397_GB,82,3,2,215442
2026-06-07T23:26:20Z,468185632,7945043853312,7399_GB,82,3,2,215743
2026-06-07T23:31:20Z,468185632,7948256444416,7402_GB,82,3,2,216043
2026-06-07T23:36:21Z,468185632,7951365242880,7405_GB,82,3,2,216343
2026-06-07T23:41:21Z,468185632,7954874810368,7409_GB,82,3,2,216644
2026-06-07T23:46:21Z,468185632,7958193872896,7412_GB,82,3,2,216944
2026-06-07T23:51:21Z,471414016,7961859276800,7415_GB,83,3,2,217244
2026-06-07T23:56:22Z,471414016,7964483780608,7418_GB,84,3,2,217545
2026-06-08T00:01:22Z,471414016,7967469633536,7420_GB,84,3,2,217845
2026-06-08T00:06:23Z,471414016,7970662518784,7423_GB,84,3,2,218145
2026-06-08T00:11:23Z,471414016,7973818990592,7426_GB,84,3,2,218446
2026-06-08T00:16:23Z,471414016,7976846262272,7429_GB,84,3,2,218746
2026-06-08T00:21:24Z,471414016,7979677278208,7432_GB,84,3,2,219046
2026-06-08T00:26:24Z,471414016,7982656552960,7434_GB,84,3,2,219347
2026-06-08T00:31:24Z,471414016,7985646297088,7437_GB,84,3,2,219647
2026-06-08T00:36:25Z,471414016,7988177010688,7440_GB,84,3,2,219947
2026-06-08T00:41:25Z,471414016,7991451951104,7443_GB,85,3,2,220248
2026-06-08T00:46:25Z,471414016,7994719723520,7446_GB,86,3,2,220548
2026-06-08T00:51:25Z,471414016,7998001606656,7449_GB,86,3,2,220848
2026-06-08T00:56:26Z,471414016,8001355882496,7452_GB,86,3,2,221148
2026-06-08T01:01:26Z,471414016,8004500250624,7455_GB,86,3,2,221449
2026-06-08T01:06:26Z,471414016,8007751917568,7458_GB,86,3,2,221749
2026-06-08T01:11:27Z,471414016,8011142152192,7461_GB,86,3,2,222049
2026-06-08T01:16:27Z,471414016,8014035337216,7464_GB,86,3,2,222350
2026-06-08T01:21:27Z,471414016,8016119545856,7466_GB,86,3,2,222650
2026-06-08T01:26:28Z,471414016,8019210338304,7468_GB,88,3,2,222950
2026-06-08T01:31:28Z,471414016,8022183313408,7471_GB,88,3,2,223250
2026-06-08T01:36:28Z,471414016,8025003909120,7474_GB,88,3,2,223551
2026-06-08T01:41:28Z,471414016,8028127526912,7477_GB,88,3,2,223851
2026-06-08T01:46:29Z,471414016,8030875181056,7479_GB,88,3,2,224151
2026-06-08T01:51:29Z,471414016,8033847394304,7482_GB,88,3,2,224452
2026-06-08T01:56:29Z,471414016,8036870250496,7485_GB,88,3,2,224752
2026-06-08T02:01:30Z,471414016,8039550181376,7487_GB,89,3,2,225052
2026-06-08T02:06:30Z,471414016,8042681344000,7490_GB,89,3,2,225353
2026-06-08T02:11:30Z,522150400,8045366353920,7493_GB,89,3,2,225653
2026-06-08T02:16:30Z,522150400,8047619923968,7495_GB,90,3,2,225953
2026-06-08T02:21:31Z,522150400,8050266980352,7497_GB,91,3,2,226253
2026-06-08T02:26:31Z,522150400,8053139750912,7500_GB,91,3,2,226554
2026-06-08T02:31:31Z,522150400,8055777492992,7503_GB,91,3,2,226854
2026-06-08T02:36:32Z,522150400,8058275676160,7505_GB,91,3,2,227154
2026-06-08T02:41:32Z,522150400,8060958613504,7507_GB,91,3,2,227455
2026-06-08T02:46:32Z,522150400,8062950432768,7509_GB,91,3,2,227755
2026-06-08T02:51:32Z,522150400,8066082693120,7512_GB,91,3,2,228055
2026-06-08T02:56:33Z,522150400,8068779401216,7515_GB,91,3,2,228355
2026-06-08T03:01:33Z,522150400,8071378067456,7517_GB,91,3,2,228656
2026-06-08T03:06:33Z,522150400,8074541056000,7520_GB,92,3,2,228956
2026-06-08T03:11:34Z,522150400,8077832962048,7523_GB,92,3,2,229256
2026-06-08T03:16:34Z,522150400,8080763682816,7526_GB,93,3,2,229557
2026-06-08T03:21:34Z,522150400,8083833839616,7529_GB,93,3,2,229857
2026-06-08T03:26:34Z,522150400,8085877694464,7531_GB,93,3,2,230157
2026-06-08T03:31:35Z,522150400,8087644692480,7532_GB,93,3,2,230457
2026-06-08T03:36:35Z,522150400,8089261105152,7534_GB,93,3,2,230758
2026-06-08T03:41:35Z,522150400,8090798604288,7535_GB,93,3,2,231058
2026-06-08T03:46:36Z,522150400,8093298556928,7537_GB,94,3,2,231358
2026-06-08T03:51:36Z,522150400,8095503089664,7540_GB,94,3,2,231659
2026-06-08T03:56:36Z,522150400,8097352794112,7541_GB,94,3,2,231959
2026-06-08T04:01:37Z,522150400,8098590089216,7542_GB,94,3,2,232259
2026-06-08T04:06:37Z,522150400,8101138685952,7545_GB,94,3,2,232559
2026-06-08T04:11:37Z,522150400,8103127449600,7547_GB,94,3,2,232860
2026-06-08T04:16:37Z,522150400,8104797143040,7548_GB,94,3,2,233160
2026-06-08T04:21:38Z,522150400,8104797143040,7548_GB,94,3,2,233460
2026-06-08T04:26:38Z,522150400,8108687810560,7552_GB,94,3,2,233760
2026-06-08T04:31:38Z,522150400,8111207489536,7554_GB,94,3,2,234061
2026-06-08T04:36:38Z,522150400,8114189549568,7557_GB,94,3,2,234361
2026-06-08T04:41:39Z,522150400,8117354790912,7560_GB,95,3,2,234661
2026-06-08T04:46:39Z,522150400,8119786340352,7562_GB,96,3,2,234962
2026-06-08T04:51:39Z,522150400,8122669785088,7565_GB,96,3,2,235262
2026-06-08T04:56:40Z,522150400,8125744234496,7568_GB,96,3,2,235562
2026-06-08T05:01:40Z,522150400,8128228196352,7570_GB,96,3,2,235863
2026-06-08T05:06:40Z,522150400,8129531961344,7571_GB,96,3,2,236163
2026-06-08T05:11:41Z,522150400,8132762091520,7574_GB,96,3,2,236463
2026-06-08T05:16:41Z,522150400,8135598055424,7577_GB,96,3,2,236763
2026-06-08T05:21:41Z,522150400,8138292232192,7579_GB,96,3,2,237064
2026-06-08T05:26:42Z,522150400,8140380692480,7581_GB,96,3,2,237364
2026-06-08T05:31:42Z,522150400,8143358640128,7584_GB,98,3,2,237665
2026-06-08T05:36:42Z,522150400,8145529831424,7586_GB,98,3,2,237965
2026-06-08T05:41:42Z,522150400,8147676332032,7588_GB,98,3,2,238265
2026-06-08T05:46:43Z,522150400,8150188957696,7590_GB,98,3,2,238565
2026-06-08T05:51:43Z,522150400,8153141772288,7593_GB,98,3,2,238866
2026-06-08T05:56:43Z,522150400,8155767087104,7596_GB,98,3,2,239166
2026-06-08T06:01:44Z,522150400,8158148796416,7598_GB,98,3,2,239466
2026-06-08T06:06:44Z,522150400,8160495837184,7600_GB,98,3,2,239767
2026-06-08T06:11:44Z,522150400,8163052797952,7602_GB,98,3,2,240067
2026-06-08T06:16:45Z,522150400,8165288902656,7605_GB,99,3,2,240368
2026-06-08T06:21:45Z,522150400,8168031092736,7607_GB,99,3,2,240668
2026-06-08T06:26:46Z,522150400,8171138490368,7610_GB,99,3,2,240969
2026-06-08T06:31:47Z,522150400,8173884817408,7613_GB,99,3,2,241270
2026-06-08T06:36:47Z,522150400,8177002807296,7615_GB,99,3,2,241570
2026-06-08T06:41:48Z,522150400,8179786645504,7618_GB,99,3,1,241870
2026-06-08T06:46:48Z,522150400,8182662709248,7621_GB,100,3,2,242171
2026-06-08T06:51:48Z,522150400,8184929517568,7623_GB,100,3,2,242471
2026-06-08T06:56:49Z,522150400,8186775584768,7625_GB,100,3,2,242771
2026-06-08T07:01:49Z,522150400,8189428547584,7627_GB,100,3,2,243072
2026-06-08T07:06:49Z,522150400,8191928123392,7629_GB,100,3,2,243372
2026-06-08T07:11:49Z,522150400,8194276188160,7632_GB,101,3,2,243672
2026-06-08T07:16:50Z,522150400,8195905691648,7633_GB,101,3,2,243972
2026-06-08T07:21:50Z,522150400,8197490991104,7635_GB,101,3,2,244273
2026-06-08T07:26:50Z,522150400,8200194179072,7637_GB,101,3,2,244573
2026-06-08T07:31:51Z,522150400,8203207426048,7640_GB,102,3,2,244873
2026-06-08T07:36:51Z,522150400,8205282811904,7642_GB,102,3,2,245174
2026-06-08T07:41:51Z,522150400,8208133455872,7644_GB,102,3,2,245474
2026-06-08T07:46:52Z,522150400,8211343319040,7647_GB,102,3,2,245774
2026-06-08T07:51:52Z,522150400,8213361598464,7649_GB,102,3,2,246074
2026-06-08T07:56:52Z,522150400,8214914916352,7651_GB,102,3,2,246375
2026-06-08T08:01:52Z,522150400,8216200749056,7652_GB,102,3,2,246675
2026-06-08T08:06:53Z,522150400,8217893314560,7654_GB,102,3,2,246975
2026-06-08T08:11:53Z,522150400,8219958755328,7655_GB,102,3,2,247276
2026-06-08T08:16:53Z,522150400,8222651228160,7658_GB,103,3,2,247576
2026-06-08T08:21:54Z,522150400,8225108074496,7660_GB,103,3,2,247878
2026-06-08T08:26:56Z,522150400,8228011950080,7663_GB,104,3,2,248178
2026-06-08T08:31:56Z,522150400,8231013957632,7666_GB,104,3,2,248479
2026-06-08T08:36:56Z,522150400,8233575596032,7668_GB,104,3,2,248779
2026-06-08T08:41:56Z,522150400,8235291869184,7670_GB,104,3,2,249079
2026-06-08T08:46:57Z,522150400,8236763275264,7671_GB,104,3,2,249379
2026-06-08T08:51:57Z,522150400,8238934548480,7673_GB,104,3,2,249680
2026-06-08T08:56:57Z,522150400,8241204535296,7675_GB,105,3,2,249980
2026-06-08T09:01:58Z,522150400,8244041211904,7678_GB,105,3,2,250280
2026-06-08T09:06:58Z,522150400,8246392569856,7680_GB,105,3,2,250581
2026-06-08T09:11:58Z,522150400,8248563924992,7682_GB,105,3,2,250881
2026-06-08T09:16:58Z,522150400,8250953883648,7684_GB,105,3,2,251181
2026-06-08T09:21:59Z,522150400,8253445873664,7687_GB,105,3,2,251481
2026-06-08T09:26:59Z,522150400,8256221839360,7689_GB,105,3,2,251782
2026-06-08T09:31:59Z,522150400,8259550765056,7692_GB,105,3,2,252082
2026-06-08T09:37:00Z,522150400,8262119636992,7695_GB,107,3,2,252382
2026-06-08T09:42:00Z,522150400,8265124249600,7697_GB,107,3,2,252684
2026-06-08T09:47:01Z,522150400,8268036595712,7700_GB,107,3,2,252984
2026-06-08T09:52:02Z,522150400,8271213756416,7703_GB,107,3,2,253284
2026-06-08T09:57:02Z,522150400,8273459650560,7705_GB,107,3,2,253585
2026-06-08T10:02:02Z,522150400,8276385415168,7708_GB,107,3,2,253885
2026-06-08T10:07:03Z,522150400,8279181008896,7711_GB,107,3,2,254185
2026-06-08T10:12:03Z,522150400,8282197934080,7713_GB,107,3,2,254486
2026-06-08T10:17:03Z,522150400,8284903268352,7716_GB,108,3,2,254786
2026-06-08T10:22:04Z,522150400,8287674482688,7718_GB,109,3,2,255086
2026-06-08T10:27:04Z,522150400,8290324938752,7721_GB,109,3,2,255387
2026-06-08T10:32:04Z,522150400,8293140758528,7724_GB,109,3,2,255687
2026-06-08T10:37:04Z,522150400,8294995402752,7725_GB,109,3,2,255987
2026-06-08T10:42:05Z,522150400,8297065996288,7727_GB,109,3,2,256288
2026-06-08T10:47:05Z,522150400,8298925686784,7729_GB,109,3,2,256588
2026-06-08T10:52:05Z,522150400,8300979314688,7731_GB,109,3,2,256889
2026-06-08T10:57:06Z,522150400,8302386782208,7732_GB,110,3,2,257189
2026-06-08T11:02:07Z,522150400,8305365041152,7735_GB,110,3,2,257489
2026-06-08T11:07:07Z,522150400,8308140982272,7738_GB,110,3,2,257790
2026-06-08T11:12:07Z,522150400,8310896885760,7740_GB,110,3,2,258090
2026-06-08T11:17:07Z,522150400,8313943138304,7743_GB,111,3,2,258390
2026-06-08T11:22:08Z,522150400,8317180698624,7746_GB,111,3,2,258691
2026-06-08T11:27:08Z,522150400,8320322969600,7749_GB,111,3,2,258991
2026-06-08T11:32:09Z,522150400,8323119439872,7752_GB,111,3,2,259291
2026-06-08T11:37:09Z,522150400,8325807505408,7754_GB,112,3,2,259592
2026-06-08T11:42:09Z,522150400,8328766496768,7757_GB,112,3,2,259892
2026-06-08T11:47:10Z,522150400,8331966275584,7760_GB,112,3,2,260192
2026-06-08T11:52:10Z,522150400,8335067004928,7763_GB,112,3,2,260493
2026-06-08T11:57:10Z,522150400,8338296455168,7766_GB,112,3,2,260793
2026-06-08T12:02:11Z,522150400,8341528109056,7769_GB,113,3,2,261093
2026-06-08T12:07:11Z,522150400,8344774598656,7772_GB,113,3,2,261394
2026-06-08T12:12:11Z,522150400,8348085714944,7775_GB,113,3,2,261694
2026-06-08T12:17:12Z,522150400,8351437070336,7778_GB,114,3,2,261994
2026-06-08T12:22:12Z,522150400,8354675474432,7781_GB,114,3,2,262295
2026-06-08T12:27:12Z,522150400,8356921245696,7783_GB,114,3,2,262595
2026-06-08T12:32:13Z,522150400,8360359952384,7786_GB,114,3,2,262895
2026-06-08T12:37:13Z,522150400,8361720569856,7787_GB,114,3,2,263196
2026-06-08T12:42:13Z,522150400,8363560116224,7789_GB,114,3,2,263496
2026-06-08T12:47:14Z,522150400,8365858455552,7791_GB,114,3,2,263796
2026-06-08T12:52:14Z,522150400,8368142753792,7793_GB,114,3,2,264097
2026-06-08T12:57:14Z,522150400,8371200794624,7796_GB,115,3,2,264397
2026-06-08T13:02:15Z,522150400,8374218342400,7799_GB,115,3,2,264697
2026-06-08T13:07:15Z,522150400,8377042296832,7802_GB,115,3,2,264998
2026-06-08T13:12:15Z,522150400,8380101623808,7805_GB,116,3,2,265298
2026-06-08T13:17:15Z,522150400,8383326257152,7808_GB,116,3,2,265598
2026-06-08T13:22:16Z,522150400,8386427936768,7810_GB,116,3,2,265899
2026-06-08T13:27:16Z,522150400,8389809225728,7814_GB,116,3,2,266199
2026-06-08T13:32:17Z,522150400,8393027018752,7817_GB,116,3,2,266499
2026-06-08T13:37:17Z,522150400,8395584004096,7819_GB,117,3,2,266800
2026-06-08T13:42:17Z,522150400,8397218668544,7821_GB,117,3,2,267100
2026-06-08T13:47:17Z,522150400,8400218595328,7823_GB,117,3,2,267400
2026-06-08T13:52:18Z,522150400,8403683737600,7827_GB,117,3,2,267701
2026-06-08T13:57:18Z,522150400,8406966935552,7830_GB,118,3,2,268001
2026-06-08T14:02:19Z,522150400,8408956649472,7831_GB,118,3,2,268301
2026-06-08T14:07:19Z,522150400,8410644955136,7833_GB,118,3,2,268602
2026-06-08T14:12:19Z,522150400,8413147627520,7835_GB,118,3,2,268902
2026-06-08T14:17:20Z,522150400,8415533490176,7838_GB,118,3,2,269202
2026-06-08T14:22:20Z,522150400,8417374789632,7839_GB,118,3,2,269503
2026-06-08T14:27:20Z,522150400,8419647602688,7841_GB,118,3,2,269803
2026-06-08T14:32:21Z,522150400,8421810028544,7843_GB,118,3,2,270103
2026-06-08T14:37:21Z,522150400,8422955630592,7844_GB,118,3,2,270404
2026-06-08T14:42:21Z,522150400,8425687506944,7847_GB,119,3,2,270704
2026-06-08T14:47:21Z,522150400,8427958624256,7849_GB,119,3,2,271004
2026-06-08T14:52:22Z,522150400,8430484520960,7852_GB,119,3,2,271305
2026-06-08T14:57:22Z,522150400,8432886161408,7854_GB,119,3,2,271605
2026-06-08T15:02:22Z,522150400,8434284871680,7855_GB,119,3,2,271905
2026-06-08T15:07:23Z,522150400,8437595725824,7858_GB,119,3,2,272205
2026-06-08T15:12:23Z,522150400,8439942733824,7860_GB,119,3,2,272506
2026-06-08T15:17:23Z,522150400,8442795360256,7863_GB,119,3,2,272806
2026-06-08T15:22:24Z,522150400,8444413853696,7864_GB,120,3,2,273106
2026-06-08T15:27:24Z,522150400,8447031222272,7867_GB,120,3,2,273407
2026-06-08T15:32:24Z,522150400,8449505091584,7869_GB,120,3,2,273707
2026-06-08T15:37:25Z,522150400,8452093222912,7872_GB,120,3,2,274007
2026-06-08T15:42:25Z,522150400,8454534340608,7874_GB,121,3,2,274308
2026-06-08T15:47:25Z,522150400,8456454569984,7876_GB,121,3,2,274608
2026-06-08T15:52:25Z,522150400,8458989805568,7878_GB,121,3,2,274908
2026-06-08T15:57:26Z,522150400,8460606644224,7880_GB,121,3,2,275209
2026-06-08T16:02:26Z,522150400,8461899145216,7881_GB,121,3,2,275509
2026-06-08T16:07:26Z,522150400,8464976150528,7884_GB,121,3,2,275809
2026-06-08T16:12:27Z,522150400,8466883026944,7885_GB,121,3,2,276110
2026-06-08T16:17:27Z,522150400,8469570691072,7888_GB,121,3,2,276410
2026-06-08T16:22:27Z,522150400,8471157997568,7889_GB,122,3,2,276710
2026-06-08T16:27:28Z,522150400,8472671821824,7891_GB,122,3,2,277010
2026-06-08T16:32:28Z,522150400,8474263175168,7892_GB,122,3,2,277311
2026-06-08T16:37:28Z,522150400,8477410746368,7895_GB,122,3,2,277611
2026-06-08T16:42:29Z,522150400,8478875828224,7897_GB,122,3,2,277911
2026-06-08T16:47:29Z,522150400,8480485466112,7898_GB,122,3,2,278212
2026-06-08T16:52:29Z,522150400,8482198921216,7900_GB,122,3,2,278512
2026-06-08T16:57:30Z,522150400,8483638566912,7901_GB,123,3,2,278812
2026-06-08T17:02:30Z,522150400,8485309923328,7903_GB,123,3,2,279113
2026-06-08T17:07:30Z,522150400,8488945696768,7906_GB,123,3,2,279413
2026-06-08T17:12:31Z,522150400,8491544322048,7908_GB,123,3,2,279714
2026-06-08T17:17:32Z,522150400,8492869656576,7910_GB,123,3,2,280014
2026-06-08T17:22:32Z,522150400,8494336851968,7911_GB,123,3,2,280315
2026-06-08T17:27:32Z,522150400,8495808798720,7912_GB,123,3,2,280615
2026-06-08T17:32:33Z,522150400,8497143742464,7914_GB,123,3,2,280915
2026-06-08T17:37:33Z,522150400,8500188790784,7916_GB,123,3,2,281216
2026-06-08T17:42:33Z,522150400,8501506220032,7918_GB,124,3,2,281516
2026-06-08T17:47:34Z,522150400,8504198864896,7920_GB,124,3,2,281816
2026-06-08T17:52:34Z,522150400,8505844006912,7922_GB,124,3,2,282117
2026-06-08T17:57:34Z,522150400,8508336332800,7924_GB,124,3,2,282417
2026-06-08T18:02:34Z,522150400,8509841727488,7925_GB,124,3,2,282717
2026-06-08T18:07:35Z,522150400,8512385622016,7928_GB,124,3,2,283017
2026-06-08T18:12:35Z,522150400,8514013372416,7929_GB,124,3,2,283318
2026-06-08T18:17:35Z,522150400,8516626882560,7932_GB,124,3,2,283618
2026-06-08T18:22:36Z,522150400,8517920342016,7933_GB,124,3,2,283918
2026-06-08T18:27:36Z,522150400,8519379189760,7934_GB,124,3,2,284219
2026-06-08T18:32:36Z,522150400,8521102106624,7936_GB,125,3,2,284519
2026-06-08T18:37:36Z,522150400,8522619854848,7937_GB,125,3,2,284819
2026-06-08T18:42:37Z,522150400,8525388718080,7940_GB,125,3,2,285120
2026-06-08T18:47:37Z,522150400,8527641018368,7942_GB,125,3,2,285420
2026-06-08T18:52:37Z,522150400,8529517592576,7944_GB,125,3,2,285720
2026-06-08T18:57:38Z,522150400,8531511525376,7946_GB,125,3,2,286020
2026-06-08T19:02:38Z,522150400,8533256552448,7947_GB,125,3,2,286321
2026-06-08T19:07:38Z,522150400,8535020658688,7949_GB,125,3,2,286621
2026-06-08T19:12:39Z,577907840,8536883306496,7951_GB,125,3,2,286922
2026-06-08T19:17:39Z,577907840,8536883306496,7951_GB,125,3,2,287222
2026-06-08T19:22:39Z,577907840,8538775453696,7952_GB,126,3,2,287522
2026-06-08T19:27:40Z,577907840,8540389744640,7954_GB,126,3,2,287823
2026-06-08T19:32:40Z,577907840,8543093972992,7956_GB,126,3,2,288123
2026-06-08T19:37:40Z,577907840,8543804981248,7957_GB,126,3,2,288423
2026-06-08T19:42:41Z,577907840,8545226080256,7958_GB,126,3,2,288724
2026-06-08T19:47:41Z,577907840,8545337057280,7958_GB,126,3,2,289024
2026-06-08T19:52:41Z,577907840,8547394248704,7960_GB,126,3,2,289324
2026-06-08T19:57:42Z,577907840,8549039734784,7962_GB,126,3,2,289624
2026-06-08T20:02:42Z,577907840,8550836166656,7964_GB,126,3,2,289925
2026-06-08T20:07:42Z,577907840,8554669572096,7967_GB,126,3,2,290225
2026-06-08T20:12:43Z,577907840,8555721179136,7968_GB,126,3,2,290525
2026-06-08T20:17:43Z,577907840,8558093615104,7970_GB,126,3,2,290826
2026-06-08T20:22:43Z,577907840,8559750750208,7972_GB,127,3,2,291126
2026-06-08T20:27:44Z,577907840,8562716254208,7975_GB,127,3,2,291426
2026-06-08T20:32:44Z,577907840,8564450295808,7976_GB,127,3,2,291727
2026-06-08T20:37:44Z,577907840,8567169089536,7979_GB,127,3,2,292027
2026-06-08T20:42:44Z,577907840,8569123545088,7981_GB,127,3,2,292327
2026-06-08T20:47:45Z,577907840,8569921355776,7981_GB,127,3,2,292628
2026-06-08T20:52:45Z,577907840,8572539961344,7984_GB,127,3,2,292928
2026-06-08T20:57:45Z,577907840,8575114936320,7986_GB,128,3,2,293228
2026-06-08T21:02:46Z,577907840,8578224619520,7989_GB,128,3,2,293528
2026-06-08T21:07:46Z,577907840,8581495029760,7992_GB,129,3,2,293829
2026-06-08T21:12:46Z,577907840,8585060417536,7995_GB,129,3,2,294129
2026-06-08T21:17:47Z,577907840,8588183011328,7998_GB,129,3,2,294430
2026-06-08T21:22:47Z,577907840,8591352193024,8001_GB,129,3,2,294730
2026-06-08T21:27:47Z,577907840,8594310610944,8004_GB,129,3,2,295030
2026-06-08T21:32:48Z,577907840,8597799821312,8007_GB,130,3,2,295330
2026-06-08T21:37:48Z,577907840,8599563599872,8009_GB,130,3,2,295631
2026-06-08T21:42:48Z,577907840,8602829234176,8012_GB,131,3,2,295931
2026-06-08T21:47:49Z,577907840,8605622394880,8015_GB,131,3,2,296232
2026-06-08T21:52:49Z,577907840,8608388669440,8017_GB,131,3,2,296532
2026-06-08T21:57:49Z,577907840,8610800656384,8019_GB,131,3,2,296832
2026-06-08T22:02:50Z,577907840,8613985845248,8022_GB,131,3,2,297133
2026-06-08T22:07:50Z,577907840,8616975900672,8025_GB,132,3,2,297433
2026-06-08T22:12:50Z,577907840,8619913773056,8028_GB,132,3,2,297733
2026-06-08T22:17:51Z,577907840,8622441914368,8030_GB,132,3,2,298034
2026-06-08T22:22:51Z,577907840,8624393977856,8032_GB,132,3,2,298334
2026-06-08T22:27:51Z,577907840,8627784179712,8035_GB,132,3,2,298634
2026-06-08T22:32:52Z,577907840,8629502771200,8037_GB,133,3,2,298934
2026-06-08T22:37:52Z,577907840,8632136851456,8039_GB,133,3,2,299235
2026-06-08T22:42:52Z,577907840,8634769506304,8042_GB,133,3,2,299535
2026-06-08T22:47:53Z,577907840,8638203830272,8045_GB,133,3,2,299836
2026-06-08T22:52:53Z,577907840,8641302290432,8048_GB,133,3,2,300136
2026-06-08T22:57:53Z,577907840,8644779745280,8051_GB,134,3,2,300436
2026-06-08T23:02:54Z,577907840,8648172683264,8054_GB,134,3,2,300737
2026-06-08T23:07:54Z,577907840,8651767980032,8058_GB,135,3,2,301037
2026-06-08T23:12:54Z,577907840,8654374748160,8060_GB,135,3,2,301337
2026-06-08T23:17:55Z,577907840,8657591336960,8063_GB,135,3,2,301637
2026-06-08T23:22:55Z,577907840,8661128585216,8066_GB,135,3,2,301938
2026-06-08T23:27:55Z,577907840,8664071225344,8069_GB,135,3,2,302238
2026-06-08T23:32:56Z,577907840,8666805739520,8072_GB,136,3,2,302538
2026-06-08T23:37:56Z,577907840,8669141393408,8074_GB,136,3,2,302839
2026-06-08T23:42:56Z,577907840,8671306817536,8076_GB,136,3,2,303139
2026-06-08T23:47:57Z,577907840,8673637777408,8078_GB,136,3,2,303439
2026-06-08T23:52:57Z,577907840,8675686621184,8080_GB,136,3,2,303740
2026-06-08T23:57:57Z,577907840,8678479839232,8082_GB,136,3,2,304040
2026-06-09T00:02:58Z,577907840,8680381169664,8084_GB,136,3,2,304340
2026-06-09T00:07:58Z,577907840,8681746046976,8086_GB,136,3,2,304641
2026-06-09T00:12:58Z,577907840,8683077402624,8087_GB,136,3,2,304941
2026-06-09T00:17:59Z,577907840,8685308944384,8089_GB,137,3,2,305241
2026-06-09T00:22:59Z,577907840,8688288088064,8092_GB,137,3,2,305542
2026-06-09T00:27:59Z,577907840,8691689504768,8095_GB,137,3,2,305842
2026-06-09T00:33:00Z,577907840,8694412894208,8097_GB,137,3,2,306142
2026-06-09T00:38:00Z,577907840,8696450146304,8099_GB,137,3,2,306443
2026-06-09T00:43:00Z,577907840,8698261258240,8101_GB,137,3,2,306743
2026-06-09T00:48:01Z,577907840,8700956098560,8103_GB,137,3,2,307044
2026-06-09T00:53:01Z,577907840,8702538276864,8105_GB,137,3,2,307344
2026-06-09T00:58:01Z,577907840,8704106668032,8106_GB,137,3,2,307644
2026-06-09T01:03:02Z,577907840,8707943694336,8110_GB,139,3,2,307944
2026-06-09T01:08:02Z,577907840,8710131449856,8112_GB,139,3,2,308245
2026-06-09T01:13:02Z,577907840,8711548493824,8113_GB,139,3,2,308546
2026-06-09T01:18:03Z,577907840,8713811312640,8115_GB,139,3,2,308846
2026-06-09T01:23:03Z,577907840,8714935672832,8116_GB,139,3,2,309146
2026-06-09T01:28:04Z,577907840,8715143741440,8117_GB,139,3,2,309446
2026-06-09T01:33:04Z,577907840,8715584102400,8117_GB,139,3,2,309747
2026-06-09T01:38:04Z,577907840,8716861333504,8118_GB,139,3,2,310047
2026-06-09T01:43:05Z,577907840,8717140967424,8118_GB,139,3,2,310347
2026-06-09T01:48:05Z,577907840,8717140967424,8118_GB,139,3,2,310648
2026-06-09T01:53:05Z,577907840,8717766467584,8119_GB,139,3,2,310948
2026-06-09T01:58:06Z,577907840,8718743773184,8120_GB,139,3,2,311248
2026-06-09T02:03:06Z,577907840,8718743773184,8120_GB,139,3,2,311549
2026-06-09T02:08:06Z,577907840,8718743773184,8120_GB,139,3,2,311849
2026-06-09T02:13:07Z,577907840,8718743773184,8120_GB,139,3,2,312149
2026-06-09T02:18:07Z,577907840,8720224739328,8121_GB,139,3,2,312450
2026-06-09T02:23:07Z,577907840,8720836640768,8122_GB,139,3,2,312750
2026-06-09T02:28:07Z,577907840,8720836640768,8122_GB,139,3,2,313050
2026-06-09T02:33:08Z,577907840,8721383661568,8122_GB,139,3,2,313350
2026-06-09T02:38:08Z,577907840,8722392670208,8123_GB,139,3,2,313651
2026-06-09T02:43:08Z,577907840,8723143278592,8124_GB,139,3,2,313951
2026-06-09T02:48:09Z,577907840,8724182753280,8125_GB,139,3,2,314251
2026-06-09T02:53:09Z,577907840,8724638752768,8125_GB,139,3,2,314552
2026-06-09T02:58:09Z,577907840,8724638752768,8125_GB,139,3,2,314852
2026-06-09T03:03:10Z,577907840,8725450891264,8126_GB,139,3,2,315152
2026-06-09T03:08:10Z,577907840,8726207078400,8127_GB,140,3,2,315453
2026-06-09T03:13:10Z,577907840,8726207078400,8127_GB,140,3,2,315753
2026-06-09T03:18:11Z,577907840,8726207078400,8127_GB,140,3,2,316053
2026-06-09T03:23:11Z,577907840,8727464050688,8128_GB,140,3,2,316354
2026-06-09T03:28:11Z,577907840,8727464050688,8128_GB,140,3,2,316654
2026-06-09T03:33:11Z,577907840,8727464050688,8128_GB,140,3,2,316954
2026-06-09T03:38:12Z,577907840,8728094990336,8129_GB,140,3,2,317254
2026-06-09T03:43:12Z,577907840,8729591996416,8130_GB,140,3,2,317555
2026-06-09T03:48:12Z,577907840,8731264663552,8132_GB,140,3,2,317855
2026-06-09T03:53:13Z,577907840,8733037027328,8133_GB,140,3,2,318155
2026-06-09T03:58:13Z,577907840,8733037027328,8133_GB,140,3,2,318456
2026-06-09T04:03:13Z,577907840,8733460209664,8134_GB,140,3,2,318756
2026-06-09T04:08:14Z,577907840,8733964845056,8134_GB,140,3,2,319056
2026-06-09T04:13:14Z,577907840,8734928879616,8135_GB,140,3,1,319357
2026-06-09T04:18:14Z,577907840,8734928879616,8135_GB,140,3,1,319657
2026-06-09T04:23:14Z,577907840,8735435210752,8136_GB,141,3,2,319957
2026-06-09T04:28:15Z,577907840,8736286474240,8136_GB,141,3,2,320258
2026-06-09T04:33:15Z,577907840,8736649412608,8137_GB,141,3,2,320558
2026-06-09T04:38:15Z,577907840,8738069856256,8138_GB,141,3,2,320858
2026-06-09T04:43:16Z,577907840,8739356147712,8139_GB,141,3,2,321158
2026-06-09T04:48:16Z,577907840,8739356147712,8139_GB,141,3,2,321459
2026-06-09T04:53:16Z,577907840,8739809918976,8140_GB,141,3,2,321759
2026-06-09T04:58:17Z,577907840,8739809918976,8140_GB,141,3,2,322059
2026-06-09T05:03:17Z,577907840,8740242219008,8140_GB,141,3,2,322360
2026-06-09T05:08:17Z,577907840,8740930994176,8141_GB,141,3,2,322660
2026-06-09T05:13:18Z,577907840,8741599322112,8141_GB,141,3,2,322960
2026-06-09T05:18:18Z,577907840,8742381060096,8142_GB,141,3,2,323261
2026-06-09T05:23:18Z,577907840,8742802702336,8142_GB,141,3,2,323561
2026-06-09T05:28:18Z,577907840,8743469383680,8143_GB,141,3,2,323861
2026-06-09T05:33:19Z,577907840,8745830023168,8145_GB,141,3,2,324162
2026-06-09T05:38:19Z,577907840,8748053831680,8147_GB,141,3,2,324462
2026-06-09T05:43:19Z,577907840,8748380086272,8148_GB,141,3,2,324762
2026-06-09T05:48:20Z,577907840,8748380086272,8148_GB,141,3,2,325062
2026-06-09T05:53:20Z,577907840,8748380086272,8148_GB,141,3,2,325363
2026-06-09T05:58:20Z,577907840,8750264860672,8149_GB,142,3,2,325663
2026-06-09T06:03:21Z,577907840,8753734803456,8153_GB,142,3,2,325963
2026-06-09T06:08:21Z,577907840,8756846714880,8155_GB,142,3,2,326264
2026-06-09T06:13:21Z,577907840,8759320805376,8158_GB,142,3,2,326564
2026-06-09T06:18:22Z,577907840,8760349065216,8159_GB,142,3,2,326864
2026-06-09T06:23:22Z,577907840,8761708593152,8160_GB,143,3,2,327165
2026-06-09T06:28:22Z,577907840,8763383660544,8162_GB,143,3,2,327465
2026-06-09T06:33:23Z,577907840,8765144752128,8163_GB,143,3,2,327765
2026-06-09T06:38:23Z,577907840,8768495624192,8166_GB,143,3,2,328066
2026-06-09T06:43:23Z,577907840,8771983474688,8170_GB,143,3,2,328366
2026-06-09T06:48:24Z,577907840,8774783369216,8172_GB,143,3,2,328666
2026-06-09T06:53:24Z,577907840,8776688893952,8174_GB,143,3,2,328967
2026-06-09T06:58:24Z,577907840,8777934225408,8175_GB,143,3,2,329267
2026-06-09T07:03:25Z,577907840,8779906752512,8177_GB,143,3,2,329568
2026-06-09T07:08:25Z,577907840,8782852890624,8180_GB,144,3,2,329868
2026-06-09T07:13:26Z,577907840,8785436065792,8182_GB,144,3,2,330168
2026-06-09T07:18:26Z,577907840,8787432275968,8184_GB,144,3,2,330469
2026-06-09T07:23:26Z,577907840,8789661712384,8186_GB,145,3,2,330769
2026-06-09T07:28:26Z,577907840,8792473362432,8189_GB,145,3,2,331069
2026-06-09T07:33:27Z,577907840,8795063959552,8191_GB,145,3,2,331370
2026-06-09T07:38:27Z,577907840,8798287503360,8194_GB,145,3,2,331670
2026-06-09T07:43:28Z,577907840,8800676577280,8196_GB,145,3,2,331970
2026-06-09T07:48:28Z,577907840,8802227650560,8198_GB,145,3,2,332271
2026-06-09T07:53:28Z,577907840,8803432316928,8199_GB,145,3,2,332571
2026-06-09T07:58:29Z,577907840,8804770086912,8200_GB,145,3,2,332871
2026-06-09T08:03:29Z,577907840,8807958044672,8203_GB,146,3,2,333172
2026-06-09T08:08:29Z,577907840,8811216986112,8206_GB,146,3,2,333472
2026-06-09T08:13:30Z,577907840,8813921001472,8209_GB,146,3,2,333772
2026-06-09T08:18:30Z,577907840,8817071693824,8212_GB,146,3,2,334073
2026-06-09T08:23:30Z,577907840,8820335779840,8215_GB,146,3,2,334373
2026-06-09T08:28:31Z,554787648,8823210442752,8217_GB,147,3,2,334673
2026-06-09T08:33:31Z,554787648,8825766748160,8220_GB,147,3,2,334974
2026-06-09T08:38:31Z,554787648,8828703203328,8222_GB,147,3,2,335274
2026-06-09T08:43:32Z,554787648,8831030943744,8225_GB,147,3,2,335574
2026-06-09T08:48:32Z,554787648,8834327281664,8228_GB,148,3,2,335875
2026-06-09T08:53:32Z,554787648,8837247475712,8230_GB,149,3,2,336175
2026-06-09T08:58:33Z,554787648,8840505925632,8233_GB,149,3,2,336475
2026-06-09T09:03:33Z,554787648,8843963080704,8237_GB,149,3,2,336776
2026-06-09T09:08:33Z,554787648,8847518212096,8240_GB,149,3,2,337076
2026-06-09T09:13:33Z,554787648,8850728312832,8243_GB,149,3,2,337376
2026-06-09T09:18:34Z,554787648,8853515067392,8245_GB,149,3,2,337677
2026-06-09T09:23:34Z,554787648,8856798167040,8249_GB,150,3,2,337977
2026-06-09T09:28:34Z,554787648,8860525608960,8252_GB,151,3,2,338277
2026-06-09T09:33:35Z,554787648,8864125353984,8255_GB,151,3,2,338578
2026-06-09T09:38:35Z,554787648,8866568773632,8258_GB,151,3,2,338878
2026-06-09T09:43:35Z,554787648,8869938282496,8261_GB,151,3,2,339178
2026-06-09T09:48:36Z,554787648,8873090277376,8264_GB,151,3,2,339479
2026-06-09T09:53:36Z,554787648,8876025856000,8266_GB,151,3,2,339779
2026-06-09T09:58:36Z,554787648,8879459934208,8270_GB,152,3,2,340079
2026-06-09T10:03:37Z,554787648,8882416017408,8272_GB,152,3,2,340379
2026-06-09T10:08:37Z,554787648,8885827051520,8276_GB,152,3,1,340680
2026-06-09T10:13:37Z,554787648,8888948981760,8278_GB,153,3,2,340980
2026-06-09T10:18:38Z,554787648,8891743281152,8281_GB,153,3,2,341280
2026-06-09T10:23:38Z,554787648,8894982291456,8284_GB,153,3,2,341581
2026-06-09T10:28:38Z,554787648,8897945419776,8287_GB,153,3,2,341881
2026-06-09T10:33:38Z,554787648,8900836179968,8290_GB,153,3,2,342181
2026-06-09T10:38:39Z,554787648,8901877841920,8291_GB,154,3,2,342481
2026-06-09T10:43:39Z,554787648,8903507787776,8292_GB,154,3,2,342782
2026-06-09T10:48:39Z,554787648,8904930467840,8293_GB,154,3,2,343082
2026-06-09T10:53:39Z,554787648,8907582332928,8296_GB,154,3,2,343382
2026-06-09T10:58:40Z,554787648,8910683840512,8299_GB,154,3,2,343682
2026-06-09T11:03:40Z,554787648,8913408286720,8301_GB,154,3,2,343983
2026-06-09T11:08:40Z,554787648,8916601004032,8304_GB,155,3,2,344283
2026-06-09T11:13:41Z,554787648,8919398260736,8307_GB,155,3,2,344583
2026-06-09T11:18:41Z,554787648,8922371694592,8310_GB,155,3,2,344884
2026-06-09T11:23:41Z,554787648,8925492183040,8313_GB,155,3,2,345184
2026-06-09T11:28:41Z,554787648,8928594583552,8315_GB,156,3,2,345484
2026-06-09T11:33:42Z,554787648,8931638935552,8318_GB,156,3,2,345785
2026-06-09T11:38:42Z,554787648,8934645293056,8321_GB,156,3,2,346085
2026-06-09T11:43:42Z,554787648,8937742958592,8324_GB,156,3,1,346385
2026-06-09T11:48:43Z,554787648,8940808757248,8327_GB,157,3,2,346685
2026-06-09T11:53:43Z,554787648,8943373205504,8329_GB,157,3,2,346986
2026-06-09T11:58:43Z,554787648,8945901117440,8332_GB,157,3,2,347286
2026-06-09T12:03:44Z,554787648,8948206682112,8334_GB,157,3,2,347586
2026-06-09T12:08:44Z,554787648,8951672758272,8337_GB,157,3,2,347887
2026-06-09T12:13:44Z,554787648,8955092819968,8340_GB,158,3,2,348187
2026-06-09T12:18:44Z,554787648,8958052802560,8343_GB,158,3,2,348487
2026-06-09T12:23:45Z,554787648,8961294098432,8346_GB,159,3,2,348787
2026-06-09T12:28:45Z,554787648,8963905560576,8348_GB,159,3,2,349088
2026-06-09T12:33:45Z,554787648,8967175970816,8351_GB,159,3,2,349388
2026-06-09T12:38:45Z,554787648,8969505349632,8354_GB,159,3,2,349688
2026-06-09T12:43:46Z,554787648,8972214394880,8356_GB,159,3,2,349988
2026-06-09T12:48:46Z,554787648,8973605789696,8357_GB,159,3,2,350289
2026-06-09T12:53:46Z,554787648,8976929726464,8360_GB,159,3,2,350589
2026-06-09T12:58:47Z,554787648,8979134136320,8362_GB,159,3,2,350889
2026-06-09T13:03:47Z,554787648,8982796492800,8366_GB,160,3,2,351190
2026-06-09T13:08:47Z,554787648,8985961758720,8369_GB,160,3,2,351490
2026-06-09T13:13:47Z,554787648,8988068249600,8371_GB,161,3,2,351790
2026-06-09T13:18:48Z,554787648,8989737132032,8372_GB,161,3,2,352090
2026-06-09T13:23:48Z,554787648,8992893050880,8375_GB,161,3,2,352391
2026-06-09T13:28:48Z,554787648,8994753716224,8377_GB,161,3,2,352691
2026-06-09T13:33:49Z,554787648,8998345777152,8380_GB,161,3,2,352991
2026-06-09T13:38:49Z,554787648,9000886640640,8383_GB,161,3,2,353291
2026-06-09T13:43:49Z,554787648,9003980521472,8386_GB,161,3,2,353592
2026-06-09T13:48:49Z,554787648,9006883651584,8388_GB,161,3,2,353892
2026-06-09T13:53:50Z,554787648,9009680089088,8391_GB,161,3,2,354192
2026-06-09T13:58:50Z,554787648,9012111753216,8393_GB,161,3,2,354493
2026-06-09T14:03:50Z,554787648,9015216971776,8396_GB,162,3,2,354793
2026-06-09T14:08:51Z,554787648,9018266746880,8399_GB,163,3,2,355093
2026-06-09T14:13:51Z,554787648,9021432381440,8402_GB,163,3,2,355394
2026-06-09T14:18:51Z,554787648,9024673538048,8405_GB,163,3,2,355694
2026-06-09T14:23:52Z,554787648,9027383631872,8407_GB,163,3,2,355994
2026-06-09T14:28:52Z,554787648,9030344065024,8410_GB,163,3,2,356295
2026-06-09T14:33:52Z,554787648,9032877735936,8413_GB,163,3,2,356595
2026-06-09T14:38:53Z,554787648,9035649417216,8415_GB,165,3,2,356895
2026-06-09T14:43:53Z,554787648,9037166280704,8417_GB,165,3,2,357195
2026-06-09T14:48:53Z,554787648,9039337922560,8419_GB,165,3,2,357496
2026-06-09T14:53:53Z,554787648,9041049247744,8420_GB,165,3,2,357796
2026-06-09T14:58:54Z,554787648,9044637671424,8423_GB,165,3,2,358096
2026-06-09T15:03:54Z,554787648,9047806836736,8426_GB,165,3,2,358397
2026-06-09T15:08:54Z,554787648,9050131849216,8429_GB,165,3,2,358697
2026-06-09T15:13:55Z,554787648,9052766732288,8431_GB,165,3,2,358997
2026-06-09T15:18:55Z,554787648,9056540852224,8435_GB,166,3,2,359298
2026-06-09T15:23:55Z,629086912,9059943792640,8438_GB,166,3,2,359598
2026-06-09T15:28:55Z,629086912,9063298981888,8441_GB,166,3,2,359898
2026-06-09T15:33:56Z,629086912,9066773151744,8444_GB,166,3,2,360198
2026-06-09T15:38:56Z,629086912,9069458251776,8447_GB,166,3,2,360499
2026-06-09T15:43:56Z,629086912,9070977482752,8448_GB,166,3,2,360799
2026-06-09T15:48:57Z,629086912,9072606322688,8450_GB,167,3,2,361099
2026-06-09T15:53:57Z,629086912,9074841272320,8452_GB,167,3,2,361400
2026-06-09T15:58:57Z,629086912,9075851665408,8453_GB,167,3,2,361700
2026-06-09T16:03:57Z,629086912,9079389765632,8456_GB,167,3,2,362000
2026-06-09T16:08:58Z,629086912,9082925629440,8459_GB,167,3,2,362300
2026-06-09T16:13:58Z,629086912,9085496639488,8462_GB,168,3,2,362601
2026-06-09T16:18:58Z,629086912,9087811272704,8464_GB,168,3,2,362901
2026-06-09T16:23:58Z,629086912,9091103981568,8467_GB,168,3,2,363201
2026-06-09T16:28:59Z,629086912,9094351364096,8470_GB,168,3,2,363501
2026-06-09T16:33:59Z,629086912,9097506783232,8473_GB,169,3,2,363802
2026-06-09T16:38:59Z,629086912,9099979513856,8475_GB,169,3,2,364102
2026-06-09T16:44:00Z,629086912,9101455867904,8476_GB,169,3,2,364402
2026-06-09T16:49:00Z,629086912,9102919032832,8478_GB,169,3,2,364703
2026-06-09T16:54:00Z,629086912,9104453009408,8479_GB,169,3,2,365003
2026-06-09T16:59:00Z,629086912,9105029439488,8480_GB,169,3,2,365303
2026-06-09T17:04:01Z,629086912,9106184224768,8481_GB,169,3,2,365603
2026-06-09T17:09:01Z,629086912,9107242196992,8482_GB,169,3,2,365904
2026-06-09T17:14:01Z,629086912,9110441304064,8485_GB,169,3,2,366204
2026-06-09T17:19:01Z,629086912,9111298629632,8486_GB,169,3,2,366504
2026-06-09T17:24:02Z,629086912,9112495104000,8487_GB,169,3,2,366804
2026-06-09T17:29:02Z,629086912,9113248915456,8487_GB,169,3,2,367105
2026-06-09T17:34:02Z,629086912,9114983391232,8489_GB,169,3,2,367405
2026-06-09T17:39:03Z,629086912,9116669370368,8491_GB,170,3,2,367705
2026-06-09T17:44:03Z,629086912,9117616758784,8491_GB,170,3,2,368006
2026-06-09T17:49:03Z,629086912,9119320645632,8493_GB,170,3,2,368306
2026-06-09T17:54:03Z,629086912,9122673197056,8496_GB,170,3,2,368606
2026-06-09T17:59:04Z,629086912,9123743539200,8497_GB,170,3,2,368906
2026-06-09T18:04:04Z,629086912,9125331599360,8499_GB,170,3,2,369207
2026-06-09T18:09:04Z,629086912,9125721022464,8499_GB,170,3,2,369507
2026-06-09T18:14:04Z,629086912,9126128271360,8499_GB,170,3,2,369807
2026-06-09T18:19:05Z,629086912,9127746625536,8501_GB,170,3,2,370107
2026-06-09T18:24:05Z,629086912,9129333489664,8502_GB,170,3,2,370408
2026-06-09T18:29:05Z,629086912,9130758078464,8504_GB,171,3,2,370708
2026-06-09T18:34:06Z,629086912,9135415664640,8508_GB,171,3,2,371008
2026-06-09T18:39:06Z,629086912,9138372599808,8511_GB,172,3,2,371309
2026-06-09T18:44:06Z,629086912,9141055545344,8513_GB,172,3,2,371609
2026-06-09T18:49:06Z,629086912,9142614515712,8515_GB,172,3,2,371909
2026-06-09T18:54:07Z,629086912,9145724903424,8518_GB,172,3,2,372209
2026-06-09T18:59:07Z,629086912,9148825247744,8521_GB,172,3,2,372510
2026-06-09T19:04:07Z,629086912,9152073908224,8524_GB,172,3,2,372810
2026-06-09T19:09:08Z,629086912,9155407454208,8527_GB,174,3,2,373110
2026-06-09T19:14:08Z,629086912,9158433210368,8529_GB,174,3,2,373411
2026-06-09T19:19:08Z,629086912,9161693822976,8532_GB,174,3,2,373711
2026-06-09T19:24:08Z,629086912,9164730654720,8535_GB,174,3,2,374011
2026-06-09T19:29:09Z,629086912,9167901212672,8538_GB,174,3,2,374311
2026-06-09T19:34:09Z,629086912,9171013099520,8541_GB,174,3,2,374612
2026-06-09T19:39:09Z,629086912,9174115082240,8544_GB,175,3,2,374912
2026-06-09T19:44:10Z,629086912,9177433415680,8547_GB,175,3,2,375212
2026-06-09T19:49:10Z,629086912,9180904742912,8550_GB,176,3,2,375513
2026-06-09T19:54:10Z,629086912,9184468090880,8554_GB,176,3,2,375813
2026-06-09T19:59:10Z,629086912,9187818168320,8557_GB,176,3,2,376113
2026-06-09T20:04:11Z,629086912,9191322083328,8560_GB,176,3,2,376413
2026-06-13T13:31:30Z,629086912,9191947943936,8561_GB,0,3,2,19
2026-06-13T13:36:31Z,629086912,9191947943936,8561_GB,0,3,2,319
2026-06-13T13:41:31Z,629086912,9191947943936,8561_GB,0,3,2,620
2026-06-13T13:46:31Z,629086912,9191947943936,8561_GB,0,3,2,920
2026-06-13T13:51:31Z,629086912,9192105869312,8561_GB,0,3,2,1220
2026-06-13T13:56:32Z,629086912,9193789300736,8562_GB,0,3,2,1520
2026-06-13T14:01:32Z,629086912,9196800204800,8565_GB,2,3,2,1821
2026-06-13T14:06:32Z,629086912,9198284234752,8567_GB,2,3,2,2121
2026-06-13T14:11:32Z,629086912,9199797026816,8568_GB,2,3,2,2421
2026-06-13T14:16:33Z,629086912,9201593040896,8570_GB,2,3,2,2721
2026-06-13T14:21:33Z,629086912,9204108722176,8572_GB,2,3,2,3022
2026-06-13T14:26:33Z,629086912,9205857878016,8574_GB,2,3,2,3322
2026-06-13T14:31:34Z,629086912,9207269105664,8575_GB,2,3,2,3622
2026-06-13T14:36:34Z,629086912,9209194430464,8577_GB,2,3,2,3923
2026-06-13T14:41:34Z,629086912,9211218968576,8579_GB,2,3,2,4223
2026-06-13T14:46:34Z,629086912,9212582346752,8580_GB,2,3,2,4523
2026-06-13T14:51:35Z,629086912,9214936727552,8582_GB,3,3,2,4823
2026-06-13T14:56:35Z,629086912,9217590665216,8585_GB,3,3,2,5124
2026-06-13T15:01:35Z,629086912,9220496809984,8587_GB,3,3,2,5424
2026-06-13T15:06:36Z,629086912,9222775603200,8589_GB,3,3,2,5725
2026-06-13T15:11:36Z,629086912,9226240016384,8593_GB,3,3,2,6025
2026-06-13T15:16:36Z,629086912,9229351936000,8596_GB,3,3,2,6325
2026-06-13T15:21:37Z,629086912,9232086888448,8598_GB,3,3,2,6625
2026-06-13T15:26:37Z,629086912,9234873982976,8601_GB,3,3,2,6926
2026-06-13T15:31:37Z,629086912,9236831567872,8602_GB,4,3,2,7226
2026-06-13T15:36:37Z,629086912,9239594737664,8605_GB,4,3,2,7526
2026-06-13T15:41:38Z,629086912,9242578862080,8608_GB,4,3,2,7826
2026-06-13T15:46:38Z,629086912,9245720272896,8611_GB,4,3,2,8127
2026-06-13T15:51:38Z,629086912,9248729538560,8614_GB,5,3,2,8427
2026-06-13T15:56:39Z,629086912,9251645087744,8616_GB,5,3,2,8727
2026-06-13T16:01:39Z,629086912,9254377144320,8619_GB,5,3,2,9028
2026-06-13T16:06:39Z,629086912,9257566576640,8622_GB,5,3,2,9328
2026-06-13T16:11:39Z,629086912,9260376432640,8624_GB,5,3,2,9628
2026-06-13T16:16:40Z,629086912,9263823691776,8628_GB,5,3,2,9928
2026-06-13T16:21:40Z,629086912,9267100106752,8631_GB,6,3,2,10229
2026-06-13T16:26:40Z,629086912,9269920792576,8633_GB,6,3,2,10529
2026-06-13T16:31:40Z,629086912,9273143074816,8636_GB,6,3,2,10829
2026-06-13T16:36:41Z,629086912,9275561664512,8639_GB,6,3,2,11129
2026-06-13T16:41:41Z,629086912,9277382164480,8640_GB,6,3,2,11430
2026-06-13T16:46:41Z,629086912,9279180554240,8642_GB,7,3,2,11730
2026-06-13T16:51:41Z,629086912,9280686809088,8643_GB,7,3,2,12030
2026-06-13T16:56:42Z,629086912,9283348856832,8646_GB,7,3,2,12330
2026-06-13T17:01:42Z,629086912,9286593921024,8649_GB,7,3,2,12631
2026-06-13T17:06:42Z,629086912,9290163429376,8652_GB,8,3,2,12931
2026-06-13T17:11:42Z,629086912,9293215866880,8655_GB,8,3,2,13231
2026-06-13T17:16:43Z,629086912,9296841809920,8658_GB,8,3,2,13531
2026-06-13T17:21:43Z,629086912,9300105707520,8661_GB,9,3,2,13832
2026-06-13T17:26:43Z,629086912,9303354023936,8664_GB,9,3,2,14132
2026-06-13T17:31:43Z,629086912,9306593452032,8667_GB,9,3,2,14432
2026-06-13T17:36:44Z,629086912,9309544964096,8670_GB,9,3,2,14732
2026-06-13T17:41:44Z,629086912,9312444735488,8673_GB,9,3,2,15033
2026-06-13T17:46:44Z,629086912,9313890861056,8674_GB,10,3,2,15333
2026-06-13T17:51:45Z,629086912,9315428237312,8676_GB,10,3,2,15633
2026-06-13T17:56:45Z,629086912,9316761501696,8677_GB,10,3,2,15933
2026-06-13T18:01:45Z,629086912,9316761501696,8677_GB,10,3,2,16234
2026-06-13T18:06:45Z,629086912,9318457098240,8678_GB,10,3,2,16534
2026-06-13T18:11:46Z,629086912,9320398626816,8680_GB,10,3,2,16834
2026-06-13T18:16:46Z,629086912,9322029793280,8682_GB,11,3,2,17134
2026-06-13T18:21:46Z,629086912,9323558232064,8683_GB,11,3,2,17435
2026-06-13T18:26:46Z,629086912,9324931670016,8685_GB,11,3,2,17735
2026-06-13T18:31:46Z,629086912,9326565122048,8686_GB,11,3,2,18035
2026-06-13T18:36:47Z,629086912,9328536567808,8688_GB,11,3,2,18335
2026-06-13T18:41:47Z,629086912,9331865649152,8691_GB,11,3,2,18636
2026-06-13T18:46:47Z,629086912,9334901342208,8694_GB,11,3,2,18936
2026-06-13T18:51:48Z,629086912,9337420775424,8696_GB,11,3,2,19236
2026-06-13T18:56:48Z,629086912,9339819409408,8698_GB,12,3,2,19537
2026-06-13T19:01:48Z,629086912,9343253340160,8702_GB,12,3,2,19837
2026-06-13T19:06:48Z,629086912,9346429206528,8705_GB,12,3,2,20137
2026-06-13T19:11:49Z,629086912,9349845606400,8708_GB,13,3,2,20437
2026-06-13T19:16:49Z,629086912,9352807088128,8710_GB,13,3,2,20738
2026-06-13T19:21:49Z,629086912,9354755833856,8712_GB,13,3,2,21038
2026-06-13T19:26:49Z,629086912,9357545144320,8715_GB,13,3,2,21338
2026-06-13T19:31:50Z,629086912,9360813285376,8718_GB,14,3,2,21638
2026-06-13T19:36:50Z,629086912,9363513425920,8720_GB,14,3,2,21939
2026-06-13T19:41:50Z,629086912,9367137517568,8724_GB,14,3,2,22239
2026-06-13T19:46:51Z,629086912,9370305069056,8727_GB,14,3,2,22539
2026-06-13T19:51:51Z,629086912,9371896389632,8728_GB,14,3,2,22840
2026-06-13T19:56:51Z,629086912,9374872952832,8731_GB,14,3,2,23140
2026-06-13T20:01:51Z,629086912,9378326642688,8734_GB,14,3,2,23440
2026-06-13T20:06:52Z,629086912,9380649574400,8736_GB,15,3,2,23740
2026-06-13T20:11:52Z,629086912,9384251416576,8740_GB,15,3,2,24041
2026-06-13T20:16:52Z,629086912,9386603003904,8742_GB,15,3,2,24341
2026-06-13T20:21:52Z,629086912,9389612761088,8745_GB,16,3,2,24641
2026-06-13T20:26:53Z,629086912,9392702439424,8748_GB,16,3,2,24941
2026-06-13T20:31:53Z,629086912,9395980312576,8751_GB,16,3,2,25242
2026-06-13T20:36:53Z,629086912,9399090569216,8754_GB,16,3,2,25542
2026-06-13T20:41:54Z,629086912,9402502283264,8757_GB,17,3,2,25842
2026-06-13T20:46:54Z,629086912,9404792872960,8759_GB,17,3,2,26143
2026-06-13T20:51:54Z,629086912,9407305097216,8761_GB,17,3,2,26443
2026-06-13T20:56:54Z,629086912,9409133584384,8763_GB,17,3,2,26743
2026-06-13T21:01:55Z,629086912,9410618638336,8764_GB,17,3,2,27043
2026-06-13T21:06:55Z,629086912,9412368351232,8766_GB,17,3,2,27344
2026-06-13T21:11:55Z,629086912,9414542524416,8768_GB,17,3,2,27644
2026-06-13T21:16:56Z,629086912,9416272863232,8770_GB,17,3,2,27944
2026-06-13T21:21:56Z,629086912,9418528104448,8772_GB,17,3,2,28244
2026-06-13T21:26:56Z,629086912,9420827475968,8774_GB,17,3,2,28545
2026-06-13T21:31:56Z,629086912,9422534426624,8775_GB,17,3,2,28845
2026-06-13T21:36:56Z,629086912,9423834128384,8777_GB,17,3,2,29145
2026-06-13T21:41:57Z,629086912,9426301435904,8779_GB,18,3,2,29445
2026-06-13T21:46:57Z,629086912,9428322680832,8781_GB,18,3,2,29746
2026-06-13T21:51:57Z,629086912,9429943738368,8782_GB,18,3,2,30046
2026-06-13T21:56:57Z,629086912,9432174845952,8784_GB,18,3,2,30346
2026-06-13T22:01:58Z,629086912,9433961848832,8786_GB,18,3,2,30646
2026-06-13T22:06:58Z,629086912,9435900633088,8788_GB,18,3,2,30947
2026-06-13T22:11:58Z,629086912,9436688113664,8789_GB,18,3,2,31247
2026-06-13T22:16:59Z,629086912,9436688113664,8789_GB,18,3,2,31547
2026-06-13T22:21:59Z,629086912,9436688113664,8789_GB,18,3,2,31848
2026-06-13T22:26:59Z,629086912,9436688113664,8789_GB,18,3,2,32148
2026-06-13T22:31:59Z,629086912,9436688113664,8789_GB,18,3,2,32448
2026-06-13T22:37:00Z,629086912,9436688113664,8789_GB,18,3,2,32748
2026-06-13T22:42:00Z,629086912,9436688113664,8789_GB,18,3,2,33049
2026-06-13T22:47:00Z,629086912,9436688113664,8789_GB,18,3,2,33349
2026-06-13T22:52:00Z,629086912,9436688113664,8789_GB,18,0,0,NA
2026-06-13T22:57:01Z,629086912,9436688113664,8789_GB,18,0,0,NA
2026-06-13T23:02:01Z,629086912,9436688113664,8789_GB,18,0,0,NA
2026-06-13T23:07:01Z,629086912,9436688113664,8789_GB,18,0,0,NA
2026-06-13T23:12:01Z,629086912,9436688113664,8789_GB,18,0,0,NA
2026-06-13T23:17:01Z,629086912,9436688113664,8789_GB,18,0,0,NA
2026-06-13T23:22:02Z,629086912,9436688113664,8789_GB,18,0,0,NA
2026-06-13T23:27:02Z,629086912,9436688113664,8789_GB,18,0,0,NA
2026-06-13T23:32:02Z,629086912,9436688113664,8789_GB,18,0,0,NA
2026-06-13T23:37:02Z,629086912,9436688113664,8789_GB,18,0,0,NA
2026-06-13T23:42:02Z,629086912,9436688113664,8789_GB,18,0,0,NA
2026-06-13T23:47:03Z,629086912,9436688113664,8789_GB,18,0,0,NA
2026-06-13T23:52:03Z,629086912,9436688113664,8789_GB,18,0,0,NA
2026-06-13T23:57:03Z,629086912,9436688113664,8789_GB,18,0,0,NA
2026-06-14T00:02:03Z,629086912,9436688113664,8789_GB,18,0,0,NA
2026-06-14T00:07:03Z,629086912,9436688113664,8789_GB,18,0,0,NA
2026-06-14T00:12:04Z,629086912,9436688113664,8789_GB,18,0,0,NA
2026-06-14T00:17:04Z,629086912,9436688113664,8789_GB,18,0,0,NA
2026-06-14T00:22:04Z,629086912,9436688113664,8789_GB,18,0,0,NA
2026-06-14T00:27:04Z,629086912,9436688113664,8789_GB,18,0,0,NA
2026-06-14T00:32:04Z,629086912,9436688113664,8789_GB,18,0,0,NA
2026-06-14T00:37:05Z,629086912,9436688113664,8789_GB,18,0,0,NA
2026-06-14T00:42:05Z,629086912,9436688113664,8789_GB,18,0,0,NA
2026-06-14T00:47:05Z,629086912,9436688113664,8789_GB,18,0,0,NA
2026-06-14T00:52:05Z,629086912,9436688113664,8789_GB,18,0,0,NA
2026-06-14T00:57:05Z,629086912,9436688113664,8789_GB,18,0,0,NA
2026-06-14T01:02:06Z,629086912,9436688113664,8789_GB,18,0,0,NA
2026-06-14T01:07:06Z,629086912,9436688113664,8789_GB,18,0,0,NA
2026-06-14T01:12:06Z,629086912,9436688113664,8789_GB,18,0,0,NA
2026-06-14T01:17:06Z,629086912,9436688113664,8789_GB,18,0,0,NA
2026-06-14T01:22:06Z,629086912,9436688113664,8789_GB,18,0,0,NA
2026-06-14T01:27:07Z,629086912,9436688113664,8789_GB,18,0,0,NA
2026-06-14T01:32:07Z,629086912,9436688113664,8789_GB,18,0,0,NA
2026-06-14T01:37:07Z,629086912,9436688113664,8789_GB,18,0,0,NA
2026-06-14T01:42:07Z,629086912,9436688113664,8789_GB,18,0,0,NA
2026-06-14T01:47:07Z,629086912,9436688113664,8789_GB,18,0,0,NA
2026-06-14T01:52:08Z,629086912,9436688113664,8789_GB,18,0,0,NA
2026-06-14T01:57:08Z,629086912,9436688113664,8789_GB,18,0,0,NA
2026-06-14T02:02:08Z,629086912,9436688113664,8789_GB,18,0,0,NA
2026-06-14T02:07:08Z,629086912,9436688113664,8789_GB,18,0,0,NA
2026-06-14T02:12:09Z,629086912,9436688113664,8789_GB,18,0,0,NA
2026-06-14T02:17:09Z,629086912,9436688113664,8789_GB,18,0,0,NA
2026-06-14T02:22:09Z,629086912,9436688113664,8789_GB,18,0,0,NA
2026-06-14T02:27:09Z,629086912,9436688113664,8789_GB,18,0,0,NA
2026-06-14T02:32:09Z,629086912,9436688113664,8789_GB,18,0,0,NA
2026-06-14T02:37:10Z,629086912,9436688113664,8789_GB,18,0,0,NA
2026-06-14T02:42:10Z,629086912,9436688113664,8789_GB,18,0,0,NA
2026-06-14T02:47:10Z,629086912,9436688113664,8789_GB,18,0,0,NA
2026-06-14T02:52:10Z,629086912,9436688113664,8789_GB,18,0,0,NA
2026-06-14T02:57:10Z,629086912,9436688113664,8789_GB,18,0,0,NA
2026-06-14T03:02:11Z,629086912,9436688113664,8789_GB,18,0,0,NA
2026-06-14T03:07:11Z,629086912,9436688113664,8789_GB,18,0,0,NA
2026-06-14T03:12:11Z,629086912,9436688113664,8789_GB,18,0,0,NA
2026-06-14T03:17:11Z,629086912,9436688113664,8789_GB,18,0,0,NA
2026-06-14T03:22:11Z,629086912,9436688113664,8789_GB,18,0,0,NA
2026-06-14T03:27:12Z,629086912,9436688113664,8789_GB,18,0,0,NA
2026-06-14T03:32:12Z,629086912,9436688113664,8789_GB,18,0,0,NA
2026-06-14T03:37:12Z,629086912,9436688113664,8789_GB,18,0,0,NA
2026-06-14T03:42:12Z,629086912,9436688113664,8789_GB,18,0,0,NA
2026-06-14T03:47:12Z,629086912,9436688113664,8789_GB,18,0,0,NA
2026-06-14T03:52:13Z,629086912,9436688113664,8789_GB,18,0,0,NA
2026-06-14T03:57:13Z,629086912,9436688113664,8789_GB,18,0,0,NA
2026-06-14T04:02:13Z,629086912,9436688113664,8789_GB,18,0,0,NA
2026-06-14T04:07:13Z,629086912,9436688113664,8789_GB,18,0,0,NA
2026-06-14T04:12:13Z,629086912,9436688113664,8789_GB,18,0,0,NA
2026-06-14T04:17:14Z,629086912,9436688113664,8789_GB,18,0,0,NA
2026-06-14T04:22:14Z,629086912,9436688113664,8789_GB,18,0,0,NA
2026-06-14T04:27:14Z,629086912,9436688113664,8789_GB,18,0,0,NA
2026-06-14T04:32:14Z,629086912,9436688113664,8789_GB,18,0,0,NA
2026-06-14T04:37:14Z,629086912,9436688113664,8789_GB,18,0,0,NA
2026-06-14T04:42:15Z,629086912,9436688113664,8789_GB,18,0,0,NA
2026-06-14T04:47:15Z,629086912,9436688113664,8789_GB,18,0,0,NA
2026-06-14T04:52:15Z,629086912,9436688113664,8789_GB,18,0,0,NA
2026-06-14T04:57:15Z,629086912,9436688113664,8789_GB,18,0,0,NA
2026-06-14T05:02:15Z,629086912,9436688113664,8789_GB,18,0,0,NA
2026-06-14T05:07:16Z,629086912,9436688113664,8789_GB,18,0,0,NA
2026-06-14T05:12:16Z,629086912,9436688113664,8789_GB,18,0,0,NA
2026-06-14T05:17:16Z,629086912,9436688113664,8789_GB,18,0,0,NA
2026-06-14T05:22:16Z,629086912,9436688113664,8789_GB,18,0,0,NA
2026-06-14T05:27:16Z,629086912,9436688113664,8789_GB,18,0,0,NA
2026-06-14T05:32:17Z,629086912,9436688113664,8789_GB,18,0,0,NA
2026-06-14T05:37:17Z,629086912,9436688113664,8789_GB,18,0,0,NA
2026-06-14T05:42:17Z,629086912,9436688113664,8789_GB,18,0,0,NA
2026-06-14T05:47:17Z,629086912,9436688113664,8789_GB,18,0,0,NA
2026-06-14T05:52:18Z,629086912,9436688113664,8789_GB,18,0,0,NA
2026-06-14T05:57:18Z,629086912,9436688113664,8789_GB,18,0,0,NA
2026-06-14T06:02:18Z,629086912,9436688113664,8789_GB,18,0,0,NA
2026-06-14T06:07:18Z,629086912,9436688113664,8789_GB,18,0,0,NA
2026-06-14T06:12:18Z,629086912,9436688113664,8789_GB,18,0,0,NA
2026-06-14T06:17:19Z,629086912,9436688113664,8789_GB,18,0,0,NA
2026-06-14T06:22:19Z,629086912,9436688113664,8789_GB,18,0,0,NA
2026-06-14T06:27:19Z,629086912,9436688113664,8789_GB,18,0,0,NA
2026-06-14T06:32:19Z,629086912,9436688113664,8789_GB,18,0,0,NA
2026-06-14T06:37:19Z,629086912,9436688113664,8789_GB,18,0,0,NA
2026-06-14T06:42:20Z,629086912,9436688113664,8789_GB,18,0,0,NA
2026-06-14T06:47:20Z,629086912,9436688113664,8789_GB,18,0,0,NA
2026-06-14T06:52:20Z,629086912,9436688113664,8789_GB,18,0,0,NA
2026-06-14T06:57:20Z,629086912,9436688113664,8789_GB,18,0,0,NA
2026-06-14T07:02:20Z,629086912,9436688113664,8789_GB,18,0,0,NA
2026-06-14T07:07:21Z,629086912,9436688113664,8789_GB,18,0,0,NA
2026-06-14T07:12:21Z,629086912,9436688113664,8789_GB,18,0,0,NA
2026-06-14T07:17:21Z,629086912,9436688113664,8789_GB,18,0,0,NA
2026-06-14T07:22:21Z,629086912,9436688113664,8789_GB,18,0,0,NA
2026-06-14T07:27:21Z,629086912,9436688113664,8789_GB,18,0,0,NA
2026-06-14T07:32:22Z,629086912,9436688113664,8789_GB,18,0,0,NA
2026-06-14T07:37:22Z,629086912,9436688113664,8789_GB,18,0,0,NA
2026-06-14T07:42:22Z,629086912,9436688113664,8789_GB,18,0,0,NA
2026-06-14T07:47:22Z,629086912,9436688113664,8789_GB,18,0,0,NA
2026-06-14T07:52:22Z,629086912,9436688113664,8789_GB,18,0,0,NA
2026-06-14T07:57:23Z,629086912,9436688113664,8789_GB,18,0,0,NA
2026-06-14T08:02:23Z,629086912,9436688113664,8789_GB,18,0,0,NA
2026-06-14T08:07:23Z,629086912,9436688113664,8789_GB,18,0,0,NA
2026-06-14T08:12:23Z,629086912,9436688113664,8789_GB,18,0,0,NA
2026-06-14T08:17:23Z,629086912,9436688113664,8789_GB,18,0,0,NA
2026-06-14T08:22:24Z,629086912,9436688113664,8789_GB,18,0,0,NA
2026-06-14T08:27:24Z,629086912,9436688113664,8789_GB,18,0,0,NA
2026-06-14T08:32:24Z,629086912,9436688113664,8789_GB,18,0,0,NA
2026-06-14T08:37:24Z,629086912,9436688113664,8789_GB,18,0,0,NA
2026-06-14T08:42:24Z,629086912,9436688113664,8789_GB,18,0,0,NA
2026-06-14T08:47:25Z,629086912,9436688113664,8789_GB,18,0,0,NA
2026-06-14T08:52:25Z,629086912,9436688113664,8789_GB,18,0,0,NA
2026-06-14T08:57:25Z,629086912,9436688113664,8789_GB,18,0,0,NA
2026-06-14T09:02:25Z,629086912,9436688113664,8789_GB,18,0,0,NA
2026-06-14T09:07:26Z,629086912,9436688113664,8789_GB,18,0,0,NA
2026-06-14T09:12:26Z,629086912,9436688113664,8789_GB,18,0,0,NA
2026-06-14T09:17:26Z,629086912,9436688113664,8789_GB,18,0,0,NA
2026-06-14T09:22:26Z,629086912,9436688113664,8789_GB,18,0,0,NA
2026-06-14T09:27:26Z,629086912,9436688113664,8789_GB,18,0,0,NA
2026-06-14T09:32:27Z,629086912,9436688113664,8789_GB,18,0,0,NA
2026-06-14T09:37:27Z,629086912,9436688113664,8789_GB,18,0,0,NA
2026-06-14T09:42:27Z,629086912,9436688113664,8789_GB,18,0,0,NA
2026-06-14T09:47:27Z,629086912,9436688113664,8789_GB,18,0,0,NA
2026-06-14T09:52:27Z,629086912,9436688113664,8789_GB,18,0,0,NA
2026-06-14T09:57:28Z,629086912,9436688113664,8789_GB,18,0,0,NA
2026-06-14T10:02:28Z,629086912,9436688113664,8789_GB,18,0,0,NA
2026-06-14T10:07:28Z,629086912,9436688113664,8789_GB,18,0,0,NA
2026-06-14T10:12:28Z,629086912,9436688113664,8789_GB,18,0,0,NA
2026-06-14T10:17:28Z,629086912,9436688113664,8789_GB,18,0,0,NA
2026-06-14T10:22:29Z,629086912,9436688113664,8789_GB,18,0,0,NA
2026-06-14T10:27:29Z,629086912,9436688113664,8789_GB,18,0,0,NA
2026-06-14T10:32:29Z,629086912,9436688113664,8789_GB,18,0,0,NA
2026-06-14T10:37:29Z,629086912,9436688113664,8789_GB,18,0,0,NA
2026-06-14T10:42:29Z,629086912,9436688113664,8789_GB,18,0,0,NA
2026-06-14T10:47:30Z,629086912,9436688113664,8789_GB,18,0,0,NA
2026-06-14T10:52:30Z,629086912,9436688113664,8789_GB,18,0,0,NA
2026-06-14T10:57:30Z,629086912,9436688113664,8789_GB,18,0,0,NA
2026-06-14T11:02:30Z,629086912,9436688113664,8789_GB,18,0,0,NA
2026-06-14T11:07:30Z,629086912,9436688113664,8789_GB,18,0,0,NA
2026-06-14T11:12:31Z,629086912,9436688113664,8789_GB,18,0,0,NA
2026-06-14T11:17:31Z,629086912,9436688113664,8789_GB,18,0,0,NA
2026-06-14T11:22:31Z,629086912,9436688113664,8789_GB,18,0,0,NA
2026-06-14T11:27:31Z,629086912,9436688113664,8789_GB,18,0,0,NA
2026-06-14T11:32:31Z,629086912,9436688113664,8789_GB,18,0,0,NA
2026-06-14T11:37:32Z,629086912,9436688113664,8789_GB,18,0,0,NA
2026-06-14T11:42:32Z,629086912,9436688113664,8789_GB,18,0,0,NA
2026-06-14T11:47:32Z,629086912,9436688113664,8789_GB,18,0,0,NA
2026-06-14T11:52:32Z,629086912,9436688113664,8789_GB,18,0,0,NA
2026-06-14T11:57:32Z,629086912,9436688113664,8789_GB,18,0,0,NA
2026-06-14T12:02:33Z,629086912,9436688113664,8789_GB,18,0,0,NA
2026-06-14T12:07:33Z,629086912,9436688113664,8789_GB,18,0,0,NA
2026-06-14T12:12:33Z,629086912,9436688113664,8789_GB,18,0,0,NA
2026-06-14T12:17:33Z,629086912,9436688113664,8789_GB,18,0,0,NA
2026-06-14T12:22:33Z,629086912,9436688113664,8789_GB,18,0,0,NA
2026-06-24T17:58:36Z,-1,0,0_bytes,0,3,2,5
2026-06-24T18:03:36Z,-1,0,0_bytes,0,3,2,305
2026-06-24T18:08:36Z,-1,0,0_bytes,0,3,2,606
2026-06-24T18:13:36Z,-1,0,0_bytes,0,3,2,906
2026-06-24T18:18:36Z,-1,0,0_bytes,0,3,2,1206
2026-06-24T18:23:37Z,-1,0,0_bytes,0,3,2,1506
2026-06-24T18:28:37Z,-1,0,0_bytes,0,3,2,1807
2026-06-24T18:33:37Z,-1,0,0_bytes,0,3,2,2107
2026-06-24T18:38:37Z,-1,0,0_bytes,0,3,2,2407
2026-06-24T18:43:37Z,-1,0,0_bytes,0,3,2,2707
2026-06-24T18:48:38Z,-1,0,0_bytes,1,3,2,3007
2026-06-24T18:53:38Z,-1,0,0_bytes,1,3,2,3308
2026-06-24T18:58:38Z,-1,0,0_bytes,1,3,2,3608
2026-06-24T19:03:38Z,-1,0,0_bytes,1,3,2,3908
2026-06-24T19:08:39Z,-1,0,0_bytes,1,3,2,4208
2026-06-24T19:13:39Z,-1,0,0_bytes,1,3,2,4509
2026-06-24T19:18:39Z,-1,0,0_bytes,1,3,2,4809
2026-06-24T19:23:39Z,-1,0,0_bytes,1,3,2,5109
2026-06-24T19:28:40Z,-1,0,0_bytes,1,3,2,5409
2026-06-24T19:33:40Z,-1,0,0_bytes,1,3,2,5709
2026-06-24T19:38:40Z,-1,0,0_bytes,1,3,2,6010
2026-06-24T19:43:40Z,-1,0,0_bytes,1,3,2,6310
2026-06-24T19:48:40Z,-1,0,0_bytes,1,3,2,6610
2026-06-24T19:53:41Z,-1,0,0_bytes,2,3,2,6910
2026-06-24T19:58:41Z,-1,0,0_bytes,2,3,2,7211
2026-06-24T20:03:41Z,-1,0,0_bytes,2,3,2,7511
2026-06-24T20:08:41Z,-1,0,0_bytes,2,3,2,7811
2026-06-24T20:13:42Z,-1,0,0_bytes,2,3,2,8111
2026-06-24T20:18:42Z,-1,0,0_bytes,2,3,2,8412
2026-06-24T20:23:42Z,-1,0,0_bytes,3,3,2,8712
2026-06-24T20:28:42Z,-1,0,0_bytes,3,3,2,9012
2026-06-24T20:33:43Z,-1,0,0_bytes,3,3,2,9312
2026-06-24T20:38:43Z,-1,0,0_bytes,3,3,2,9613
2026-06-24T20:43:43Z,-1,0,0_bytes,3,3,2,9913
2026-06-24T20:48:43Z,-1,0,0_bytes,3,3,2,10213
2026-06-24T20:53:44Z,-1,0,0_bytes,3,3,2,10513
2026-06-24T20:58:44Z,-1,0,0_bytes,4,3,2,10813
2026-06-24T21:03:44Z,-1,0,0_bytes,4,3,2,11114
2026-06-24T21:08:44Z,-1,0,0_bytes,4,3,2,11414
2026-06-24T21:13:44Z,-1,0,0_bytes,4,3,2,11714
2026-06-24T21:18:45Z,-1,0,0_bytes,4,3,2,12014
2026-06-24T21:23:45Z,-1,0,0_bytes,5,3,2,12315
2026-06-24T21:28:45Z,-1,0,0_bytes,5,3,2,12615
2026-06-24T21:33:45Z,-1,0,0_bytes,5,3,2,12915
2026-06-24T21:38:46Z,-1,0,0_bytes,5,3,2,13215
2026-06-24T21:43:46Z,-1,0,0_bytes,5,3,2,13516
2026-06-24T21:48:46Z,-1,0,0_bytes,5,3,2,13816
2026-06-24T21:53:46Z,-1,0,0_bytes,5,3,2,14116
2026-06-24T21:58:46Z,-1,0,0_bytes,6,3,2,14416
2026-06-24T22:03:47Z,-1,0,0_bytes,6,3,2,14716
2026-06-24T22:08:47Z,-1,0,0_bytes,6,3,2,15016
2026-06-24T22:13:47Z,-1,0,0_bytes,6,3,2,15317
2026-06-24T22:18:47Z,-1,0,0_bytes,6,3,2,15617
2026-06-24T22:23:48Z,-1,0,0_bytes,7,3,2,15917
2026-06-24T22:28:48Z,-1,0,0_bytes,7,3,2,16217
2026-06-24T22:33:48Z,-1,0,0_bytes,7,3,2,16518
2026-06-24T22:38:48Z,-1,0,0_bytes,7,3,2,16818
2026-06-24T22:43:48Z,-1,0,0_bytes,7,3,2,17118
2026-06-24T22:48:48Z,-1,0,0_bytes,7,3,2,17418
2026-06-24T22:53:49Z,-1,0,0_bytes,7,3,2,17718
2026-06-24T22:58:49Z,-1,0,0_bytes,8,3,2,18019
2026-06-24T23:03:49Z,-1,0,0_bytes,8,3,2,18319
2026-06-24T23:08:49Z,-1,0,0_bytes,8,3,2,18619
2026-06-24T23:13:49Z,-1,0,0_bytes,8,3,2,18919
2026-06-24T23:18:50Z,-1,0,0_bytes,9,3,2,19219
2026-06-24T23:23:50Z,-1,0,0_bytes,9,3,2,19520
2026-06-24T23:28:50Z,-1,0,0_bytes,9,3,2,19820
2026-06-24T23:33:50Z,-1,0,0_bytes,9,3,2,20120
2026-06-24T23:38:51Z,-1,0,0_bytes,9,3,2,20420
2026-06-24T23:43:51Z,-1,0,0_bytes,9,3,2,20720
2026-06-24T23:48:51Z,-1,0,0_bytes,9,3,2,21021
2026-06-24T23:53:51Z,-1,0,0_bytes,9,3,2,21321
2026-06-24T23:58:51Z,-1,0,0_bytes,10,3,2,21621
2026-06-25T00:03:52Z,-1,0,0_bytes,10,3,2,21921
2026-06-25T00:08:52Z,-1,0,0_bytes,10,3,2,22222
2026-06-25T00:13:52Z,-1,0,0_bytes,11,3,2,22522
2026-06-25T00:18:52Z,-1,0,0_bytes,11,3,2,22822
2026-06-25T00:23:52Z,-1,0,0_bytes,11,3,2,23122
2026-06-25T00:28:53Z,-1,0,0_bytes,11,3,2,23422
2026-06-25T00:33:53Z,-1,0,0_bytes,11,3,2,23723
2026-06-25T00:38:53Z,-1,0,0_bytes,12,3,2,24023
2026-06-25T00:43:53Z,-1,0,0_bytes,12,3,2,24323
2026-06-25T00:48:54Z,-1,0,0_bytes,12,3,2,24623
2026-06-25T00:53:54Z,-1,0,0_bytes,12,3,2,24923
2026-06-25T00:58:54Z,-1,0,0_bytes,12,3,2,25224
2026-06-25T01:03:54Z,-1,0,0_bytes,12,3,2,25524
2026-06-25T01:08:54Z,-1,0,0_bytes,13,3,2,25824
2026-06-25T01:13:55Z,-1,0,0_bytes,13,3,2,26124
2026-06-25T01:18:55Z,-1,0,0_bytes,13,3,2,26424
2026-06-25T01:23:55Z,-1,0,0_bytes,13,3,2,26725
2026-06-25T01:28:55Z,-1,0,0_bytes,13,3,2,27025
2026-06-25T01:33:55Z,-1,0,0_bytes,13,3,2,27325
2026-06-25T01:38:56Z,-1,0,0_bytes,13,3,2,27625
2026-06-25T01:43:56Z,-1,0,0_bytes,13,3,2,27926
2026-06-25T01:48:56Z,-1,0,0_bytes,13,3,2,28226
2026-06-25T01:53:56Z,-1,0,0_bytes,13,3,2,28526
2026-06-25T01:58:56Z,-1,0,0_bytes,13,3,2,28826
2026-06-25T02:03:57Z,-1,0,0_bytes,13,3,2,29126
2026-06-25T02:08:57Z,-1,0,0_bytes,13,3,2,29427
2026-06-25T02:13:57Z,-1,0,0_bytes,14,3,2,29727
2026-06-25T02:18:57Z,-1,0,0_bytes,14,3,2,30027
2026-06-25T02:23:58Z,-1,0,0_bytes,14,3,2,30327
2026-06-25T02:28:58Z,-1,0,0_bytes,14,3,2,30627
2026-06-25T02:33:58Z,-1,0,0_bytes,14,3,2,30928
2026-06-25T02:38:58Z,-1,0,0_bytes,14,3,2,31228
2026-06-25T02:43:58Z,-1,0,0_bytes,14,3,2,31528
2026-06-25T02:48:59Z,-1,0,0_bytes,14,3,2,31828
2026-06-25T02:53:59Z,-1,0,0_bytes,14,3,2,32128
2026-06-25T02:58:59Z,-1,0,0_bytes,14,3,2,32429
2026-06-25T03:03:59Z,-1,0,0_bytes,16,3,2,32729
2026-06-25T03:08:59Z,-1,0,0_bytes,16,3,2,33029
2026-06-25T03:14:00Z,-1,0,0_bytes,16,3,2,33329
2026-06-25T03:19:00Z,-1,0,0_bytes,16,3,2,33629
2026-06-25T03:24:00Z,-1,0,0_bytes,16,3,2,33930
2026-06-25T03:29:00Z,-1,0,0_bytes,16,3,2,34230
2026-06-25T03:34:00Z,-1,0,0_bytes,17,3,2,34530
2026-06-25T03:39:01Z,-1,0,0_bytes,17,3,2,34830
2026-06-25T03:44:01Z,-1,0,0_bytes,17,3,2,35131
2026-06-25T03:49:01Z,-1,0,0_bytes,17,3,2,35431
2026-06-25T03:54:01Z,-1,0,0_bytes,17,3,2,35731
2026-06-25T03:59:02Z,-1,0,0_bytes,18,3,2,36031
2026-06-25T04:04:02Z,-1,0,0_bytes,18,3,2,36331
2026-06-25T04:09:02Z,-1,0,0_bytes,18,3,2,36632
2026-06-25T04:14:02Z,-1,0,0_bytes,18,3,2,36932
2026-06-25T04:19:02Z,-1,0,0_bytes,18,3,2,37232
2026-06-25T04:24:03Z,-1,0,0_bytes,18,3,2,37532
2026-06-25T04:29:03Z,-1,0,0_bytes,19,3,2,37833
2026-06-25T04:34:03Z,-1,0,0_bytes,19,3,2,38133
2026-06-25T04:39:03Z,-1,0,0_bytes,20,3,2,38433
2026-06-25T04:44:04Z,-1,0,0_bytes,20,3,2,38733
2026-06-25T04:49:04Z,-1,0,0_bytes,20,3,2,39033
2026-06-25T04:54:04Z,-1,0,0_bytes,20,3,2,39334
2026-06-25T04:59:04Z,-1,0,0_bytes,20,3,2,39634
2026-06-25T05:04:04Z,-1,0,0_bytes,20,3,2,39934
2026-06-25T05:09:05Z,-1,0,0_bytes,20,3,2,40234
2026-06-25T05:14:05Z,-1,0,0_bytes,21,3,2,40535
2026-06-25T05:19:05Z,-1,0,0_bytes,22,3,2,40835
2026-06-25T05:24:05Z,-1,0,0_bytes,22,3,2,41135
2026-06-25T05:29:06Z,-1,0,0_bytes,22,3,2,41435
2026-06-25T05:34:06Z,-1,0,0_bytes,22,3,2,41735
2026-06-25T05:39:06Z,-1,0,0_bytes,22,3,2,42036
2026-06-25T05:44:06Z,-1,0,0_bytes,22,3,2,42336
2026-06-25T05:49:06Z,-1,0,0_bytes,22,3,2,42636
2026-06-25T05:54:07Z,-1,0,0_bytes,22,3,2,42936
2026-06-25T05:59:07Z,-1,0,0_bytes,23,3,2,43237
2026-06-25T06:04:07Z,-1,0,0_bytes,24,3,2,43537
2026-06-25T06:09:07Z,-1,0,0_bytes,24,3,2,43837
2026-06-25T06:14:07Z,-1,0,0_bytes,24,3,2,44137
2026-06-25T06:19:08Z,-1,0,0_bytes,24,3,2,44437
2026-06-25T06:24:08Z,-1,0,0_bytes,24,3,2,44738
2026-06-25T06:29:08Z,-1,0,0_bytes,24,3,2,45038
2026-06-25T06:34:08Z,-1,0,0_bytes,24,3,2,45338
2026-06-25T06:39:09Z,-1,0,0_bytes,24,3,2,45638
2026-06-25T06:44:09Z,-1,0,0_bytes,24,3,2,45938
2026-06-25T06:49:09Z,-1,0,0_bytes,25,3,2,46239
2026-06-25T06:54:09Z,-1,0,0_bytes,25,3,2,46539
2026-06-25T06:59:09Z,-1,0,0_bytes,25,3,2,46839
2026-06-25T07:04:10Z,-1,0,0_bytes,25,3,2,47139
2026-06-25T07:09:10Z,-1,0,0_bytes,26,3,2,47439
2026-06-25T07:14:10Z,-1,0,0_bytes,26,3,2,47740
2026-06-25T07:19:10Z,-1,0,0_bytes,26,3,2,48040
2026-06-25T07:24:10Z,-1,0,0_bytes,26,3,2,48340
2026-06-25T07:29:11Z,-1,0,0_bytes,26,3,2,48640
2026-06-25T07:34:11Z,-1,0,0_bytes,26,3,2,48940
2026-06-25T07:39:11Z,-1,0,0_bytes,27,3,2,49241
2026-06-25T07:44:12Z,-1,0,0_bytes,27,3,2,49541
2026-06-25T07:49:12Z,-1,0,0_bytes,27,3,2,49841
2026-06-25T07:54:12Z,-1,0,0_bytes,27,3,2,50142
2026-06-25T07:59:12Z,-1,0,0_bytes,27,3,2,50442
2026-06-25T08:04:12Z,-1,0,0_bytes,27,3,2,50742
2026-06-25T08:09:13Z,-1,0,0_bytes,27,3,2,51042
2026-06-25T08:14:13Z,-1,0,0_bytes,28,3,2,51342
2026-06-25T08:19:13Z,-1,0,0_bytes,28,3,2,51643
2026-06-25T08:24:13Z,-1,0,0_bytes,29,3,2,51943
2026-06-25T08:29:13Z,-1,0,0_bytes,29,3,2,52243
2026-06-25T08:34:14Z,-1,0,0_bytes,29,3,2,52543
2026-06-25T08:39:14Z,-1,0,0_bytes,29,3,2,52843
2026-06-25T08:44:14Z,-1,0,0_bytes,29,3,2,53144
2026-06-25T08:49:14Z,-1,0,0_bytes,29,3,2,53444
2026-06-25T08:54:14Z,-1,0,0_bytes,30,3,2,53744
2026-06-25T08:59:15Z,-1,0,0_bytes,30,3,2,54044
2026-06-25T09:04:15Z,-1,0,0_bytes,30,3,2,54344
2026-06-25T09:09:15Z,-1,0,0_bytes,30,3,2,54645
2026-06-25T09:14:15Z,-1,0,0_bytes,30,3,2,54945
2026-06-25T09:19:15Z,-1,0,0_bytes,31,3,2,55245
2026-06-25T09:24:16Z,-1,0,0_bytes,31,3,2,55545
2026-06-25T09:29:16Z,-1,0,0_bytes,31,3,2,55845
2026-06-25T09:34:16Z,-1,0,0_bytes,31,3,2,56146
2026-06-25T09:39:16Z,-1,0,0_bytes,31,3,2,56446
2026-06-25T09:44:16Z,-1,0,0_bytes,31,3,2,56746
2026-06-25T09:49:17Z,-1,0,0_bytes,32,3,2,57046
2026-06-25T09:54:17Z,-1,0,0_bytes,32,3,2,57346
2026-06-25T09:59:17Z,-1,0,0_bytes,32,3,2,57647
2026-06-25T10:04:17Z,-1,0,0_bytes,33,3,2,57947
2026-06-25T10:09:17Z,-1,0,0_bytes,33,3,2,58247
2026-06-25T10:14:18Z,-1,0,0_bytes,33,3,2,58547
2026-06-25T10:19:18Z,-1,0,0_bytes,33,3,2,58848
2026-06-25T10:24:18Z,-1,0,0_bytes,34,3,2,59148
2026-06-25T10:29:18Z,-1,0,0_bytes,34,3,2,59448
2026-06-25T10:34:19Z,-1,0,0_bytes,34,3,2,59748
2026-06-25T10:39:19Z,-1,0,0_bytes,34,3,2,60048
2026-06-25T10:44:19Z,-1,0,0_bytes,35,3,2,60349
2026-06-25T10:49:19Z,-1,0,0_bytes,35,3,2,60649
2026-06-25T10:54:19Z,-1,0,0_bytes,36,3,2,60949
2026-06-25T10:59:20Z,-1,0,0_bytes,36,3,2,61249
2026-06-25T11:04:20Z,-1,0,0_bytes,36,3,2,61550
2026-06-25T11:09:20Z,-1,0,0_bytes,36,3,2,61850
2026-06-25T11:14:20Z,-1,0,0_bytes,37,3,2,62150
2026-06-25T11:19:21Z,-1,0,0_bytes,37,3,2,62450
2026-06-25T11:24:21Z,-1,0,0_bytes,37,3,2,62750
2026-06-25T11:29:21Z,-1,0,0_bytes,38,3,2,63051
2026-06-25T11:34:21Z,-1,0,0_bytes,38,3,2,63351
2026-06-25T11:39:21Z,-1,0,0_bytes,38,3,2,63651
2026-06-25T11:44:22Z,-1,0,0_bytes,38,3,2,63951
2026-06-25T11:49:22Z,-1,0,0_bytes,38,3,2,64252
2026-06-25T11:54:22Z,-1,0,0_bytes,39,3,2,64552
2026-06-25T11:59:22Z,-1,0,0_bytes,39,3,2,64852
2026-06-25T12:04:23Z,-1,0,0_bytes,40,3,2,65152
2026-06-25T12:09:23Z,-1,0,0_bytes,40,3,2,65453
2026-06-25T12:14:23Z,-1,0,0_bytes,40,3,2,65753
2026-06-25T12:19:23Z,-1,0,0_bytes,40,3,2,66053
2026-06-25T12:24:24Z,-1,0,0_bytes,40,3,2,66353
2026-06-25T12:29:24Z,-1,0,0_bytes,41,3,2,66654
2026-06-25T12:34:24Z,-1,0,0_bytes,41,3,2,66954
2026-06-25T12:39:24Z,-1,0,0_bytes,41,3,2,67254
2026-06-25T12:44:25Z,-1,0,0_bytes,41,3,2,67554
2026-06-25T12:49:25Z,-1,0,0_bytes,41,3,2,67854
2026-06-25T12:54:25Z,-1,0,0_bytes,41,3,2,68155
2026-06-25T12:59:25Z,-1,0,0_bytes,42,3,2,68455
2026-06-25T13:04:26Z,-1,0,0_bytes,42,3,2,68755
2026-06-25T13:09:26Z,-1,0,0_bytes,43,3,2,69056
2026-06-25T13:14:26Z,-1,0,0_bytes,43,3,2,69356
2026-06-25T13:19:26Z,-1,0,0_bytes,43,3,2,69656
2026-06-25T13:24:27Z,-1,0,0_bytes,43,3,2,69956
2026-06-25T13:29:27Z,-1,0,0_bytes,43,3,2,70257
2026-06-25T13:34:27Z,-1,0,0_bytes,43,3,2,70557
2026-06-25T13:39:27Z,-1,0,0_bytes,43,3,2,70857
2026-06-25T13:44:28Z,-1,0,0_bytes,43,3,2,71157
2026-06-25T13:49:28Z,-1,0,0_bytes,44,3,2,71457
2026-06-25T13:54:28Z,-1,0,0_bytes,44,3,2,71758
2026-06-25T13:59:28Z,-1,0,0_bytes,45,3,2,72058
2026-06-25T14:04:28Z,-1,0,0_bytes,45,3,2,72358
2026-06-25T14:09:29Z,-1,0,0_bytes,45,3,2,72658
2026-06-25T14:14:29Z,-1,0,0_bytes,45,3,2,72959
2026-06-25T14:19:29Z,-1,0,0_bytes,45,3,2,73259
2026-06-25T14:24:29Z,-1,0,0_bytes,45,3,2,73559
2026-06-25T14:29:30Z,-1,0,0_bytes,45,3,2,73859
2026-06-25T14:34:30Z,-1,0,0_bytes,46,3,2,74159
2026-06-25T14:39:30Z,-1,0,0_bytes,46,3,2,74460
2026-06-25T14:44:30Z,-1,0,0_bytes,46,3,2,74760
2026-06-25T14:49:30Z,-1,0,0_bytes,46,3,2,75060
2026-06-25T14:54:31Z,-1,0,0_bytes,46,3,2,75360
2026-06-25T14:59:31Z,-1,0,0_bytes,46,3,2,75660
2026-06-25T15:04:31Z,-1,0,0_bytes,46,3,2,75961
2026-06-25T15:09:31Z,-1,0,0_bytes,47,3,2,76261
2026-06-25T15:14:31Z,-1,0,0_bytes,47,3,2,76561
2026-06-25T15:19:32Z,-1,0,0_bytes,47,3,2,76861
2026-06-25T15:24:32Z,-1,0,0_bytes,47,3,2,77161
2026-06-25T15:29:32Z,-1,0,0_bytes,47,3,2,77462
2026-06-25T15:34:32Z,-1,0,0_bytes,47,3,2,77762
2026-06-25T15:39:32Z,-1,0,0_bytes,47,3,2,78062
2026-06-25T15:44:33Z,-1,0,0_bytes,47,3,2,78362
2026-06-25T15:49:33Z,-1,0,0_bytes,47,3,2,78663
2026-06-25T15:54:33Z,-1,0,0_bytes,48,3,2,78963
2026-06-25T15:59:33Z,-1,0,0_bytes,48,3,2,79263
2026-06-25T16:04:33Z,-1,0,0_bytes,48,3,2,79563
2026-06-25T16:09:34Z,-1,0,0_bytes,48,3,2,79863
2026-06-25T16:14:34Z,-1,0,0_bytes,48,3,2,80164
2026-06-25T16:19:34Z,-1,0,0_bytes,48,3,2,80464
2026-06-25T16:24:34Z,-1,0,0_bytes,48,3,2,80764
2026-06-25T16:29:35Z,-1,0,0_bytes,48,3,2,81064
2026-06-25T16:34:35Z,-1,0,0_bytes,48,3,2,81364
2026-06-25T16:39:35Z,-1,0,0_bytes,48,3,2,81665
2026-06-25T16:44:35Z,-1,0,0_bytes,48,3,2,81965
2026-06-25T16:49:35Z,-1,0,0_bytes,48,3,2,82265
2026-06-25T16:54:36Z,-1,0,0_bytes,48,3,2,82565
2026-06-25T16:59:36Z,-1,0,0_bytes,48,3,2,82866
2026-06-25T17:04:36Z,-1,0,0_bytes,48,3,2,83166
2026-06-25T17:09:36Z,-1,0,0_bytes,48,3,2,83466
2026-06-25T17:14:37Z,-1,0,0_bytes,48,3,2,83766
2026-06-25T17:19:37Z,-1,0,0_bytes,48,3,2,84067
2026-06-25T17:24:37Z,-1,0,0_bytes,48,3,2,84367
2026-06-25T17:29:37Z,-1,0,0_bytes,48,3,2,84667
2026-06-25T17:34:38Z,-1,0,0_bytes,49,3,2,84967
2026-06-25T17:39:38Z,-1,0,0_bytes,49,3,2,85267
2026-06-25T17:44:38Z,-1,0,0_bytes,50,3,2,85568
2026-06-25T17:49:38Z,-1,0,0_bytes,50,3,2,85868
2026-06-25T17:54:38Z,-1,0,0_bytes,50,3,2,86168
2026-06-25T17:59:39Z,-1,0,0_bytes,50,3,2,86468
2026-06-25T18:04:39Z,-1,0,0_bytes,50,3,2,86769
2026-06-25T18:09:39Z,-1,0,0_bytes,50,3,2,87069
2026-06-25T18:14:39Z,-1,0,0_bytes,50,3,2,87369
2026-06-25T18:19:40Z,-1,0,0_bytes,50,3,2,87669
2026-06-25T18:24:40Z,-1,0,0_bytes,51,3,2,87970
2026-06-25T18:29:40Z,-1,0,0_bytes,51,3,2,88270
2026-06-25T18:34:40Z,-1,0,0_bytes,52,3,2,88570
2026-06-25T18:39:41Z,-1,0,0_bytes,52,3,2,88870
2026-06-25T18:44:41Z,-1,0,0_bytes,52,3,2,89170
2026-06-25T18:49:41Z,-1,0,0_bytes,52,3,2,89471
2026-06-25T18:54:41Z,-1,0,0_bytes,52,3,2,89771
2026-06-25T18:59:41Z,-1,0,0_bytes,52,3,2,90071
2026-06-25T19:04:42Z,-1,0,0_bytes,52,3,2,90371
2026-06-25T19:09:42Z,-1,0,0_bytes,53,3,2,90672
2026-06-25T19:14:42Z,-1,0,0_bytes,53,3,2,90972
2026-06-25T19:19:42Z,-1,0,0_bytes,54,3,1,91272
2026-06-25T19:24:43Z,-1,0,0_bytes,55,3,2,91572
2026-06-25T19:29:43Z,-1,0,0_bytes,55,3,2,91873
2026-06-25T19:34:43Z,-1,0,0_bytes,55,3,2,92173
2026-06-25T19:39:43Z,-1,0,0_bytes,55,3,2,92473
2026-06-25T19:44:44Z,-1,0,0_bytes,55,3,2,92773
2026-06-25T19:49:44Z,-1,0,0_bytes,55,3,2,93074
2026-06-25T19:54:44Z,-1,0,0_bytes,55,3,2,93374
2026-06-25T19:59:44Z,-1,0,0_bytes,56,3,2,93674
2026-06-25T20:04:44Z,-1,0,0_bytes,56,3,2,93974
2026-06-25T20:09:45Z,-1,0,0_bytes,56,3,2,94274
2026-06-25T20:14:45Z,-1,0,0_bytes,56,3,2,94575
2026-06-25T20:19:45Z,-1,0,0_bytes,56,3,2,94875
2026-06-25T20:24:45Z,-1,0,0_bytes,56,3,2,95175
2026-06-25T20:29:46Z,-1,0,0_bytes,56,3,2,95475
2026-06-25T20:34:46Z,-1,0,0_bytes,57,3,2,95776
2026-06-25T20:39:46Z,-1,0,0_bytes,58,3,2,96076
2026-06-25T20:44:46Z,-1,0,0_bytes,58,3,2,96376
2026-06-25T20:49:47Z,-1,0,0_bytes,58,3,2,96676
2026-06-25T20:54:47Z,-1,0,0_bytes,58,3,2,96977
2026-06-25T20:59:47Z,-1,0,0_bytes,58,3,2,97277
2026-06-25T21:04:47Z,-1,0,0_bytes,58,3,2,97577
2026-06-25T21:09:48Z,-1,0,0_bytes,58,3,2,97877
2026-06-25T21:14:48Z,-1,0,0_bytes,58,3,2,98178
2026-06-25T21:19:48Z,-1,0,0_bytes,59,3,2,98478
2026-06-25T21:24:49Z,-1,0,0_bytes,59,3,2,98778
2026-06-25T21:29:49Z,-1,0,0_bytes,60,3,2,99078
2026-06-25T21:34:49Z,-1,0,0_bytes,60,3,2,99379
2026-06-25T21:39:49Z,-1,0,0_bytes,60,3,2,99679
2026-06-25T21:44:50Z,-1,0,0_bytes,60,3,2,99979
2026-06-25T21:49:50Z,-1,0,0_bytes,60,3,2,100279
2026-06-25T21:54:50Z,-1,0,0_bytes,61,3,2,100580
2026-06-25T21:59:50Z,-1,0,0_bytes,61,3,2,100880
2026-06-25T22:04:51Z,-1,0,0_bytes,61,3,2,101180
2026-06-25T22:09:51Z,-1,0,0_bytes,61,3,2,101480
2026-06-25T22:14:51Z,-1,0,0_bytes,61,3,2,101781
2026-06-25T22:19:51Z,-1,0,0_bytes,61,3,2,102081
2026-06-25T22:24:52Z,-1,0,0_bytes,61,3,2,102381
2026-06-25T22:29:52Z,-1,0,0_bytes,62,3,2,102681
2026-06-25T22:34:52Z,-1,0,0_bytes,63,3,2,102982
2026-06-25T22:39:52Z,-1,0,0_bytes,63,3,2,103282
2026-06-25T22:44:52Z,-1,0,0_bytes,63,3,2,103582
2026-06-25T22:49:53Z,-1,0,0_bytes,63,3,2,103882
2026-06-25T22:54:53Z,-1,0,0_bytes,63,3,2,104182
2026-06-25T22:59:53Z,-1,0,0_bytes,63,3,2,104483
2026-06-25T23:04:53Z,-1,0,0_bytes,63,3,2,104783
2026-06-25T23:09:53Z,-1,0,0_bytes,65,3,2,105083
2026-06-25T23:14:53Z,-1,0,0_bytes,65,3,2,105383
2026-06-25T23:19:54Z,-1,0,0_bytes,65,3,2,105683
2026-06-25T23:24:54Z,-1,0,0_bytes,65,3,2,105983
2026-06-25T23:29:54Z,-1,0,0_bytes,65,3,2,106284
2026-06-25T23:34:54Z,-1,0,0_bytes,65,3,2,106584
2026-06-25T23:39:54Z,-1,0,0_bytes,65,3,2,106884
2026-06-25T23:44:54Z,-1,0,0_bytes,65,3,2,107184
2026-06-25T23:49:55Z,-1,0,0_bytes,65,3,2,107484
2026-06-25T23:54:55Z,-1,0,0_bytes,66,3,2,107785
2026-06-25T23:59:55Z,-1,0,0_bytes,66,3,2,108085
2026-06-26T00:04:55Z,-1,0,0_bytes,66,3,2,108385
2026-06-26T00:09:55Z,-1,0,0_bytes,66,3,2,108685
2026-06-26T00:14:56Z,-1,0,0_bytes,67,3,2,108985
2026-06-26T00:19:56Z,-1,0,0_bytes,67,3,2,109285
2026-06-26T00:24:56Z,-1,0,0_bytes,67,3,2,109586
2026-06-26T00:29:56Z,-1,0,0_bytes,67,3,2,109886
2026-06-26T00:34:56Z,-1,0,0_bytes,68,3,2,110186
2026-06-26T00:39:57Z,-1,0,0_bytes,68,3,2,110486
2026-06-26T00:44:57Z,-1,0,0_bytes,68,3,2,110786
2026-06-26T00:49:57Z,-1,0,0_bytes,68,3,2,111087
2026-06-26T00:54:57Z,-1,0,0_bytes,68,3,2,111387
2026-06-26T00:59:57Z,-1,0,0_bytes,68,3,2,111687
2026-06-26T01:04:58Z,-1,0,0_bytes,68,3,2,111987
2026-06-26T01:09:58Z,-1,0,0_bytes,68,3,2,112287
2026-06-26T01:14:58Z,-1,0,0_bytes,69,3,2,112588
2026-06-26T01:19:58Z,-1,0,0_bytes,69,3,2,112888
2026-06-26T01:24:58Z,-1,0,0_bytes,69,3,2,113188
2026-06-26T01:29:59Z,-1,0,0_bytes,70,3,2,113488
2026-06-26T01:34:59Z,-1,0,0_bytes,70,3,2,113788
2026-06-26T01:39:59Z,-1,0,0_bytes,70,3,2,114089
2026-06-26T01:44:59Z,-1,0,0_bytes,70,3,2,114389
2026-06-26T01:49:59Z,-1,0,0_bytes,70,3,2,114689
2026-06-26T01:54:59Z,-1,0,0_bytes,70,3,2,114989
2026-06-26T02:00:00Z,-1,0,0_bytes,70,3,2,115289
2026-06-26T02:05:00Z,-1,0,0_bytes,70,3,2,115589
2026-06-26T02:10:00Z,-1,0,0_bytes,72,3,2,115890
2026-06-26T02:15:00Z,-1,0,0_bytes,72,3,2,116190
2026-06-26T02:20:00Z,-1,0,0_bytes,72,3,2,116490
2026-06-26T02:25:01Z,-1,0,0_bytes,72,3,2,116790
2026-06-26T02:30:01Z,-1,0,0_bytes,73,3,2,117090
2026-06-26T02:35:01Z,-1,0,0_bytes,73,3,2,117391
2026-06-26T02:40:01Z,-1,0,0_bytes,73,3,2,117691
2026-06-26T02:45:01Z,-1,0,0_bytes,74,3,2,117991
2026-06-26T02:50:01Z,-1,0,0_bytes,74,3,2,118291
2026-06-26T02:55:02Z,-1,0,0_bytes,75,3,2,118591
2026-06-26T03:00:02Z,-1,0,0_bytes,75,3,2,118891
2026-06-26T03:05:02Z,-1,0,0_bytes,75,3,2,119192
2026-06-26T03:10:02Z,-1,0,0_bytes,75,3,2,119492
2026-06-26T03:15:03Z,-1,0,0_bytes,75,3,2,119792
2026-06-26T03:20:03Z,-1,0,0_bytes,75,3,2,120093
2026-06-26T03:25:03Z,-1,0,0_bytes,75,3,2,120393
2026-06-26T03:30:03Z,-1,0,0_bytes,75,3,2,120693
2026-06-26T03:35:04Z,-1,0,0_bytes,76,3,2,120993
2026-06-26T03:40:04Z,-1,0,0_bytes,76,3,2,121294
2026-06-26T03:45:04Z,-1,0,0_bytes,76,3,2,121594
2026-06-26T03:50:04Z,-1,0,0_bytes,76,3,2,121894
2026-06-26T03:55:05Z,-1,0,0_bytes,77,3,2,122194
2026-06-26T04:00:05Z,-1,0,0_bytes,77,3,2,122495
2026-06-26T04:05:05Z,-1,0,0_bytes,77,3,2,122795
2026-06-26T04:10:05Z,-1,0,0_bytes,77,3,2,123095
2026-06-26T04:15:06Z,-1,0,0_bytes,77,3,2,123395
2026-06-26T04:20:06Z,-1,0,0_bytes,77,3,2,123695
2026-06-26T04:25:06Z,-1,0,0_bytes,77,3,2,123996
2026-06-26T04:30:06Z,-1,0,0_bytes,77,3,2,124296
2026-06-26T04:35:07Z,-1,0,0_bytes,77,3,2,124596
2026-06-26T04:40:07Z,-1,0,0_bytes,78,3,2,124896
2026-06-26T04:45:07Z,-1,0,0_bytes,79,3,2,125197
2026-06-26T04:50:07Z,-1,0,0_bytes,79,3,2,125497
2026-06-26T04:55:08Z,-1,0,0_bytes,79,3,2,125797
2026-06-26T05:00:08Z,-1,0,0_bytes,79,3,2,126097
2026-06-26T05:05:08Z,-1,0,0_bytes,79,3,2,126398
2026-06-26T05:10:08Z,-1,0,0_bytes,79,3,2,126698
2026-06-26T05:15:09Z,-1,0,0_bytes,79,3,2,126998
2026-06-26T05:20:09Z,-1,0,0_bytes,79,3,2,127299
2026-06-26T05:25:09Z,-1,0,0_bytes,79,3,2,127599
2026-06-26T05:30:09Z,-1,0,0_bytes,79,3,2,127899
2026-06-26T05:35:10Z,-1,0,0_bytes,81,3,2,128199
2026-06-26T05:40:10Z,-1,0,0_bytes,81,3,2,128500
2026-06-26T05:45:10Z,-1,0,0_bytes,81,3,2,128800
2026-06-26T05:50:10Z,-1,0,0_bytes,81,3,2,129100
2026-06-26T05:55:11Z,-1,0,0_bytes,81,3,2,129400
2026-06-26T06:00:11Z,-1,0,0_bytes,81,3,2,129701
2026-06-26T06:05:11Z,-1,0,0_bytes,81,3,2,130002
2026-06-26T06:10:12Z,-1,0,0_bytes,81,3,2,130302
2026-06-26T06:15:12Z,-1,0,0_bytes,81,3,2,130602
2026-06-26T06:20:13Z,-1,0,0_bytes,82,3,2,130902
2026-06-26T06:25:13Z,-1,0,0_bytes,83,3,2,131203
2026-06-26T06:30:13Z,-1,0,0_bytes,83,3,2,131503
2026-06-26T06:35:13Z,-1,0,0_bytes,83,3,2,131803
2026-06-26T06:40:14Z,-1,0,0_bytes,83,3,2,132103
2026-06-26T06:45:14Z,-1,0,0_bytes,83,3,2,132404
2026-06-26T06:50:14Z,-1,0,0_bytes,83,3,2,132704
2026-06-26T06:55:15Z,-1,0,0_bytes,83,3,2,133004
2026-06-26T07:00:15Z,-1,0,0_bytes,83,3,2,133304
2026-06-26T07:05:15Z,-1,0,0_bytes,83,3,2,133605
2026-06-26T07:10:15Z,-1,0,0_bytes,84,3,2,133905
2026-06-26T07:15:16Z,-1,0,0_bytes,84,3,2,134205
2026-06-26T07:20:16Z,-1,0,0_bytes,84,3,2,134505
2026-06-26T07:25:16Z,-1,0,0_bytes,84,3,2,134806
2026-06-26T07:30:16Z,-1,0,0_bytes,84,3,2,135106
2026-06-26T07:35:17Z,-1,0,0_bytes,85,3,2,135406
2026-06-26T07:40:17Z,-1,0,0_bytes,85,3,2,135706
2026-06-26T07:45:17Z,-1,0,0_bytes,85,3,2,136007
2026-06-26T07:50:17Z,-1,0,0_bytes,85,3,2,136307
2026-06-26T07:55:18Z,-1,0,0_bytes,85,3,2,136607
2026-06-26T08:00:18Z,-1,0,0_bytes,86,3,2,136908
2026-06-26T08:05:18Z,-1,0,0_bytes,87,3,2,137208
2026-06-26T08:10:18Z,-1,0,0_bytes,87,3,2,137508
2026-06-26T08:15:19Z,-1,0,0_bytes,87,3,2,137808
2026-06-26T08:20:19Z,-1,0,0_bytes,87,3,2,138109
2026-06-26T08:25:19Z,-1,0,0_bytes,87,3,2,138409
2026-06-26T08:30:19Z,-1,0,0_bytes,87,3,2,138709
2026-06-26T08:35:20Z,-1,0,0_bytes,87,3,2,139009
2026-06-26T08:40:20Z,-1,0,0_bytes,88,3,2,139310
2026-06-26T08:45:20Z,-1,0,0_bytes,88,3,2,139610
2026-06-26T08:50:20Z,-1,0,0_bytes,89,3,2,139910
2026-06-26T08:55:21Z,-1,0,0_bytes,89,3,2,140210
2026-06-26T09:00:21Z,-1,0,0_bytes,89,3,2,140511
2026-06-26T09:05:21Z,-1,0,0_bytes,89,3,2,140811
2026-06-26T09:10:21Z,-1,0,0_bytes,89,3,2,141111
2026-06-26T09:15:22Z,-1,0,0_bytes,89,3,2,141411
2026-06-26T09:20:22Z,-1,0,0_bytes,90,3,2,141712
2026-06-26T09:25:22Z,-1,0,0_bytes,90,3,2,142012
2026-06-26T09:30:22Z,-1,0,0_bytes,90,3,2,142312
2026-06-26T09:35:23Z,-1,0,0_bytes,90,3,2,142612
2026-06-26T09:40:23Z,-1,0,0_bytes,90,3,2,142913
2026-06-26T09:45:23Z,-1,0,0_bytes,91,3,2,143213
2026-06-26T09:50:23Z,-1,0,0_bytes,91,3,2,143513
2026-06-26T09:55:24Z,-1,0,0_bytes,91,3,2,143813
2026-06-26T10:00:24Z,-1,0,0_bytes,91,3,2,144113
2026-06-26T10:05:24Z,-1,0,0_bytes,91,3,2,144414
2026-06-26T10:10:24Z,-1,0,0_bytes,91,3,2,144714
2026-06-26T10:15:24Z,-1,0,0_bytes,91,3,2,145014
2026-06-26T10:20:25Z,-1,0,0_bytes,92,3,2,145314
2026-06-26T10:25:25Z,-1,0,0_bytes,92,3,2,145615
2026-06-26T10:30:25Z,-1,0,0_bytes,92,3,2,145915
2026-06-26T10:35:25Z,-1,0,0_bytes,92,3,2,146215
2026-06-26T10:40:26Z,-1,0,0_bytes,92,3,2,146515
2026-06-26T10:45:26Z,-1,0,0_bytes,92,3,2,146815
2026-06-26T10:50:26Z,-1,0,0_bytes,92,3,2,147116
2026-06-26T10:55:26Z,-1,0,0_bytes,92,3,2,147416
2026-06-26T11:00:26Z,-1,0,0_bytes,93,3,2,147716
2026-06-26T11:05:27Z,-1,0,0_bytes,93,3,2,148016
2026-06-26T11:10:27Z,-1,0,0_bytes,93,3,2,148316
2026-06-26T11:15:27Z,-1,0,0_bytes,94,3,2,148617
2026-06-26T11:20:27Z,-1,0,0_bytes,94,3,2,148917
2026-06-26T11:25:27Z,-1,0,0_bytes,94,3,2,149217
2026-06-26T11:30:28Z,-1,0,0_bytes,94,3,2,149517
2026-06-26T11:35:28Z,-1,0,0_bytes,94,3,2,149818
2026-06-26T11:40:28Z,-1,0,0_bytes,94,3,2,150118
2026-06-26T11:45:28Z,-1,0,0_bytes,95,3,2,150418
2026-06-26T11:50:29Z,-1,0,0_bytes,95,3,2,150718
2026-06-26T11:55:29Z,-1,0,0_bytes,95,3,2,151019
2026-06-26T12:00:29Z,-1,0,0_bytes,96,3,2,151319
2026-06-26T12:05:29Z,-1,0,0_bytes,96,3,2,151619
2026-06-26T12:10:30Z,-1,0,0_bytes,96,3,2,151919
2026-06-26T12:15:30Z,-1,0,0_bytes,96,3,2,152219
2026-06-26T12:20:30Z,-1,0,0_bytes,96,3,2,152520
2026-06-26T12:25:30Z,-1,0,0_bytes,97,3,2,152820
2026-06-26T12:30:31Z,-1,0,0_bytes,97,3,2,153120
2026-06-26T12:35:31Z,-1,0,0_bytes,97,3,2,153421
2026-06-26T12:40:31Z,-1,0,0_bytes,97,3,2,153721
2026-06-26T12:45:31Z,-1,0,0_bytes,98,3,2,154021
2026-06-26T12:50:32Z,-1,0,0_bytes,98,3,2,154321
2026-06-26T12:55:32Z,-1,0,0_bytes,99,3,2,154622
2026-06-26T13:00:32Z,-1,0,0_bytes,99,3,2,154922
2026-06-26T13:05:32Z,-1,0,0_bytes,99,3,2,155222
2026-06-26T13:10:33Z,-1,0,0_bytes,99,3,2,155522
2026-06-26T13:15:33Z,-1,0,0_bytes,99,3,2,155823
2026-06-26T13:20:33Z,-1,0,0_bytes,99,3,2,156123
2026-06-26T13:25:33Z,-1,0,0_bytes,100,3,2,156423
2026-06-26T13:30:34Z,-1,0,0_bytes,100,3,2,156723
2026-06-26T13:35:34Z,-1,0,0_bytes,100,3,2,157023
2026-06-26T13:40:34Z,-1,0,0_bytes,100,3,2,157324
2026-06-26T13:45:34Z,-1,0,0_bytes,100,3,2,157624
2026-06-26T13:50:34Z,-1,0,0_bytes,100,3,2,157924
2026-06-26T13:55:35Z,-1,0,0_bytes,101,3,2,158224
2026-06-26T14:00:35Z,-1,0,0_bytes,101,3,2,158524
2026-06-26T14:05:35Z,-1,0,0_bytes,101,3,2,158825
2026-06-26T14:10:35Z,-1,0,0_bytes,101,3,2,159125
2026-06-26T14:15:35Z,-1,0,0_bytes,102,3,2,159425
2026-06-26T14:20:36Z,-1,0,0_bytes,102,3,2,159725
2026-06-26T14:25:36Z,-1,0,0_bytes,102,3,2,160025
2026-06-26T14:30:36Z,-1,0,0_bytes,102,3,2,160326
2026-06-26T14:35:36Z,-1,0,0_bytes,102,3,2,160626
2026-06-26T14:40:37Z,-1,0,0_bytes,102,3,2,160926
2026-06-26T14:45:37Z,-1,0,0_bytes,103,3,2,161227
2026-06-26T14:50:37Z,-1,0,0_bytes,104,3,2,161527
2026-06-26T14:55:37Z,-1,0,0_bytes,104,3,2,161827
2026-06-26T15:00:38Z,-1,0,0_bytes,104,3,2,162127
2026-06-26T15:05:38Z,-1,0,0_bytes,104,3,2,162427
2026-06-26T15:10:38Z,-1,0,0_bytes,104,3,2,162728
2026-06-26T15:15:38Z,-1,0,0_bytes,104,3,2,163028
2026-06-26T15:20:39Z,-1,0,0_bytes,104,3,2,163328
2026-06-26T15:25:39Z,-1,0,0_bytes,105,3,2,163629
2026-06-26T15:30:39Z,-1,0,0_bytes,105,3,2,163929
2026-06-26T15:35:39Z,-1,0,0_bytes,105,3,2,164229
2026-06-26T15:40:40Z,-1,0,0_bytes,105,3,2,164529
2026-06-26T15:45:40Z,-1,0,0_bytes,105,3,2,164830
2026-06-26T15:50:40Z,-1,0,0_bytes,105,3,2,165130
2026-06-26T15:55:40Z,-1,0,0_bytes,105,3,2,165430
2026-06-26T16:00:41Z,-1,0,0_bytes,106,3,2,165730
2026-06-26T16:05:41Z,-1,0,0_bytes,106,3,2,166030
2026-06-26T16:10:41Z,-1,0,0_bytes,106,3,2,166331
2026-06-26T16:15:41Z,-1,0,0_bytes,107,3,2,166631
2026-06-26T16:20:41Z,-1,0,0_bytes,107,3,2,166931
2026-06-26T16:25:42Z,-1,0,0_bytes,107,3,2,167231
2026-06-26T16:30:42Z,-1,0,0_bytes,107,3,2,167531
2026-06-26T16:35:42Z,-1,0,0_bytes,107,3,2,167832
2026-06-26T16:40:42Z,-1,0,0_bytes,107,3,2,168132
2026-06-26T16:45:42Z,-1,0,0_bytes,107,3,2,168432
2026-06-26T16:50:43Z,-1,0,0_bytes,107,3,2,168732
2026-06-26T16:55:43Z,-1,0,0_bytes,107,3,2,169033
2026-06-26T17:00:43Z,-1,0,0_bytes,107,3,2,169333
2026-06-26T17:05:44Z,-1,0,0_bytes,107,3,2,169633
2026-06-26T17:10:44Z,-1,0,0_bytes,107,3,2,169933
2026-06-26T17:15:44Z,-1,0,0_bytes,107,3,2,170234
2026-06-26T17:20:44Z,-1,0,0_bytes,107,3,2,170534
2026-06-26T17:25:45Z,-1,0,0_bytes,107,3,2,170834
2026-06-26T17:30:45Z,-1,0,0_bytes,107,3,2,171135
2026-06-26T17:35:45Z,-1,0,0_bytes,107,3,2,171435
2026-06-26T17:40:46Z,-1,0,0_bytes,108,3,2,171735
2026-06-26T17:45:46Z,-1,0,0_bytes,108,3,2,172035
2026-06-26T17:50:46Z,-1,0,0_bytes,108,3,2,172336
2026-06-26T17:55:46Z,-1,0,0_bytes,108,3,2,172636
2026-06-26T18:00:47Z,-1,0,0_bytes,108,3,2,172936
2026-06-26T18:05:47Z,-1,0,0_bytes,108,3,2,173237
2026-06-26T18:10:47Z,-1,0,0_bytes,108,3,2,173537
2026-06-26T18:15:47Z,-1,0,0_bytes,108,3,2,173837
2026-06-26T18:20:48Z,-1,0,0_bytes,108,3,1,174137
2026-06-26T18:25:48Z,-1,0,0_bytes,110,3,2,174438
2026-06-26T18:30:48Z,-1,0,0_bytes,110,3,2,174738
2026-06-26T18:35:48Z,-1,0,0_bytes,110,3,2,175038
2026-06-26T18:40:49Z,-1,0,0_bytes,110,3,2,175338
2026-06-26T18:45:49Z,-1,0,0_bytes,110,3,2,175638
2026-06-26T18:50:49Z,-1,0,0_bytes,110,3,2,175939
2026-06-26T18:55:49Z,-1,0,0_bytes,110,3,2,176239
2026-06-26T19:00:50Z,-1,0,0_bytes,110,3,2,176539
2026-06-26T19:05:50Z,-1,0,0_bytes,110,3,2,176840
2026-06-26T19:10:50Z,-1,0,0_bytes,110,3,2,177140
2026-06-26T19:15:50Z,-1,0,0_bytes,110,3,2,177440
2026-06-26T19:20:51Z,-1,0,0_bytes,110,3,2,177740
2026-06-26T19:25:51Z,-1,0,0_bytes,110,3,2,178041
2026-06-26T19:30:51Z,-1,0,0_bytes,112,3,2,178341
2026-06-26T19:35:51Z,-1,0,0_bytes,112,3,2,178645
2026-06-26T19:40:55Z,-1,0,0_bytes,112,3,2,178945
2026-06-26T19:45:56Z,-1,0,0_bytes,112,3,2,179245
2026-06-26T19:50:56Z,-1,0,0_bytes,112,3,2,179546
2026-06-26T19:55:56Z,-1,0,0_bytes,112,3,2,179846
2026-06-26T20:00:56Z,-1,0,0_bytes,112,3,2,180146
2026-06-26T20:05:57Z,-1,0,0_bytes,112,3,2,180446
2026-06-26T20:10:57Z,-1,0,0_bytes,112,3,2,180746
2026-06-26T20:15:57Z,-1,0,0_bytes,113,3,2,181047
2026-06-26T20:20:57Z,-1,0,0_bytes,113,3,2,181347
2026-06-26T20:25:57Z,-1,0,0_bytes,113,3,2,181647
2026-06-26T20:30:58Z,-1,0,0_bytes,113,3,2,181947
2026-06-26T20:35:58Z,-1,0,0_bytes,114,3,2,182248
2026-06-26T20:40:58Z,-1,0,0_bytes,114,3,2,182548
2026-06-26T20:45:58Z,-1,0,0_bytes,114,3,2,182848
2026-06-26T20:50:59Z,-1,0,0_bytes,114,3,2,183148
2026-06-26T20:55:59Z,-1,0,0_bytes,114,3,2,183449
2026-06-26T21:00:59Z,-1,0,0_bytes,115,3,2,183749
2026-06-26T21:05:59Z,-1,0,0_bytes,115,3,2,184049
2026-06-26T21:11:00Z,-1,0,0_bytes,115,3,2,184349
2026-06-26T21:16:00Z,-1,0,0_bytes,115,3,2,184649
2026-06-26T21:21:00Z,-1,0,0_bytes,115,3,2,184950
2026-06-26T21:26:00Z,-1,0,0_bytes,116,3,2,185250
2026-06-26T21:31:01Z,-1,0,0_bytes,116,3,2,185550
2026-06-26T21:36:01Z,-1,0,0_bytes,116,3,2,185850
2026-06-26T21:41:01Z,-1,0,0_bytes,116,3,2,186151
2026-06-26T21:46:01Z,-1,0,0_bytes,116,3,2,186451
2026-06-26T21:51:01Z,-1,0,0_bytes,116,3,2,186751
2026-06-26T21:56:02Z,-1,0,0_bytes,116,3,2,187051
2026-06-26T22:01:02Z,-1,0,0_bytes,117,3,2,187352
2026-06-26T22:06:02Z,-1,0,0_bytes,117,3,2,187652
2026-06-26T22:11:03Z,-1,0,0_bytes,117,3,2,187952
2026-06-26T22:16:03Z,-1,0,0_bytes,118,3,2,188253
2026-06-26T22:21:03Z,-1,0,0_bytes,118,3,2,188553
2026-06-26T22:26:03Z,-1,0,0_bytes,118,3,2,188853
2026-06-26T22:31:04Z,-1,0,0_bytes,119,3,2,189153
2026-06-26T22:36:04Z,-1,0,0_bytes,119,3,2,189454
2026-06-26T22:41:04Z,-1,0,0_bytes,119,3,2,189754
2026-06-26T22:46:04Z,-1,0,0_bytes,119,3,2,190054
2026-06-26T22:51:05Z,-1,0,0_bytes,120,3,2,190354
2026-06-26T22:56:05Z,-1,0,0_bytes,120,3,2,190655
2026-06-26T23:01:05Z,-1,0,0_bytes,120,3,2,190955
2026-06-26T23:06:05Z,-1,0,0_bytes,121,3,2,191255
2026-06-26T23:11:06Z,-1,0,0_bytes,121,3,2,191555
2026-06-26T23:16:06Z,-1,0,0_bytes,121,3,2,191856
2026-06-26T23:21:06Z,-1,0,0_bytes,121,3,2,192156
2026-06-26T23:26:06Z,-1,0,0_bytes,121,3,2,192456
2026-06-26T23:31:06Z,-1,0,0_bytes,121,3,2,192756
2026-06-26T23:36:07Z,-1,0,0_bytes,122,3,2,193056
2026-06-26T23:41:07Z,-1,0,0_bytes,122,3,2,193357
2026-06-26T23:46:07Z,-1,0,0_bytes,122,3,2,193657
2026-06-26T23:51:07Z,-1,0,0_bytes,122,3,2,193957
2026-06-26T23:56:08Z,-1,0,0_bytes,122,3,2,194257
2026-06-27T00:01:08Z,-1,0,0_bytes,122,3,2,194557
2026-06-27T00:06:08Z,-1,0,0_bytes,122,3,2,194858
2026-06-27T00:11:08Z,-1,0,0_bytes,122,3,2,195158
2026-06-27T00:16:08Z,-1,0,0_bytes,123,3,2,195458
2026-06-27T00:21:09Z,-1,0,0_bytes,123,3,2,195758
2026-06-27T00:26:09Z,-1,0,0_bytes,123,3,2,196059
2026-06-27T00:31:09Z,-1,0,0_bytes,123,3,2,196359
2026-06-27T00:36:09Z,-1,0,0_bytes,123,3,2,196659
2026-06-27T00:41:10Z,-1,0,0_bytes,123,3,2,196959
2026-06-27T00:46:10Z,-1,0,0_bytes,123,3,2,197260
2026-06-27T00:51:10Z,-1,0,0_bytes,123,3,2,197560
2026-06-27T00:56:10Z,-1,0,0_bytes,123,3,2,197860
2026-06-27T01:01:10Z,-1,0,0_bytes,124,3,2,198160
2026-06-27T01:06:11Z,-1,0,0_bytes,124,3,2,198461
2026-06-27T01:11:11Z,-1,0,0_bytes,124,3,2,198761
2026-06-27T01:16:11Z,-1,0,0_bytes,124,3,2,199061
2026-06-27T01:21:12Z,-1,0,0_bytes,125,3,2,199361
2026-06-27T01:26:12Z,-1,0,0_bytes,125,3,2,199661
2026-06-27T01:31:12Z,-1,0,0_bytes,125,3,2,199962
2026-06-27T01:36:12Z,-1,0,0_bytes,125,3,2,200262
2026-06-27T01:41:12Z,-1,0,0_bytes,125,3,2,200562
2026-06-27T01:46:13Z,-1,0,0_bytes,125,3,2,200862
2026-06-27T01:51:13Z,-1,0,0_bytes,125,3,2,201162
2026-06-27T01:56:13Z,-1,0,0_bytes,125,3,2,201463
2026-06-27T02:01:13Z,-1,0,0_bytes,126,3,2,201763
2026-06-27T02:06:13Z,-1,0,0_bytes,126,3,2,202063
2026-06-27T02:11:14Z,-1,0,0_bytes,126,3,2,202363
2026-06-27T02:16:14Z,-1,0,0_bytes,126,3,2,202664
2026-06-27T02:21:14Z,-1,0,0_bytes,126,3,2,202964
2026-06-27T02:26:14Z,-1,0,0_bytes,126,3,2,203264
2026-06-27T02:31:15Z,-1,0,0_bytes,126,3,2,203564
2026-06-27T02:36:15Z,-1,0,0_bytes,127,3,2,203865
2026-06-27T02:41:15Z,-1,0,0_bytes,127,3,2,204165
2026-06-27T02:46:15Z,-1,0,0_bytes,128,3,2,204465
2026-06-27T02:51:16Z,-1,0,0_bytes,128,3,2,204765
2026-06-27T02:56:16Z,-1,0,0_bytes,128,3,2,205066
2026-06-27T03:01:16Z,-1,0,0_bytes,128,3,2,205366
2026-06-27T03:06:16Z,-1,0,0_bytes,128,3,2,205666
2026-06-27T03:11:17Z,-1,0,0_bytes,128,3,2,205966
2026-06-27T03:16:17Z,-1,0,0_bytes,128,3,2,206267
2026-06-27T03:21:17Z,-1,0,0_bytes,129,3,2,206567
2026-06-27T03:26:17Z,-1,0,0_bytes,130,3,2,206867
2026-06-27T03:31:18Z,-1,0,0_bytes,130,3,2,207167
2026-06-27T03:36:18Z,-1,0,0_bytes,130,3,2,207468
2026-06-27T03:41:18Z,-1,0,0_bytes,130,3,2,207768
2026-06-27T03:46:18Z,-1,0,0_bytes,130,3,2,208068
2026-06-27T03:51:19Z,-1,0,0_bytes,130,3,2,208368
2026-06-27T03:56:19Z,-1,0,0_bytes,130,3,2,208668
2026-06-27T04:01:19Z,-1,0,0_bytes,130,3,2,208969
2026-06-27T04:06:19Z,-1,0,0_bytes,130,3,2,209269
2026-06-27T04:11:19Z,-1,0,0_bytes,131,3,2,209569
2026-06-27T04:16:20Z,-1,0,0_bytes,132,3,2,209869
2026-06-27T04:21:20Z,-1,0,0_bytes,132,3,2,210170
2026-06-27T04:26:20Z,-1,0,0_bytes,132,3,2,210470
2026-06-27T04:31:20Z,-1,0,0_bytes,132,3,2,210770
2026-06-27T04:36:21Z,-1,0,0_bytes,132,3,2,211070
2026-06-27T04:41:21Z,-1,0,0_bytes,132,3,2,211370
2026-06-27T04:46:21Z,-1,0,0_bytes,133,3,2,211671
2026-06-27T04:51:21Z,-1,0,0_bytes,133,3,2,211971
2026-06-27T04:56:21Z,-1,0,0_bytes,133,3,2,212271
2026-06-27T05:01:22Z,-1,0,0_bytes,133,3,2,212571
2026-06-27T05:06:22Z,-1,0,0_bytes,133,3,2,212872
2026-06-27T05:11:22Z,-1,0,0_bytes,133,3,2,213172
2026-06-27T05:16:22Z,-1,0,0_bytes,134,3,2,213472
2026-06-27T05:21:23Z,-1,0,0_bytes,134,3,2,213772
2026-06-27T05:26:23Z,-1,0,0_bytes,134,3,2,214073
2026-06-27T05:31:23Z,-1,0,0_bytes,135,3,2,214373
2026-06-27T05:36:24Z,-1,0,0_bytes,135,3,2,214673
2026-06-27T05:41:24Z,-1,0,0_bytes,135,3,2,214974
2026-06-27T05:46:24Z,-1,0,0_bytes,135,3,2,215274
2026-06-27T05:51:24Z,-1,0,0_bytes,135,3,2,215574
2026-06-27T05:56:24Z,-1,0,0_bytes,135,3,2,215874
2026-06-27T06:01:25Z,-1,0,0_bytes,135,3,2,216174
2026-06-27T06:06:25Z,-1,0,0_bytes,135,3,2,216475
2026-06-27T06:11:25Z,-1,0,0_bytes,135,3,2,216775
2026-06-27T06:16:25Z,-1,0,0_bytes,135,3,2,217075
2026-06-27T06:21:26Z,-1,0,0_bytes,135,3,2,217375
2026-06-27T06:26:26Z,-1,0,0_bytes,136,3,2,217675
2026-06-27T06:31:26Z,-1,0,0_bytes,136,3,2,217976
2026-06-27T06:36:26Z,-1,0,0_bytes,137,3,2,218276
2026-06-27T06:41:26Z,-1,0,0_bytes,137,3,2,218576
2026-06-27T06:46:27Z,-1,0,0_bytes,137,3,2,218876
2026-06-27T06:51:27Z,-1,0,0_bytes,137,3,2,219177
2026-06-27T06:56:27Z,-1,0,0_bytes,137,3,2,219477
2026-06-27T07:01:27Z,-1,0,0_bytes,138,3,2,219777
2026-06-27T07:06:28Z,-1,0,0_bytes,138,3,2,220077
2026-06-27T07:11:28Z,-1,0,0_bytes,138,3,2,220377
2026-06-27T07:16:28Z,-1,0,0_bytes,138,3,2,220678
2026-06-27T07:21:28Z,-1,0,0_bytes,138,3,2,220978
2026-06-27T07:26:28Z,-1,0,0_bytes,139,3,2,221278
2026-06-27T07:31:29Z,-1,0,0_bytes,139,3,2,221578
2026-06-27T07:36:29Z,-1,0,0_bytes,140,3,2,221879
2026-06-27T07:41:29Z,-1,0,0_bytes,140,3,2,222179
2026-06-27T07:46:29Z,-1,0,0_bytes,140,3,2,222479
2026-06-27T07:51:30Z,-1,0,0_bytes,140,3,2,222779
2026-06-27T07:56:30Z,-1,0,0_bytes,140,3,2,223079
2026-06-27T08:01:30Z,-1,0,0_bytes,141,3,2,223380
2026-06-27T08:06:30Z,-1,0,0_bytes,141,3,2,223680
2026-06-27T08:11:30Z,-1,0,0_bytes,141,3,2,223980
2026-06-27T08:16:31Z,-1,0,0_bytes,141,3,2,224280
2026-06-27T08:21:31Z,-1,0,0_bytes,141,3,2,224580
2026-06-27T08:26:31Z,-1,0,0_bytes,141,3,2,224881
2026-06-27T08:31:31Z,-1,0,0_bytes,141,3,2,225181
2026-06-27T08:36:31Z,-1,0,0_bytes,141,3,2,225481
2026-06-27T08:41:32Z,-1,0,0_bytes,141,3,2,225781
2026-06-27T08:46:32Z,-1,0,0_bytes,141,3,2,226082
2026-06-27T08:51:32Z,-1,0,0_bytes,141,3,2,226382
2026-06-27T08:56:32Z,-1,0,0_bytes,141,3,2,226682
2026-06-27T09:01:33Z,-1,0,0_bytes,141,3,2,226982
2026-06-27T09:06:33Z,-1,0,0_bytes,143,3,2,227283
2026-06-27T09:11:33Z,-1,0,0_bytes,143,3,2,227583
2026-06-27T09:16:33Z,-1,0,0_bytes,143,3,2,227883
2026-06-27T09:21:34Z,-1,0,0_bytes,143,3,2,228183
2026-06-27T09:26:34Z,-1,0,0_bytes,143,3,2,228484
2026-06-27T09:31:34Z,-1,0,0_bytes,143,3,2,228784
2026-06-27T09:36:34Z,-1,0,0_bytes,143,3,2,229084
2026-06-27T09:41:35Z,-1,0,0_bytes,143,3,2,229384
2026-06-27T09:46:35Z,-1,0,0_bytes,144,3,2,229684
2026-06-27T09:51:35Z,-1,0,0_bytes,145,3,2,229985
2026-06-27T09:56:35Z,-1,0,0_bytes,145,3,2,230285
2026-06-27T10:01:36Z,-1,0,0_bytes,145,3,2,230585
2026-06-27T10:06:36Z,-1,0,0_bytes,145,3,2,230886
2026-06-27T10:11:36Z,-1,0,0_bytes,145,3,2,231186
2026-06-27T10:16:36Z,-1,0,0_bytes,145,3,2,231486
2026-06-27T10:21:37Z,-1,0,0_bytes,145,3,2,231786
2026-06-27T10:26:37Z,-1,0,0_bytes,145,3,2,232087
2026-06-27T10:31:37Z,-1,0,0_bytes,145,3,2,232387
2026-06-27T10:36:37Z,-1,0,0_bytes,146,3,2,232687
2026-06-27T10:41:38Z,-1,0,0_bytes,146,3,2,232987
2026-06-27T10:46:38Z,-1,0,0_bytes,146,3,2,233288
2026-06-27T10:51:38Z,-1,0,0_bytes,146,3,2,233588
2026-06-27T10:56:38Z,-1,0,0_bytes,146,3,2,233888
2026-06-27T11:01:39Z,-1,0,0_bytes,146,3,2,234188
2026-06-27T11:06:39Z,-1,0,0_bytes,146,3,2,234488
2026-06-27T11:11:39Z,-1,0,0_bytes,146,3,2,234789
2026-06-27T11:16:39Z,-1,0,0_bytes,146,3,2,235089
2026-06-27T11:21:39Z,-1,0,0_bytes,146,3,2,235389
2026-06-27T11:26:40Z,-1,0,0_bytes,146,3,2,235689
2026-06-27T11:31:40Z,-1,0,0_bytes,147,3,2,235990
2026-06-27T11:36:40Z,-1,0,0_bytes,147,3,2,236290
2026-06-27T11:41:40Z,-1,0,0_bytes,147,3,2,236590
2026-06-27T11:46:41Z,-1,0,0_bytes,147,3,2,236890
2026-06-27T11:51:41Z,-1,0,0_bytes,147,3,2,237190
2026-06-27T11:56:41Z,-1,0,0_bytes,147,3,2,237491
2026-06-27T12:01:41Z,-1,0,0_bytes,147,3,2,237791
2026-06-27T12:06:41Z,-1,0,0_bytes,147,3,2,238091
2026-06-27T12:11:42Z,-1,0,0_bytes,147,3,2,238391
2026-06-27T12:16:42Z,-1,0,0_bytes,147,3,2,238691
2026-06-27T12:21:42Z,-1,0,0_bytes,147,3,2,238992
2026-06-27T12:26:42Z,-1,0,0_bytes,147,3,2,239292
2026-06-27T12:31:42Z,-1,0,0_bytes,147,3,2,239592
2026-06-27T12:36:43Z,-1,0,0_bytes,147,3,2,239892
2026-06-27T12:41:43Z,-1,0,0_bytes,147,3,2,240193
2026-06-27T12:46:43Z,-1,0,0_bytes,147,3,2,240493
2026-06-27T12:51:43Z,-1,0,0_bytes,147,3,2,240793
2026-06-27T12:56:44Z,-1,0,0_bytes,148,3,2,241093
2026-06-27T13:01:44Z,-1,0,0_bytes,148,3,2,241393
2026-06-27T13:06:44Z,-1,0,0_bytes,148,3,2,241694
2026-06-27T13:11:44Z,-1,0,0_bytes,148,3,2,241994
2026-06-27T13:16:44Z,-1,0,0_bytes,148,3,2,242294
2026-06-27T13:21:45Z,-1,0,0_bytes,148,3,2,242594
2026-06-27T13:26:45Z,-1,0,0_bytes,148,3,2,242895
2026-06-27T13:31:45Z,-1,0,0_bytes,149,3,2,243195
2026-06-27T13:36:45Z,-1,0,0_bytes,149,3,2,243495
2026-06-27T13:41:46Z,-1,0,0_bytes,149,3,2,243795
2026-06-27T13:46:46Z,-1,0,0_bytes,149,3,2,244095
2026-06-27T13:51:46Z,-1,0,0_bytes,149,3,2,244396
2026-06-27T13:56:46Z,-1,0,0_bytes,149,3,2,244696
2026-06-27T14:01:46Z,-1,0,0_bytes,149,3,1,244996
2026-06-27T14:06:47Z,-1,0,0_bytes,150,3,2,245296
2026-06-27T14:11:47Z,-1,0,0_bytes,150,3,2,245597
2026-06-27T14:16:47Z,-1,0,0_bytes,151,3,2,245897
2026-06-27T14:21:48Z,-1,0,0_bytes,151,3,2,246197
2026-06-27T14:26:48Z,-1,0,0_bytes,152,3,2,246497
2026-06-27T14:31:48Z,-1,0,0_bytes,152,3,2,246798
2026-06-27T14:36:48Z,-1,0,0_bytes,152,3,2,247098
2026-06-27T14:41:48Z,-1,0,0_bytes,153,3,2,247398
2026-06-27T14:46:49Z,-1,0,0_bytes,153,3,2,247698
2026-06-27T14:51:49Z,-1,0,0_bytes,153,3,2,247999
2026-06-27T14:56:49Z,-1,0,0_bytes,153,3,2,248299
2026-06-27T15:01:49Z,-1,0,0_bytes,154,3,2,248599
2026-06-27T15:06:50Z,-1,0,0_bytes,154,3,2,248899
2026-06-27T15:11:50Z,-1,0,0_bytes,154,3,2,249199
2026-06-27T15:16:50Z,-1,0,0_bytes,154,3,2,249500
2026-06-27T15:21:50Z,-1,0,0_bytes,154,3,2,249800
2026-06-27T15:26:50Z,-1,0,0_bytes,154,3,2,250100
2026-06-27T15:31:51Z,-1,0,0_bytes,154,3,2,250400
2026-06-27T15:36:51Z,-1,0,0_bytes,155,3,2,250701
2026-06-27T15:41:51Z,-1,0,0_bytes,155,3,2,251001
2026-06-27T15:46:51Z,-1,0,0_bytes,155,3,2,251301
2026-06-27T15:51:52Z,-1,0,0_bytes,156,3,2,251601
2026-06-27T15:56:52Z,-1,0,0_bytes,156,3,2,251902
2026-06-27T16:01:52Z,-1,0,0_bytes,156,3,2,252202
2026-06-27T16:06:52Z,-1,0,0_bytes,156,3,2,252502
2026-06-27T16:11:53Z,-1,0,0_bytes,156,3,2,252802
2026-06-27T16:16:53Z,-1,0,0_bytes,156,3,2,253102
2026-06-27T16:21:53Z,-1,0,0_bytes,156,3,2,253403
2026-06-27T16:26:53Z,-1,0,0_bytes,156,3,2,253703
2026-06-27T16:31:53Z,-1,0,0_bytes,157,3,2,254003
2026-06-27T16:36:54Z,-1,0,0_bytes,157,3,2,254303
2026-06-27T16:41:54Z,-1,0,0_bytes,157,3,2,254604
2026-06-27T16:46:54Z,-1,0,0_bytes,158,3,2,254904
2026-06-27T16:51:55Z,-1,0,0_bytes,158,3,2,255204
2026-06-27T16:56:55Z,-1,0,0_bytes,158,3,2,255505
2026-06-27T17:01:55Z,-1,0,0_bytes,158,3,2,255805
2026-06-27T17:06:55Z,-1,0,0_bytes,159,3,2,256105
2026-06-27T17:11:56Z,-1,0,0_bytes,159,3,2,256405
2026-06-27T17:16:56Z,-1,0,0_bytes,159,3,2,256705
2026-06-27T17:21:56Z,-1,0,0_bytes,159,3,2,257006
2026-06-27T17:26:56Z,-1,0,0_bytes,159,3,2,257306
2026-06-27T17:31:57Z,-1,0,0_bytes,159,3,2,257606
2026-06-27T17:36:57Z,-1,0,0_bytes,159,3,2,257906
2026-06-27T17:41:57Z,-1,0,0_bytes,159,3,2,258207
2026-06-27T17:46:57Z,-1,0,0_bytes,159,3,2,258507
2026-06-27T17:51:58Z,-1,0,0_bytes,160,3,2,258807
2026-06-27T17:56:58Z,-1,0,0_bytes,160,3,2,259107
2026-06-27T18:01:58Z,-1,0,0_bytes,160,3,2,259408
2026-06-27T18:06:58Z,-1,0,0_bytes,160,3,2,259708
2026-06-27T18:11:58Z,-1,0,0_bytes,160,3,2,260008
2026-06-27T18:16:59Z,-1,0,0_bytes,160,3,2,260308
2026-06-27T18:21:59Z,-1,0,0_bytes,160,3,2,260609
2026-06-27T18:26:59Z,-1,0,0_bytes,160,3,2,260909
2026-06-27T18:31:59Z,-1,0,0_bytes,160,3,2,261209
2026-06-27T18:37:00Z,-1,0,0_bytes,160,3,2,261509
2026-06-27T18:42:00Z,-1,0,0_bytes,161,3,2,261810
2026-06-27T18:47:00Z,-1,0,0_bytes,161,3,2,262110
2026-06-27T18:52:00Z,-1,0,0_bytes,161,3,2,262410
2026-06-27T18:57:01Z,-1,0,0_bytes,161,3,2,262710
2026-06-27T19:02:01Z,-1,0,0_bytes,161,3,2,263010
2026-06-27T19:07:01Z,-1,0,0_bytes,161,3,2,263311
2026-06-27T19:12:01Z,-1,0,0_bytes,161,3,2,263611
2026-06-27T19:17:01Z,-1,0,0_bytes,161,3,2,263911
2026-06-27T19:22:02Z,-1,0,0_bytes,162,3,2,264211
2026-06-27T19:27:02Z,-1,0,0_bytes,162,3,2,264512
2026-06-27T19:32:02Z,-1,0,0_bytes,162,3,2,264812
2026-06-27T19:37:02Z,-1,0,0_bytes,162,3,2,265112
2026-06-27T19:42:03Z,-1,0,0_bytes,162,3,2,265412
2026-06-27T19:47:03Z,-1,0,0_bytes,162,3,2,265713
2026-06-27T19:52:03Z,-1,0,0_bytes,162,3,2,266013
2026-06-27T19:57:03Z,-1,0,0_bytes,162,3,2,266313
2026-06-27T20:02:04Z,-1,0,0_bytes,162,3,2,266613
2026-06-27T20:07:04Z,-1,0,0_bytes,162,3,2,266913
2026-06-27T20:12:04Z,-1,0,0_bytes,162,3,2,267214
2026-06-27T20:17:04Z,-1,0,0_bytes,162,3,2,267514
2026-06-27T20:22:04Z,-1,0,0_bytes,162,3,2,267814
2026-06-27T20:27:05Z,-1,0,0_bytes,162,3,2,268114
2026-06-27T20:32:05Z,-1,0,0_bytes,162,3,2,268414
2026-06-27T20:37:05Z,-1,0,0_bytes,162,3,2,268715
2026-06-27T20:42:05Z,-1,0,0_bytes,162,3,2,269015
2026-06-27T20:47:05Z,-1,0,0_bytes,163,3,2,269315
2026-06-27T20:52:06Z,-1,0,0_bytes,163,3,2,269615
2026-06-27T20:57:06Z,-1,0,0_bytes,163,3,2,269916
2026-06-27T21:02:06Z,-1,0,0_bytes,163,3,2,270216
2026-06-27T21:07:06Z,-1,0,0_bytes,163,3,2,270516
2026-06-27T21:12:07Z,-1,0,0_bytes,163,3,2,270816
2026-06-27T21:17:07Z,-1,0,0_bytes,163,3,2,271117
2026-06-27T21:22:07Z,-1,0,0_bytes,163,3,2,271417
2026-06-27T21:27:07Z,-1,0,0_bytes,163,3,2,271717
2026-06-27T21:32:08Z,-1,0,0_bytes,163,3,2,272017
2026-06-27T21:37:08Z,-1,0,0_bytes,163,3,2,272317
2026-06-27T21:42:08Z,-1,0,0_bytes,163,3,2,272618
2026-06-27T21:47:08Z,-1,0,0_bytes,163,3,2,272918
2026-06-27T21:52:08Z,-1,0,0_bytes,163,3,2,273218
2026-06-27T21:57:09Z,-1,0,0_bytes,163,3,2,273518
2026-06-27T22:02:09Z,-1,0,0_bytes,164,3,2,273819
2026-06-27T22:07:09Z,-1,0,0_bytes,164,3,2,274119
2026-06-27T22:12:09Z,-1,0,0_bytes,164,3,2,274419
2026-06-27T22:17:10Z,-1,0,0_bytes,164,3,2,274719
2026-06-27T22:22:10Z,-1,0,0_bytes,164,3,2,275019
2026-06-27T22:27:10Z,-1,0,0_bytes,164,3,2,275320
2026-06-27T22:32:10Z,-1,0,0_bytes,164,3,2,275620
2026-06-27T22:37:10Z,-1,0,0_bytes,164,3,2,275920
2026-06-27T22:42:11Z,-1,0,0_bytes,164,3,2,276220
2026-06-27T22:47:11Z,-1,0,0_bytes,165,3,2,276521
2026-06-27T22:52:11Z,-1,0,0_bytes,165,3,2,276821
2026-06-27T22:57:11Z,-1,0,0_bytes,165,3,2,277121
2026-06-27T23:02:12Z,-1,0,0_bytes,165,3,2,277421
2026-06-27T23:07:12Z,-1,0,0_bytes,165,3,2,277721
2026-06-27T23:12:12Z,-1,0,0_bytes,165,3,2,278022
2026-06-27T23:17:12Z,-1,0,0_bytes,165,3,2,278322
2026-06-27T23:22:12Z,-1,0,0_bytes,165,3,2,278622
2026-06-27T23:27:13Z,-1,0,0_bytes,165,3,2,278922
2026-06-27T23:32:13Z,-1,0,0_bytes,165,3,2,279222
2026-06-27T23:37:13Z,-1,0,0_bytes,165,3,2,279523
2026-06-27T23:42:13Z,-1,0,0_bytes,165,3,2,279823
2026-06-27T23:47:13Z,-1,0,0_bytes,165,3,2,280123
2026-06-27T23:52:14Z,-1,0,0_bytes,165,3,2,280423
2026-06-27T23:57:14Z,-1,0,0_bytes,165,3,2,280723
2026-06-28T00:02:14Z,-1,0,0_bytes,165,3,2,281024
2026-06-28T00:07:14Z,-1,0,0_bytes,165,3,2,281324
2026-06-28T00:12:14Z,-1,0,0_bytes,165,3,2,281624
2026-06-28T00:17:15Z,-1,0,0_bytes,165,3,1,281924
2026-06-28T00:22:15Z,-1,0,0_bytes,166,3,2,282225
2026-06-28T00:27:15Z,-1,0,0_bytes,166,3,2,282525
2026-06-28T00:32:15Z,-1,0,0_bytes,166,3,2,282825
2026-06-28T00:37:15Z,-1,0,0_bytes,166,3,2,283125
2026-06-28T00:42:16Z,-1,0,0_bytes,166,3,2,283425
2026-06-28T00:47:16Z,-1,0,0_bytes,166,3,2,283726
2026-06-28T00:52:16Z,-1,0,0_bytes,166,3,2,284026
2026-06-28T00:57:16Z,-1,0,0_bytes,167,3,2,284326
2026-06-28T01:02:17Z,-1,0,0_bytes,167,3,2,284626
2026-06-28T01:07:17Z,-1,0,0_bytes,167,3,2,284926
2026-06-28T01:12:17Z,-1,0,0_bytes,167,3,2,285227
2026-06-28T01:17:17Z,-1,0,0_bytes,167,3,2,285527
2026-06-28T01:22:17Z,-1,0,0_bytes,167,3,2,285827
2026-06-28T01:27:18Z,-1,0,0_bytes,167,3,2,286127
2026-06-28T01:32:18Z,-1,0,0_bytes,167,3,2,286427
2026-06-28T01:37:18Z,-1,0,0_bytes,167,3,2,286728
2026-06-28T01:42:18Z,-1,0,0_bytes,167,3,2,287028
2026-06-28T01:47:18Z,-1,0,0_bytes,167,3,2,287328
2026-06-28T01:52:19Z,-1,0,0_bytes,167,3,2,287628
2026-06-28T01:57:19Z,-1,0,0_bytes,167,3,2,287928
2026-06-28T02:02:19Z,-1,0,0_bytes,167,3,2,288229
2026-06-28T02:07:19Z,-1,0,0_bytes,167,3,2,288529
2026-06-28T02:12:19Z,-1,0,0_bytes,167,3,2,288829
2026-06-28T02:17:20Z,-1,0,0_bytes,167,3,2,289129
2026-06-28T02:22:20Z,-1,0,0_bytes,167,3,2,289430
2026-06-28T02:27:20Z,-1,0,0_bytes,167,3,2,289730
2026-06-28T02:32:20Z,-1,0,0_bytes,167,3,2,290030
2026-06-28T02:37:20Z,-1,0,0_bytes,167,3,2,290330
2026-06-28T02:42:21Z,-1,0,0_bytes,168,3,2,290630
2026-06-28T02:47:21Z,-1,0,0_bytes,168,3,2,290931
2026-06-28T02:52:21Z,-1,0,0_bytes,168,3,2,291231
2026-06-28T02:57:21Z,-1,0,0_bytes,168,3,2,291531
2026-06-28T03:02:22Z,-1,0,0_bytes,168,3,2,291831
2026-06-28T03:07:22Z,-1,0,0_bytes,168,3,2,292132
2026-06-28T03:12:22Z,-1,0,0_bytes,168,3,2,292432
2026-06-28T03:17:22Z,-1,0,0_bytes,168,3,2,292732
2026-06-28T03:22:22Z,-1,0,0_bytes,168,3,2,293032
2026-06-28T03:27:23Z,-1,0,0_bytes,168,3,2,293332
2026-06-28T03:32:23Z,-1,0,0_bytes,169,3,2,293633
2026-06-28T03:37:23Z,-1,0,0_bytes,169,3,2,293933
2026-06-28T03:42:23Z,-1,0,0_bytes,169,3,2,294233
2026-06-28T03:47:24Z,-1,0,0_bytes,169,3,2,294533
2026-06-28T03:52:24Z,-1,0,0_bytes,170,3,2,294833
2026-06-28T03:57:24Z,-1,0,0_bytes,170,3,2,295134
2026-06-28T04:02:24Z,-1,0,0_bytes,170,3,2,295434
2026-06-28T04:07:24Z,-1,0,0_bytes,170,3,2,295734
2026-06-28T04:12:25Z,-1,0,0_bytes,170,3,2,296034
2026-06-28T04:17:25Z,-1,0,0_bytes,170,3,2,296335
2026-06-28T04:22:25Z,-1,0,0_bytes,171,3,2,296635
2026-06-28T04:27:25Z,-1,0,0_bytes,171,3,2,296935
2026-06-28T04:32:26Z,-1,0,0_bytes,171,3,2,297235
2026-06-28T04:37:26Z,-1,0,0_bytes,171,3,2,297535
2026-06-28T04:42:26Z,-1,0,0_bytes,171,3,2,297836
2026-06-28T04:47:26Z,-1,0,0_bytes,171,3,2,298136
2026-06-28T04:52:26Z,-1,0,0_bytes,172,3,2,298436
2026-06-28T04:57:27Z,-1,0,0_bytes,172,3,2,298736
2026-06-28T05:02:27Z,-1,0,0_bytes,172,3,2,299036
2026-06-28T05:07:27Z,-1,0,0_bytes,172,3,2,299337
2026-06-28T05:12:27Z,-1,0,0_bytes,172,3,2,299637
2026-06-28T05:17:28Z,-1,0,0_bytes,173,3,2,299937
2026-06-28T05:22:28Z,-1,0,0_bytes,173,3,2,300238
2026-06-28T05:27:28Z,-1,0,0_bytes,173,3,2,300538
2026-06-28T05:32:28Z,-1,0,0_bytes,174,3,2,300838
2026-06-28T05:37:29Z,-1,0,0_bytes,174,3,2,301138
2026-06-28T05:42:29Z,-1,0,0_bytes,174,3,2,301439
2026-06-28T05:47:29Z,-1,0,0_bytes,174,3,2,301739
2026-06-28T05:52:29Z,-1,0,0_bytes,174,3,2,302039
2026-06-28T05:57:30Z,-1,0,0_bytes,174,3,2,302339
2026-06-28T06:02:30Z,-1,0,0_bytes,174,3,2,302640
2026-06-28T06:07:30Z,-1,0,0_bytes,174,3,2,302940
2026-06-28T06:12:30Z,-1,0,0_bytes,175,3,2,303240
2026-06-28T06:17:31Z,-1,0,0_bytes,175,3,2,303540
2026-06-28T06:22:31Z,-1,0,0_bytes,176,3,2,303841
2026-06-28T06:27:31Z,-1,0,0_bytes,176,3,2,304141
2026-06-28T06:32:31Z,-1,0,0_bytes,176,3,2,304441
2026-06-28T06:37:32Z,-1,0,0_bytes,176,3,2,304741
2026-06-28T06:42:32Z,-1,0,0_bytes,176,3,2,305041
2026-06-28T06:47:32Z,-1,0,0_bytes,176,3,2,305342
2026-06-28T06:52:32Z,-1,0,0_bytes,176,3,2,305642
2026-06-28T06:57:32Z,-1,0,0_bytes,176,3,2,305942
2026-06-28T07:02:33Z,-1,0,0_bytes,177,3,2,306242
2026-06-28T07:07:33Z,-1,0,0_bytes,177,3,2,306542
2026-06-28T07:12:33Z,-1,0,0_bytes,177,3,2,306843
2026-06-28T07:17:33Z,-1,0,0_bytes,177,3,2,307143
2026-06-28T07:22:33Z,-1,0,0_bytes,177,3,2,307443
2026-06-28T07:27:34Z,-1,0,0_bytes,177,3,2,307743
2026-06-28T07:32:34Z,-1,0,0_bytes,177,3,2,308043
2026-06-28T07:37:34Z,-1,0,0_bytes,177,3,2,308344
2026-06-28T07:42:34Z,-1,0,0_bytes,177,3,1,308644
2026-06-28T07:47:35Z,-1,0,0_bytes,178,3,2,308944
2026-06-28T07:52:35Z,-1,0,0_bytes,178,3,2,309244
2026-06-28T07:57:35Z,-1,0,0_bytes,179,3,2,309545
2026-06-28T08:02:35Z,-1,0,0_bytes,179,3,2,309845
2026-06-28T08:07:36Z,-1,0,0_bytes,179,3,2,310145
2026-06-28T08:12:36Z,-1,0,0_bytes,179,3,2,310446
2026-06-28T08:17:36Z,-1,0,0_bytes,179,3,2,310746
2026-06-28T08:22:36Z,-1,0,0_bytes,179,3,2,311046
2026-06-28T08:27:37Z,-1,0,0_bytes,180,3,2,311346
2026-06-28T08:32:37Z,-1,0,0_bytes,180,3,2,311646
2026-06-28T08:37:37Z,-1,0,0_bytes,180,3,2,311947
2026-06-28T08:42:37Z,-1,0,0_bytes,180,3,2,312247
2026-06-28T08:47:37Z,-1,0,0_bytes,181,3,2,312547
2026-06-28T08:52:38Z,-1,0,0_bytes,181,3,2,312847
2026-06-28T08:57:38Z,-1,0,0_bytes,181,3,2,313148
2026-06-28T09:02:38Z,-1,0,0_bytes,181,3,2,313448
2026-06-28T09:07:38Z,-1,0,0_bytes,181,3,2,313748
2026-06-28T09:12:39Z,-1,0,0_bytes,182,3,2,314048
2026-06-28T09:17:39Z,-1,0,0_bytes,182,3,2,314348
2026-06-28T09:22:39Z,-1,0,0_bytes,182,3,2,314649
2026-06-28T09:27:39Z,-1,0,0_bytes,182,3,2,314949
2026-06-28T09:32:39Z,-1,0,0_bytes,183,3,2,315249
2026-06-28T09:37:40Z,-1,0,0_bytes,183,3,2,315549
2026-06-28T09:42:40Z,-1,0,0_bytes,183,3,2,315850
2026-06-28T09:47:40Z,-1,0,0_bytes,183,3,2,316150
2026-06-28T09:52:40Z,-1,0,0_bytes,183,3,2,316450
2026-06-28T09:57:40Z,-1,0,0_bytes,183,3,2,316750
2026-06-28T10:02:41Z,-1,0,0_bytes,184,3,2,317050
2026-06-28T10:07:41Z,-1,0,0_bytes,184,3,2,317351
2026-06-28T10:12:41Z,-1,0,0_bytes,184,3,2,317651
2026-06-28T10:17:41Z,-1,0,0_bytes,184,3,2,317951
2026-06-28T10:22:42Z,-1,0,0_bytes,184,3,2,318251
2026-06-28T10:27:42Z,-1,0,0_bytes,185,3,2,318552
2026-06-28T10:32:42Z,-1,0,0_bytes,185,3,2,318852
2026-06-28T10:37:42Z,-1,0,0_bytes,186,3,2,319152
2026-06-28T10:42:43Z,-1,0,0_bytes,186,3,2,319452
2026-06-28T10:47:43Z,-1,0,0_bytes,186,3,2,319752
2026-06-28T10:52:43Z,-1,0,0_bytes,187,3,2,320053
2026-06-28T10:57:43Z,-1,0,0_bytes,187,3,2,320353
2026-06-28T11:02:43Z,-1,0,0_bytes,187,3,2,320653
2026-06-28T11:07:44Z,-1,0,0_bytes,187,3,2,320953
2026-06-28T11:12:44Z,-1,0,0_bytes,187,3,2,321253
2026-06-28T11:17:44Z,-1,0,0_bytes,187,3,2,321554
2026-06-28T11:22:44Z,-1,0,0_bytes,187,3,2,321854
2026-06-28T11:27:44Z,-1,0,0_bytes,187,3,2,322154
2026-06-28T11:32:45Z,-1,0,0_bytes,188,3,2,322454
2026-06-28T11:37:45Z,-1,0,0_bytes,188,3,2,322755
2026-06-28T11:42:45Z,-1,0,0_bytes,188,3,2,323055
2026-06-28T11:47:45Z,-1,0,0_bytes,188,3,2,323355
2026-06-28T11:52:45Z,-1,0,0_bytes,188,3,2,323655
2026-06-28T11:57:46Z,-1,0,0_bytes,188,3,2,323955
2026-06-28T12:02:46Z,-1,0,0_bytes,188,3,2,324256
2026-06-28T12:07:46Z,-1,0,0_bytes,188,3,2,324556
2026-06-28T12:12:46Z,-1,0,0_bytes,188,3,2,324856
2026-06-28T12:17:47Z,-1,0,0_bytes,188,3,2,325156
2026-06-28T12:22:47Z,-1,0,0_bytes,189,3,2,325457
2026-06-28T12:27:47Z,-1,0,0_bytes,190,3,2,325757
2026-06-28T12:32:47Z,-1,0,0_bytes,190,3,2,326057
2026-06-28T12:37:48Z,-1,0,0_bytes,190,3,2,326357
2026-06-28T12:42:48Z,-1,0,0_bytes,190,3,2,326657
2026-06-28T12:47:48Z,-1,0,0_bytes,190,3,2,326958
2026-06-28T12:52:48Z,-1,0,0_bytes,190,3,2,327258
2026-06-28T12:57:49Z,-1,0,0_bytes,190,3,2,327558
2026-06-28T13:02:49Z,-1,0,0_bytes,191,3,2,327858
2026-06-28T13:07:49Z,-1,0,0_bytes,191,3,2,328159
2026-06-28T13:12:49Z,-1,0,0_bytes,192,3,2,328459
2026-06-28T13:17:49Z,-1,0,0_bytes,192,3,2,328759
2026-06-28T13:22:50Z,-1,0,0_bytes,192,3,2,329059
2026-06-28T13:27:50Z,-1,0,0_bytes,192,3,2,329359
2026-06-28T13:32:50Z,-1,0,0_bytes,192,3,2,329660
2026-06-28T13:37:50Z,-1,0,0_bytes,192,3,2,329960
2026-06-28T13:42:51Z,-1,0,0_bytes,193,3,2,330260
2026-06-28T13:47:51Z,-1,0,0_bytes,193,3,2,330561
2026-06-28T13:52:51Z,-1,0,0_bytes,194,3,2,330861
2026-06-28T13:57:51Z,-1,0,0_bytes,194,3,2,331161
2026-06-28T14:02:52Z,-1,0,0_bytes,195,3,2,331461
2026-06-28T14:07:52Z,-1,0,0_bytes,195,3,2,331761
2026-06-28T14:12:52Z,-1,0,0_bytes,195,3,2,332062
2026-06-28T14:17:52Z,-1,0,0_bytes,195,3,2,332362
2026-06-28T14:22:52Z,-1,0,0_bytes,196,3,2,332662
2026-06-28T14:27:53Z,-1,0,0_bytes,196,3,2,332962
2026-06-28T14:32:53Z,-1,0,0_bytes,196,3,2,333263
2026-06-28T14:37:53Z,-1,0,0_bytes,196,3,2,333563
2026-06-28T14:42:53Z,-1,0,0_bytes,196,3,2,333863
2026-06-28T14:47:53Z,-1,0,0_bytes,196,3,2,334163
2026-06-28T14:52:54Z,-1,0,0_bytes,196,3,2,334463
2026-06-28T14:57:54Z,-1,0,0_bytes,196,3,2,334764
2026-06-28T15:02:54Z,-1,0,0_bytes,196,3,2,335064
2026-06-28T15:07:54Z,-1,0,0_bytes,196,3,2,335364
2026-06-28T15:12:55Z,-1,0,0_bytes,196,3,2,335664
2026-06-28T15:17:55Z,-1,0,0_bytes,197,3,2,335965
2026-06-28T15:22:55Z,-1,0,0_bytes,197,3,2,336265
2026-06-28T15:27:55Z,-1,0,0_bytes,198,3,2,336565
2026-06-28T15:32:56Z,-1,0,0_bytes,198,3,2,336865
2026-06-28T15:37:56Z,-1,0,0_bytes,198,3,2,337166
2026-06-28T15:42:56Z,-1,0,0_bytes,198,3,2,337466
2026-06-28T15:47:56Z,-1,0,0_bytes,198,3,2,337766
2026-06-28T15:52:57Z,-1,0,0_bytes,198,3,2,338066
2026-06-28T15:57:57Z,-1,0,0_bytes,199,3,2,338366
2026-06-28T16:02:57Z,-1,0,0_bytes,199,3,2,338667
2026-06-28T16:07:57Z,-1,0,0_bytes,200,3,2,338967
2026-06-28T16:12:57Z,-1,0,0_bytes,200,3,2,339267
2026-06-28T16:17:58Z,-1,0,0_bytes,200,3,2,339567
2026-06-28T16:22:58Z,-1,0,0_bytes,200,3,2,339867
2026-06-28T16:27:58Z,-1,0,0_bytes,200,3,2,340168
2026-06-28T16:32:58Z,-1,0,0_bytes,200,3,2,340468
2026-06-28T16:37:58Z,-1,0,0_bytes,200,3,2,340768
2026-06-28T16:42:59Z,-1,0,0_bytes,200,3,2,341068
2026-06-28T16:47:59Z,-1,0,0_bytes,200,3,2,341369
2026-06-28T16:52:59Z,-1,0,0_bytes,200,3,2,341669
2026-06-28T16:57:59Z,-1,0,0_bytes,201,3,2,341969
2026-06-28T17:03:00Z,-1,0,0_bytes,202,3,2,342269
2026-06-28T17:08:00Z,-1,0,0_bytes,202,3,2,342570
2026-06-28T17:13:00Z,-1,0,0_bytes,202,3,2,342870
2026-06-28T17:18:00Z,-1,0,0_bytes,202,3,2,343170
2026-06-28T17:23:01Z,-1,0,0_bytes,202,3,2,343470
2026-06-28T17:28:01Z,-1,0,0_bytes,202,3,2,343771
2026-06-28T17:33:01Z,-1,0,0_bytes,202,3,2,344071
2026-06-28T17:38:01Z,-1,0,0_bytes,203,3,2,344372
2026-06-28T17:43:02Z,-1,0,0_bytes,203,3,2,344672
2026-06-28T17:48:02Z,-1,0,0_bytes,203,3,2,344972
2026-06-28T17:53:03Z,-1,0,0_bytes,203,3,2,345272
2026-06-28T17:58:03Z,-1,0,0_bytes,203,3,2,345573
2026-06-28T18:03:03Z,-1,0,0_bytes,203,3,2,345873
2026-06-28T18:08:03Z,-1,0,0_bytes,204,3,2,346173
2026-06-28T18:13:03Z,-1,0,0_bytes,204,3,2,346473
2026-06-28T18:18:04Z,-1,0,0_bytes,204,3,2,346773
2026-06-28T18:23:04Z,-1,0,0_bytes,204,3,2,347074
2026-06-28T18:28:04Z,-1,0,0_bytes,204,3,2,347374
2026-06-28T18:33:04Z,-1,0,0_bytes,205,3,2,347674
2026-06-28T18:38:05Z,-1,0,0_bytes,205,3,2,347974
2026-06-28T18:43:05Z,-1,0,0_bytes,205,3,2,348274
2026-06-28T18:48:05Z,-1,0,0_bytes,205,3,2,348575
2026-06-28T18:53:05Z,-1,0,0_bytes,205,3,2,348875
2026-06-28T18:58:05Z,-1,0,0_bytes,205,3,2,349175
2026-06-28T19:03:06Z,-1,0,0_bytes,205,3,2,349475
2026-06-28T19:08:06Z,-1,0,0_bytes,205,3,2,349776
2026-06-28T19:13:06Z,-1,0,0_bytes,206,3,2,350076
2026-06-28T19:18:06Z,-1,0,0_bytes,206,3,2,350376
2026-06-28T19:23:07Z,-1,0,0_bytes,206,3,2,350676
2026-06-28T19:28:07Z,-1,0,0_bytes,206,3,2,350976
2026-06-28T19:33:07Z,-1,0,0_bytes,206,3,2,351277
2026-06-28T19:38:07Z,-1,0,0_bytes,206,3,2,351577
2026-06-28T19:43:07Z,-1,0,0_bytes,206,3,2,351877
2026-06-28T19:48:08Z,-1,0,0_bytes,206,3,2,352177
2026-06-28T19:53:08Z,-1,0,0_bytes,206,3,2,352478
2026-06-28T19:58:08Z,-1,0,0_bytes,207,3,2,352778
2026-06-28T20:03:08Z,-1,0,0_bytes,207,3,2,353078
2026-06-28T20:08:09Z,-1,0,0_bytes,207,3,2,353378
2026-06-28T20:13:09Z,-1,0,0_bytes,207,3,2,353679
2026-06-28T20:18:09Z,-1,0,0_bytes,207,3,2,353979
2026-06-28T20:23:09Z,-1,0,0_bytes,207,3,2,354279
2026-06-28T20:28:10Z,-1,0,0_bytes,207,3,2,354579
2026-06-28T20:33:10Z,-1,0,0_bytes,207,3,2,354880
2026-06-28T20:38:10Z,-1,0,0_bytes,208,3,2,355180
2026-06-28T20:43:10Z,-1,0,0_bytes,208,3,2,355480
2026-06-28T20:48:11Z,-1,0,0_bytes,208,3,2,355780
2026-06-28T20:53:11Z,-1,0,0_bytes,208,3,2,356080
2026-06-28T20:58:11Z,-1,0,0_bytes,208,3,2,356381
2026-06-28T21:03:11Z,-1,0,0_bytes,208,3,2,356681
2026-06-28T21:08:11Z,-1,0,0_bytes,208,3,2,356981
2026-06-28T21:13:12Z,-1,0,0_bytes,208,3,2,357281
2026-06-28T21:18:12Z,-1,0,0_bytes,209,3,2,357581
2026-06-28T21:23:12Z,-1,0,0_bytes,209,3,2,357882
2026-06-28T21:28:12Z,-1,0,0_bytes,209,3,2,358182
2026-06-28T21:33:12Z,-1,0,0_bytes,209,3,2,358482
2026-06-28T21:38:13Z,-1,0,0_bytes,209,3,2,358782
2026-06-28T21:43:13Z,-1,0,0_bytes,209,3,2,359082
2026-06-28T21:48:13Z,-1,0,0_bytes,209,3,2,359383
2026-06-28T21:53:13Z,-1,0,0_bytes,209,3,1,359683
2026-06-28T21:58:13Z,-1,0,0_bytes,210,3,2,359983
2026-06-28T22:03:14Z,-1,0,0_bytes,210,3,2,360283
2026-06-28T22:08:14Z,-1,0,0_bytes,210,3,2,360584
2026-06-28T22:13:14Z,-1,0,0_bytes,210,3,2,360884
2026-06-28T22:18:14Z,-1,0,0_bytes,210,3,2,361184
2026-06-28T22:23:15Z,-1,0,0_bytes,210,3,2,361484
2026-06-28T22:28:15Z,-1,0,0_bytes,211,3,2,361785
2026-06-28T22:33:15Z,-1,0,0_bytes,211,3,2,362085
2026-06-28T22:38:15Z,-1,0,0_bytes,211,3,2,362385
2026-06-28T22:43:16Z,-1,0,0_bytes,211,3,2,362685
2026-06-28T22:48:16Z,-1,0,0_bytes,211,3,2,362986
2026-06-28T22:53:16Z,-1,0,0_bytes,211,3,2,363286
2026-06-28T22:58:16Z,-1,0,0_bytes,211,3,2,363586
2026-06-28T23:03:16Z,-1,0,0_bytes,211,3,2,363886
2026-06-28T23:08:17Z,-1,0,0_bytes,211,3,2,364186
2026-06-28T23:13:17Z,-1,0,0_bytes,211,3,2,364487
2026-06-28T23:18:17Z,-1,0,0_bytes,212,3,2,364787
2026-06-28T23:23:17Z,-1,0,0_bytes,212,3,2,365087
2026-06-28T23:28:18Z,-1,0,0_bytes,212,3,2,365387
2026-06-28T23:33:18Z,-1,0,0_bytes,212,3,2,365687
2026-06-28T23:38:18Z,-1,0,0_bytes,212,3,2,365988
2026-06-28T23:43:18Z,-1,0,0_bytes,212,3,2,366288
2026-06-28T23:48:18Z,-1,0,0_bytes,212,3,2,366588
2026-06-28T23:53:19Z,-1,0,0_bytes,212,3,2,366888
2026-06-28T23:58:19Z,-1,0,0_bytes,212,3,1,367189
2026-06-29T00:03:19Z,-1,0,0_bytes,213,3,2,367489
2026-06-29T00:08:19Z,-1,0,0_bytes,214,3,2,367789
2026-06-29T00:13:20Z,-1,0,0_bytes,214,3,2,368089
2026-06-29T00:18:20Z,-1,0,0_bytes,214,3,2,368390
2026-06-29T00:23:20Z,-1,0,0_bytes,214,3,2,368690
2026-06-29T00:28:20Z,-1,0,0_bytes,214,3,2,368990
2026-06-29T00:33:21Z,-1,0,0_bytes,214,3,2,369290
2026-06-29T00:38:21Z,-1,0,0_bytes,214,3,2,369590
2026-06-29T00:43:21Z,-1,0,0_bytes,214,3,2,369891
2026-06-29T00:48:21Z,-1,0,0_bytes,214,3,2,370191
2026-06-29T00:53:21Z,-1,0,0_bytes,215,3,2,370491
2026-06-29T00:58:22Z,-1,0,0_bytes,215,3,2,370791
2026-06-29T01:03:22Z,-1,0,0_bytes,215,3,2,371092
2026-06-29T01:08:22Z,-1,0,0_bytes,215,3,2,371392
2026-06-29T01:13:23Z,-1,0,0_bytes,216,3,2,371692
2026-06-29T01:18:23Z,-1,0,0_bytes,216,3,2,371993
2026-06-29T01:23:23Z,-1,0,0_bytes,216,3,2,372293
2026-06-29T01:28:23Z,-1,0,0_bytes,216,3,2,372593
2026-06-29T01:33:24Z,-1,0,0_bytes,216,3,1,372893
2026-06-29T01:38:24Z,-1,0,0_bytes,217,3,2,373194
2026-06-29T01:43:24Z,-1,0,0_bytes,217,3,2,373494
2026-06-29T01:48:24Z,-1,0,0_bytes,217,3,2,373794
2026-06-29T01:53:25Z,-1,0,0_bytes,217,3,2,374094
2026-06-29T01:58:25Z,-1,0,0_bytes,218,3,2,374394
2026-06-29T02:03:25Z,-1,0,0_bytes,218,3,2,374695
2026-06-29T02:08:25Z,-1,0,0_bytes,218,3,2,374995
2026-06-29T02:13:26Z,-1,0,0_bytes,218,3,2,375295
2026-06-29T02:18:26Z,-1,0,0_bytes,218,3,2,375595
2026-06-29T02:23:26Z,-1,0,0_bytes,218,3,2,375896
2026-06-29T02:28:26Z,-1,0,0_bytes,218,3,2,376196
2026-06-29T02:33:26Z,-1,0,0_bytes,218,3,2,376496
2026-06-29T02:38:27Z,-1,0,0_bytes,219,3,2,376796
2026-06-29T02:43:27Z,-1,0,0_bytes,219,3,2,377096
2026-06-29T02:48:27Z,-1,0,0_bytes,219,3,2,377397
2026-06-29T02:53:27Z,-1,0,0_bytes,219,3,2,377697
2026-06-29T02:58:28Z,-1,0,0_bytes,221,3,2,377997
2026-06-29T03:03:28Z,-1,0,0_bytes,221,3,2,378297
2026-06-29T03:08:28Z,-1,0,0_bytes,221,3,2,378598
2026-06-29T03:13:28Z,-1,0,0_bytes,221,3,2,378898
2026-06-29T03:18:28Z,-1,0,0_bytes,221,3,2,379198
2026-06-29T03:23:29Z,-1,0,0_bytes,221,3,2,379498
2026-06-29T03:28:29Z,-1,0,0_bytes,222,3,2,379798
2026-06-29T03:33:29Z,-1,0,0_bytes,222,3,2,380099
2026-06-29T03:38:29Z,-1,0,0_bytes,222,3,2,380399
2026-06-29T03:43:29Z,-1,0,0_bytes,222,3,2,380699
2026-06-29T03:48:30Z,-1,0,0_bytes,223,3,2,380999
2026-06-29T03:53:30Z,-1,0,0_bytes,223,3,2,381300
2026-06-29T03:58:30Z,-1,0,0_bytes,223,3,2,381600
2026-06-29T04:03:30Z,-1,0,0_bytes,223,3,2,381900
2026-06-29T04:08:30Z,-1,0,0_bytes,223,3,2,382200
2026-06-29T04:13:31Z,-1,0,0_bytes,223,3,2,382500
2026-06-29T04:18:31Z,-1,0,0_bytes,223,3,2,382801
2026-06-29T04:23:31Z,-1,0,0_bytes,223,3,2,383101
2026-06-29T04:28:31Z,-1,0,0_bytes,225,3,2,383401
2026-06-29T04:33:32Z,-1,0,0_bytes,225,3,2,383701
2026-06-29T04:38:32Z,-1,0,0_bytes,225,3,2,384001
2026-06-29T04:43:32Z,-1,0,0_bytes,225,3,2,384302
2026-06-29T04:48:32Z,-1,0,0_bytes,225,3,2,384602
2026-06-29T04:53:32Z,-1,0,0_bytes,225,3,2,384902
2026-06-29T04:58:33Z,-1,0,0_bytes,225,3,2,385202
2026-06-29T05:03:33Z,-1,0,0_bytes,226,3,2,385503
2026-06-29T05:08:33Z,-1,0,0_bytes,226,3,2,385803
2026-06-29T05:13:33Z,-1,0,0_bytes,226,3,2,386103
2026-06-29T05:18:33Z,-1,0,0_bytes,226,3,2,386403
2026-06-29T05:23:34Z,-1,0,0_bytes,226,3,2,386703
2026-06-29T05:28:34Z,-1,0,0_bytes,226,3,2,387004
2026-06-29T05:33:34Z,-1,0,0_bytes,226,3,2,387304
2026-06-29T05:38:35Z,-1,0,0_bytes,226,3,2,387604
2026-06-29T05:43:35Z,-1,0,0_bytes,226,3,2,387904
2026-06-29T05:48:35Z,-1,0,0_bytes,226,3,2,388205
2026-06-29T05:53:35Z,-1,0,0_bytes,227,3,2,388505
2026-06-29T05:58:35Z,-1,0,0_bytes,227,3,2,388805
2026-06-29T06:03:36Z,-1,0,0_bytes,227,3,2,389105
2026-06-29T06:08:36Z,-1,0,0_bytes,227,3,2,389406
2026-06-29T06:13:36Z,-1,0,0_bytes,228,3,2,389706
2026-06-29T06:18:36Z,-1,0,0_bytes,228,3,2,390006
2026-06-29T06:23:37Z,-1,0,0_bytes,228,3,2,390306
2026-06-29T06:28:37Z,-1,0,0_bytes,228,3,2,390607
2026-06-29T06:33:37Z,-1,0,0_bytes,228,3,2,390907
2026-06-29T06:38:37Z,-1,0,0_bytes,228,3,2,391207
2026-06-29T06:43:38Z,-1,0,0_bytes,229,3,2,391507
2026-06-29T06:48:38Z,-1,0,0_bytes,229,3,2,391807
2026-06-29T06:53:38Z,-1,0,0_bytes,229,3,2,392108
2026-06-29T06:58:38Z,-1,0,0_bytes,230,3,2,392408
2026-06-29T07:03:38Z,-1,0,0_bytes,230,3,2,392708
2026-06-29T07:08:39Z,-1,0,0_bytes,230,3,2,393008
2026-06-29T07:13:39Z,-1,0,0_bytes,230,3,2,393309
2026-06-29T07:18:39Z,-1,0,0_bytes,230,3,2,393609
2026-06-29T07:23:39Z,-1,0,0_bytes,230,3,2,393909
2026-06-29T07:28:40Z,-1,0,0_bytes,231,3,2,394209
2026-06-29T07:33:40Z,-1,0,0_bytes,231,3,2,394510
2026-06-29T07:38:40Z,-1,0,0_bytes,231,3,2,394810
2026-06-29T07:43:40Z,-1,0,0_bytes,231,3,2,395110
2026-06-29T07:48:41Z,-1,0,0_bytes,231,3,2,395410
2026-06-29T07:53:41Z,-1,0,0_bytes,231,3,2,395710
2026-06-29T07:58:41Z,-1,0,0_bytes,231,3,2,396011
2026-06-29T08:03:41Z,-1,0,0_bytes,231,3,2,396311
2026-06-29T08:08:41Z,-1,0,0_bytes,232,3,2,396611
2026-06-29T08:13:42Z,-1,0,0_bytes,232,3,2,396911
2026-06-29T08:18:42Z,-1,0,0_bytes,232,3,2,397212
2026-06-29T08:23:42Z,-1,0,0_bytes,233,3,2,397512
2026-06-29T08:28:42Z,-1,0,0_bytes,233,3,2,397812
2026-06-29T08:33:43Z,-1,0,0_bytes,233,3,2,398112
2026-06-29T08:38:43Z,-1,0,0_bytes,233,3,2,398412
2026-06-29T08:43:43Z,-1,0,0_bytes,233,3,2,398713
2026-06-29T08:48:43Z,-1,0,0_bytes,233,3,2,399013
2026-06-29T08:53:44Z,-1,0,0_bytes,233,3,2,399313
2026-06-29T08:58:44Z,-1,0,0_bytes,234,3,2,399613
2026-06-29T09:03:44Z,-1,0,0_bytes,234,3,2,399914
2026-06-29T09:08:44Z,-1,0,0_bytes,234,3,2,400214
2026-06-29T09:13:44Z,-1,0,0_bytes,235,3,2,400514
2026-06-29T09:18:45Z,-1,0,0_bytes,235,3,2,400814
2026-06-29T09:23:45Z,-1,0,0_bytes,235,3,2,401115
2026-06-29T09:28:45Z,-1,0,0_bytes,235,3,2,401415
2026-06-29T09:33:45Z,-1,0,0_bytes,235,3,2,401715
2026-06-29T09:38:45Z,-1,0,0_bytes,235,3,2,402015
2026-06-29T09:43:46Z,-1,0,0_bytes,235,3,2,402315
2026-06-29T09:48:46Z,-1,0,0_bytes,235,3,2,402616
2026-06-29T09:53:46Z,-1,0,0_bytes,235,3,2,402916
2026-06-29T09:58:46Z,-1,0,0_bytes,236,3,2,403216
2026-06-29T10:03:47Z,-1,0,0_bytes,236,3,2,403516
2026-06-29T10:08:47Z,-1,0,0_bytes,236,3,2,403816
2026-06-29T10:13:47Z,-1,0,0_bytes,237,3,2,404117
2026-06-29T10:18:47Z,-1,0,0_bytes,237,3,2,404417
2026-06-29T10:23:47Z,-1,0,0_bytes,237,3,2,404717
2026-06-29T10:28:48Z,-1,0,0_bytes,237,3,2,405017
2026-06-29T10:33:48Z,-1,0,0_bytes,237,3,2,405318
2026-06-29T10:38:48Z,-1,0,0_bytes,237,3,2,405618
2026-06-29T10:43:48Z,-1,0,0_bytes,238,3,2,405918
2026-06-29T10:48:49Z,-1,0,0_bytes,238,3,2,406218
2026-06-29T10:53:49Z,-1,0,0_bytes,238,3,2,406519
2026-06-29T10:58:49Z,-1,0,0_bytes,238,3,2,406819
2026-06-29T11:03:49Z,-1,0,0_bytes,238,3,2,407119
2026-06-29T11:08:50Z,-1,0,0_bytes,238,3,2,407419
2026-06-29T11:13:50Z,-1,0,0_bytes,239,3,2,407720
2026-06-29T11:18:50Z,-1,0,0_bytes,240,3,2,408020
2026-06-29T11:23:50Z,-1,0,0_bytes,240,3,2,408320
2026-06-29T11:28:51Z,-1,0,0_bytes,240,3,2,408620
2026-06-29T11:33:51Z,-1,0,0_bytes,240,3,2,408920
2026-06-29T11:38:51Z,-1,0,0_bytes,240,3,2,409221
2026-06-29T11:43:51Z,-1,0,0_bytes,240,3,2,409521
2026-06-29T11:48:51Z,-1,0,0_bytes,240,3,2,409821
2026-06-29T11:53:52Z,-1,0,0_bytes,240,3,2,410121
2026-06-29T11:58:52Z,-1,0,0_bytes,241,3,2,410421
2026-06-29T12:03:52Z,-1,0,0_bytes,242,3,2,410722
2026-06-29T12:08:52Z,-1,0,0_bytes,242,3,2,411022
2026-06-29T12:13:52Z,-1,0,0_bytes,242,3,2,411322
2026-06-29T12:18:53Z,-1,0,0_bytes,242,3,2,411622
2026-06-29T12:23:53Z,-1,0,0_bytes,242,3,2,411923
2026-06-29T12:28:53Z,-1,0,0_bytes,242,3,2,412223
2026-06-29T12:33:53Z,-1,0,0_bytes,243,3,2,412523
2026-06-29T12:38:53Z,-1,0,0_bytes,243,3,2,412823
2026-06-29T12:43:54Z,-1,0,0_bytes,243,3,2,413123
2026-06-29T12:48:54Z,-1,0,0_bytes,243,3,2,413424
2026-06-29T12:53:54Z,-1,0,0_bytes,244,3,2,413724
2026-06-29T12:58:54Z,-1,0,0_bytes,244,3,2,414024
2026-06-29T13:03:55Z,-1,0,0_bytes,244,3,2,414324
2026-06-29T13:08:55Z,-1,0,0_bytes,244,3,2,414624
2026-06-29T13:13:55Z,-1,0,0_bytes,244,3,2,414925
2026-06-29T13:18:55Z,-1,0,0_bytes,244,3,2,415225
2026-06-29T13:23:55Z,-1,0,0_bytes,244,3,2,415525
2026-06-29T13:28:56Z,-1,0,0_bytes,244,3,2,415825
2026-06-29T13:33:56Z,-1,0,0_bytes,244,3,2,416126
2026-06-29T13:38:56Z,-1,0,0_bytes,245,3,2,416426
2026-06-29T13:43:56Z,-1,0,0_bytes,245,3,2,416726
2026-06-29T13:48:57Z,-1,0,0_bytes,245,3,2,417026
2026-06-29T13:53:57Z,-1,0,0_bytes,245,3,2,417326
2026-06-29T13:58:57Z,-1,0,0_bytes,245,3,2,417627
2026-06-29T14:03:57Z,-1,0,0_bytes,245,3,2,417927
2026-06-29T14:08:57Z,-1,0,0_bytes,245,3,2,418227
2026-06-29T14:13:58Z,-1,0,0_bytes,245,3,2,418527
2026-06-29T14:18:58Z,-1,0,0_bytes,245,3,2,418827
2026-06-29T14:23:58Z,-1,0,0_bytes,245,3,2,419128
2026-06-29T14:28:58Z,-1,0,0_bytes,245,3,2,419428
2026-06-29T14:33:58Z,-1,0,0_bytes,246,3,2,419728
2026-06-29T14:38:59Z,-1,0,0_bytes,246,3,2,420028
2026-06-29T14:43:59Z,-1,0,0_bytes,246,3,2,420329
2026-06-29T14:48:59Z,-1,0,0_bytes,247,3,2,420629
2026-06-29T14:53:59Z,-1,0,0_bytes,247,3,2,420929
2026-06-29T14:59:00Z,-1,0,0_bytes,247,3,2,421229
2026-06-29T15:04:00Z,-1,0,0_bytes,247,3,2,421530
2026-06-29T15:09:00Z,-1,0,0_bytes,247,3,2,421830
2026-06-29T15:14:00Z,-1,0,0_bytes,247,3,2,422130
2026-06-29T15:19:01Z,-1,0,0_bytes,247,3,2,422430
2026-06-29T15:24:01Z,-1,0,0_bytes,247,3,2,422731
2026-06-29T15:29:01Z,-1,0,0_bytes,247,3,2,423031
2026-06-29T15:34:01Z,-1,0,0_bytes,248,3,2,423331
2026-06-29T15:39:02Z,-1,0,0_bytes,249,3,2,423631
2026-06-29T15:44:02Z,-1,0,0_bytes,249,3,2,423932
2026-06-29T15:49:02Z,-1,0,0_bytes,249,3,2,424232
2026-06-29T15:54:02Z,-1,0,0_bytes,249,3,2,424532
2026-06-29T15:59:03Z,-1,0,0_bytes,249,3,2,424832
2026-06-29T16:04:03Z,-1,0,0_bytes,249,3,2,425133
2026-06-29T16:09:03Z,-1,0,0_bytes,249,3,2,425433
2026-06-29T16:14:03Z,-1,0,0_bytes,249,3,2,425733
2026-06-29T16:19:04Z,-1,0,0_bytes,250,3,2,426033
2026-06-29T16:24:04Z,-1,0,0_bytes,250,3,2,426334
2026-06-29T16:29:04Z,-1,0,0_bytes,251,3,2,426634
2026-06-29T16:34:04Z,-1,0,0_bytes,251,3,2,426934
2026-06-29T16:39:05Z,-1,0,0_bytes,251,3,2,427234
2026-06-29T16:44:05Z,-1,0,0_bytes,251,3,2,427534
2026-06-29T16:49:05Z,-1,0,0_bytes,251,3,2,427835
2026-06-29T16:54:05Z,-1,0,0_bytes,251,3,2,428135
2026-06-29T16:59:06Z,-1,0,0_bytes,251,3,2,428435
2026-06-29T17:04:06Z,-1,0,0_bytes,251,3,2,428735
2026-06-29T17:09:06Z,-1,0,0_bytes,251,3,2,429036
2026-06-29T17:14:06Z,-1,0,0_bytes,252,3,2,429336
2026-06-29T17:19:07Z,-1,0,0_bytes,253,3,2,429636
2026-06-29T17:24:07Z,-1,0,0_bytes,253,3,2,429936
2026-06-29T17:29:07Z,-1,0,0_bytes,253,3,2,430237
2026-06-29T17:34:07Z,-1,0,0_bytes,253,3,2,430537
2026-06-29T17:39:07Z,-1,0,0_bytes,253,3,2,430837
2026-06-29T17:44:08Z,-1,0,0_bytes,253,3,2,431137
2026-06-29T17:49:08Z,-1,0,0_bytes,253,3,2,431438
2026-06-29T17:54:08Z,-1,0,0_bytes,254,3,2,431738
2026-06-29T17:59:08Z,-1,0,0_bytes,254,3,2,432038
2026-06-29T18:04:09Z,-1,0,0_bytes,255,3,2,432338
2026-06-29T18:09:09Z,-1,0,0_bytes,255,3,2,432638
2026-06-29T18:14:09Z,-1,0,0_bytes,256,3,2,432939
2026-06-29T18:19:09Z,-1,0,0_bytes,256,3,2,433239
2026-06-29T18:24:09Z,-1,0,0_bytes,256,3,2,433539
2026-06-29T18:29:10Z,-1,0,0_bytes,256,3,2,433839
2026-06-29T18:34:10Z,-1,0,0_bytes,257,3,2,434140
2026-06-29T18:39:10Z,-1,0,0_bytes,257,3,2,434440
2026-06-29T18:44:10Z,-1,0,0_bytes,257,3,2,434740
2026-06-29T18:49:11Z,-1,0,0_bytes,257,3,2,435040
2026-06-29T18:54:11Z,-1,0,0_bytes,257,3,2,435341
2026-06-29T18:59:11Z,-1,0,0_bytes,257,3,2,435641
2026-06-29T19:04:11Z,-1,0,0_bytes,257,3,2,435941
2026-06-29T19:09:12Z,-1,0,0_bytes,258,3,2,436241
2026-06-29T19:14:12Z,-1,0,0_bytes,258,3,2,436541
2026-06-29T19:19:12Z,-1,0,0_bytes,258,3,2,436842
2026-06-29T19:24:12Z,-1,0,0_bytes,258,3,2,437142
2026-06-29T19:29:12Z,-1,0,0_bytes,259,3,2,437442
2026-06-29T19:34:13Z,-1,0,0_bytes,259,3,2,437742
2026-06-29T19:39:13Z,-1,0,0_bytes,259,3,2,438043
2026-06-29T19:44:13Z,-1,0,0_bytes,259,3,2,438343
2026-06-29T19:49:13Z,-1,0,0_bytes,260,3,2,438643
2026-06-29T19:54:14Z,-1,0,0_bytes,260,3,2,438943
2026-06-29T19:59:14Z,-1,0,0_bytes,260,3,2,439243
2026-06-29T20:04:14Z,-1,0,0_bytes,260,3,2,439544
2026-06-29T20:09:14Z,-1,0,0_bytes,260,3,2,439844
2026-06-29T20:14:14Z,-1,0,0_bytes,260,3,2,440144
2026-06-29T20:19:15Z,-1,0,0_bytes,261,3,2,440444
2026-06-29T20:24:15Z,-1,0,0_bytes,261,3,2,440745
2026-06-29T20:29:15Z,-1,0,0_bytes,261,3,2,441045
2026-06-29T20:34:15Z,-1,0,0_bytes,262,3,2,441345
2026-06-29T20:39:16Z,-1,0,0_bytes,262,3,2,441645
2026-06-29T20:44:16Z,-1,0,0_bytes,262,3,2,441946
2026-06-29T20:49:16Z,-1,0,0_bytes,262,3,2,442246
2026-06-29T20:54:16Z,-1,0,0_bytes,262,3,2,442546
2026-06-29T20:59:17Z,-1,0,0_bytes,262,3,2,442846
2026-06-29T21:04:17Z,-1,0,0_bytes,262,3,2,443146
2026-06-29T21:09:17Z,-1,0,0_bytes,262,3,2,443447
2026-06-29T21:14:17Z,-1,0,0_bytes,262,3,2,443747
2026-06-29T21:19:17Z,-1,0,0_bytes,263,3,2,444047
2026-06-29T21:24:18Z,-1,0,0_bytes,263,3,2,444347
2026-06-29T21:29:18Z,-1,0,0_bytes,264,3,2,444647
2026-06-29T21:34:18Z,-1,0,0_bytes,264,3,2,444948
2026-06-29T21:39:18Z,-1,0,0_bytes,264,3,2,445248
2026-06-29T21:44:19Z,-1,0,0_bytes,264,3,2,445548
2026-06-29T21:49:19Z,-1,0,0_bytes,264,3,2,445849
2026-06-29T21:54:19Z,-1,0,0_bytes,264,3,2,446149
2026-06-29T21:59:19Z,-1,0,0_bytes,264,3,2,446449
2026-06-29T22:04:20Z,-1,0,0_bytes,264,3,2,446749
2026-06-29T22:09:20Z,-1,0,0_bytes,264,3,2,447050
2026-06-29T22:14:20Z,-1,0,0_bytes,265,3,2,447350
2026-06-29T22:19:20Z,-1,0,0_bytes,265,3,2,447650
2026-06-29T22:24:20Z,-1,0,0_bytes,265,3,2,447950
2026-06-29T22:29:21Z,-1,0,0_bytes,265,3,2,448250
2026-06-29T22:34:21Z,-1,0,0_bytes,265,3,2,448551
2026-06-29T22:39:21Z,-1,0,0_bytes,265,3,2,448851
2026-06-29T22:44:21Z,-1,0,0_bytes,265,3,2,449151
2026-06-29T22:49:22Z,-1,0,0_bytes,266,3,2,449451
2026-06-29T22:54:22Z,-1,0,0_bytes,266,3,2,449751
2026-06-29T22:59:22Z,-1,0,0_bytes,266,3,2,450052
2026-06-29T23:04:22Z,-1,0,0_bytes,266,3,2,450352
2026-06-29T23:09:22Z,-1,0,0_bytes,266,3,2,450652
2026-06-29T23:14:23Z,-1,0,0_bytes,266,3,2,450952
2026-06-29T23:19:23Z,-1,0,0_bytes,266,3,2,451252
2026-06-29T23:24:23Z,-1,0,0_bytes,266,3,2,451553
2026-06-29T23:29:23Z,-1,0,0_bytes,266,3,2,451853
2026-06-29T23:34:23Z,-1,0,0_bytes,266,3,2,452153
2026-06-29T23:39:24Z,-1,0,0_bytes,266,3,2,452453
2026-06-29T23:44:24Z,-1,0,0_bytes,266,3,2,452754
2026-06-29T23:49:24Z,-1,0,0_bytes,266,3,2,453054
2026-06-29T23:54:24Z,-1,0,0_bytes,266,3,2,453354
2026-06-29T23:59:24Z,-1,0,0_bytes,267,3,2,453654
2026-06-30T00:04:25Z,-1,0,0_bytes,267,3,2,453954
2026-06-30T00:09:25Z,-1,0,0_bytes,267,3,2,454255
2026-06-30T00:14:25Z,-1,0,0_bytes,267,3,2,454555
2026-06-30T00:19:25Z,-1,0,0_bytes,268,3,2,454855
2026-06-30T00:24:26Z,-1,0,0_bytes,268,3,2,455155
2026-06-30T00:29:26Z,-1,0,0_bytes,268,3,2,455456
2026-06-30T00:34:26Z,-1,0,0_bytes,268,3,2,455756
2026-06-30T00:39:26Z,-1,0,0_bytes,268,3,2,456056
2026-06-30T00:44:27Z,-1,0,0_bytes,268,3,2,456356
2026-06-30T00:49:27Z,-1,0,0_bytes,268,3,2,456656
2026-06-30T00:54:27Z,-1,0,0_bytes,268,3,2,456957
2026-06-30T00:59:27Z,-1,0,0_bytes,269,3,2,457257
2026-06-30T01:04:27Z,-1,0,0_bytes,269,3,2,457557
2026-06-30T01:09:28Z,-1,0,0_bytes,270,3,2,457857
2026-06-30T01:14:28Z,-1,0,0_bytes,270,3,2,458157
2026-06-30T01:19:28Z,-1,0,0_bytes,270,3,2,458458
2026-06-30T01:24:28Z,-1,0,0_bytes,270,3,2,458758
2026-06-30T01:29:29Z,-1,0,0_bytes,270,3,2,459058
2026-06-30T01:34:29Z,-1,0,0_bytes,270,3,2,459358
2026-06-30T01:39:29Z,-1,0,0_bytes,270,3,2,459659
2026-06-30T01:44:29Z,-1,0,0_bytes,270,3,2,459959
2026-06-30T01:49:29Z,-1,0,0_bytes,270,3,2,460259
2026-06-30T01:54:30Z,-1,0,0_bytes,271,3,2,460559
2026-06-30T01:59:30Z,-1,0,0_bytes,271,3,2,460860
2026-06-30T02:04:30Z,-1,0,0_bytes,271,3,2,461160
2026-06-30T02:09:30Z,-1,0,0_bytes,271,3,2,461460
2026-06-30T02:14:31Z,-1,0,0_bytes,271,3,2,461760
2026-06-30T02:19:31Z,-1,0,0_bytes,271,3,2,462060
2026-06-30T02:24:31Z,-1,0,0_bytes,271,3,2,462361
2026-06-30T02:29:31Z,-1,0,0_bytes,271,3,2,462661
2026-06-30T02:34:31Z,-1,0,0_bytes,272,3,2,462961
2026-06-30T02:39:32Z,-1,0,0_bytes,272,3,2,463261
2026-06-30T02:44:32Z,-1,0,0_bytes,272,3,2,463561
2026-06-30T02:49:32Z,-1,0,0_bytes,272,3,2,463862
2026-06-30T02:54:32Z,-1,0,0_bytes,272,3,2,464162
2026-06-30T02:59:32Z,-1,0,0_bytes,272,3,2,464462
2026-06-30T03:04:33Z,-1,0,0_bytes,273,3,2,464762
2026-06-30T03:09:33Z,-1,0,0_bytes,273,3,2,465063
2026-06-30T03:14:33Z,-1,0,0_bytes,273,3,2,465363
2026-06-30T03:19:33Z,-1,0,0_bytes,273,3,2,465663
2026-06-30T03:24:34Z,-1,0,0_bytes,273,3,2,465963
2026-06-30T03:29:34Z,-1,0,0_bytes,273,3,2,466264
2026-06-30T03:34:34Z,-1,0,0_bytes,273,3,2,466564
2026-06-30T03:39:34Z,-1,0,0_bytes,274,3,2,466864
2026-06-30T03:44:35Z,-1,0,0_bytes,274,3,2,467164
2026-06-30T03:49:35Z,-1,0,0_bytes,274,3,2,467464
2026-06-30T03:54:35Z,-1,0,0_bytes,274,3,2,467765
2026-06-30T03:59:35Z,-1,0,0_bytes,274,3,2,468065
2026-06-30T04:04:35Z,-1,0,0_bytes,274,3,2,468365
2026-06-30T04:09:36Z,-1,0,0_bytes,274,3,2,468665
2026-06-30T04:14:36Z,-1,0,0_bytes,274,3,2,468966
2026-06-30T04:19:36Z,-1,0,0_bytes,274,3,2,469266
2026-06-30T04:24:36Z,-1,0,0_bytes,275,3,2,469566
2026-06-30T04:29:37Z,-1,0,0_bytes,275,3,2,469866
2026-06-30T04:34:37Z,-1,0,0_bytes,275,3,2,470166
2026-06-30T04:39:37Z,-1,0,0_bytes,276,3,2,470467
2026-06-30T04:44:37Z,-1,0,0_bytes,276,3,2,470767
2026-06-30T04:49:37Z,-1,0,0_bytes,276,3,2,471067
2026-06-30T04:54:38Z,-1,0,0_bytes,276,3,2,471367
2026-06-30T04:59:38Z,-1,0,0_bytes,276,3,2,471668
2026-06-30T05:04:38Z,-1,0,0_bytes,276,3,2,471968
2026-06-30T05:09:38Z,-1,0,0_bytes,276,3,2,472268
2026-06-30T05:14:39Z,-1,0,0_bytes,276,3,2,472568
2026-06-30T05:19:39Z,-1,0,0_bytes,276,3,2,472868
2026-06-30T05:24:39Z,-1,0,0_bytes,277,3,2,473169
2026-06-30T05:29:39Z,-1,0,0_bytes,278,3,2,473469
2026-06-30T05:34:39Z,-1,0,0_bytes,278,3,2,473769
2026-06-30T05:39:40Z,-1,0,0_bytes,278,3,2,474069
2026-06-30T05:44:40Z,-1,0,0_bytes,278,3,2,474370
2026-06-30T05:49:40Z,-1,0,0_bytes,278,3,2,474670
2026-06-30T05:54:40Z,-1,0,0_bytes,278,3,2,474970
2026-06-30T05:59:41Z,-1,0,0_bytes,278,3,2,475270
2026-06-30T06:04:41Z,-1,0,0_bytes,278,3,2,475570
2026-06-30T06:09:41Z,-1,0,0_bytes,279,3,2,475871
2026-06-30T06:14:41Z,-1,0,0_bytes,279,3,2,476171
2026-06-30T06:19:41Z,-1,0,0_bytes,279,3,2,476471
2026-06-30T06:24:42Z,-1,0,0_bytes,279,3,2,476772
2026-06-30T06:29:42Z,-1,0,0_bytes,280,3,2,477072
2026-06-30T06:34:43Z,-1,0,0_bytes,280,3,2,477372
2026-06-30T06:39:43Z,-1,0,0_bytes,280,3,2,477672
2026-06-30T06:44:43Z,-1,0,0_bytes,280,3,2,477973
2026-06-30T06:49:43Z,-1,0,0_bytes,280,3,2,478273
2026-06-30T06:54:43Z,-1,0,0_bytes,280,3,2,478573
2026-06-30T06:59:44Z,-1,0,0_bytes,280,3,2,478873
2026-06-30T07:04:44Z,-1,0,0_bytes,281,3,2,479174
2026-06-30T07:09:44Z,-1,0,0_bytes,282,3,2,479474
2026-06-30T07:14:44Z,-1,0,0_bytes,282,3,2,479774
2026-06-30T07:19:45Z,-1,0,0_bytes,282,3,2,480074
2026-06-30T07:24:45Z,-1,0,0_bytes,282,3,2,480374
2026-06-30T07:29:45Z,-1,0,0_bytes,282,3,2,480675
2026-06-30T07:34:45Z,-1,0,0_bytes,282,3,2,480975
2026-06-30T07:39:45Z,-1,0,0_bytes,282,3,2,481275
2026-06-30T07:44:46Z,-1,0,0_bytes,282,3,2,481575
2026-06-30T07:49:46Z,-1,0,0_bytes,282,3,2,481876
2026-06-30T07:54:46Z,-1,0,0_bytes,282,3,2,482176
2026-06-30T07:59:46Z,-1,0,0_bytes,283,3,2,482476
2026-06-30T08:04:47Z,-1,0,0_bytes,283,3,2,482776
2026-06-30T08:09:47Z,-1,0,0_bytes,284,3,2,483076
2026-06-30T08:14:47Z,-1,0,0_bytes,284,3,2,483377
2026-06-30T08:19:47Z,-1,0,0_bytes,284,3,2,483677
2026-06-30T08:24:47Z,-1,0,0_bytes,284,3,2,483977
2026-06-30T08:29:48Z,-1,0,0_bytes,284,3,2,484277
2026-06-30T08:34:48Z,-1,0,0_bytes,284,3,2,484578
2026-06-30T08:39:48Z,-1,0,0_bytes,284,3,2,484878
2026-06-30T08:44:48Z,-1,0,0_bytes,284,3,2,485178
2026-06-30T08:49:49Z,-1,0,0_bytes,285,3,2,485478
2026-06-30T08:54:49Z,-1,0,0_bytes,285,3,2,485778
2026-06-30T08:59:49Z,-1,0,0_bytes,285,3,2,486079
2026-06-30T09:04:49Z,-1,0,0_bytes,286,3,2,486379
2026-06-30T09:09:49Z,-1,0,0_bytes,286,3,2,486679
2026-06-30T09:14:50Z,-1,0,0_bytes,286,3,2,486979
2026-06-30T09:19:50Z,-1,0,0_bytes,286,3,2,487279
2026-06-30T09:24:50Z,-1,0,0_bytes,286,3,2,487580
2026-06-30T09:29:50Z,-1,0,0_bytes,286,3,2,487880
2026-06-30T09:34:51Z,-1,0,0_bytes,286,3,2,488180
2026-06-30T09:39:51Z,-1,0,0_bytes,286,3,2,488480
2026-06-30T09:44:51Z,-1,0,0_bytes,286,3,2,488781
2026-06-30T09:49:51Z,-1,0,0_bytes,286,3,2,489081
2026-06-30T09:54:51Z,-1,0,0_bytes,286,3,2,489381
2026-06-30T09:59:52Z,-1,0,0_bytes,287,3,2,489681
2026-06-30T10:04:52Z,-1,0,0_bytes,287,3,2,489982
2026-06-30T10:09:52Z,-1,0,0_bytes,287,3,2,490282
2026-06-30T10:14:53Z,-1,0,0_bytes,287,3,2,490582
2026-06-30T10:19:53Z,-1,0,0_bytes,287,3,2,490882
2026-06-30T10:24:53Z,-1,0,0_bytes,288,3,2,491183
2026-06-30T10:29:53Z,-1,0,0_bytes,288,3,2,491483
2026-06-30T10:34:53Z,-1,0,0_bytes,288,3,2,491783
2026-06-30T10:39:54Z,-1,0,0_bytes,288,3,2,492083
2026-06-30T10:44:54Z,-1,0,0_bytes,288,3,2,492384
2026-06-30T10:49:54Z,-1,0,0_bytes,288,3,2,492684
2026-06-30T10:54:54Z,-1,0,0_bytes,289,3,2,492984
2026-06-30T10:59:55Z,-1,0,0_bytes,289,3,2,493284
2026-06-30T11:04:55Z,-1,0,0_bytes,290,3,2,493585
2026-06-30T11:09:55Z,-1,0,0_bytes,290,3,2,493885
2026-06-30T11:14:55Z,-1,0,0_bytes,290,3,2,494185
2026-06-30T11:19:56Z,-1,0,0_bytes,290,3,2,494485
2026-06-30T11:24:56Z,-1,0,0_bytes,290,3,2,494786
2026-06-30T11:29:56Z,-1,0,0_bytes,290,3,2,495086
2026-06-30T11:34:56Z,-1,0,0_bytes,290,3,2,495386
2026-06-30T11:39:57Z,-1,0,0_bytes,290,3,2,495686
2026-06-30T11:44:57Z,-1,0,0_bytes,291,3,2,495986
2026-06-30T11:49:57Z,-1,0,0_bytes,291,3,2,496287
2026-06-30T11:54:57Z,-1,0,0_bytes,291,3,2,496587
2026-06-30T11:59:57Z,-1,0,0_bytes,292,3,2,496887
2026-06-30T12:04:58Z,-1,0,0_bytes,292,3,2,497187
2026-06-30T12:09:58Z,-1,0,0_bytes,292,3,2,497488
2026-06-30T12:14:58Z,-1,0,0_bytes,292,3,2,497788
2026-06-30T12:19:58Z,-1,0,0_bytes,292,3,2,498088
2026-06-30T12:24:59Z,-1,0,0_bytes,292,3,2,498388
2026-06-30T12:29:59Z,-1,0,0_bytes,292,3,2,498688
2026-06-30T12:34:59Z,-1,0,0_bytes,292,3,2,498989
2026-06-30T12:39:59Z,-1,0,0_bytes,293,3,2,499289
2026-06-30T12:44:59Z,-1,0,0_bytes,294,3,2,499589
2026-06-30T12:50:00Z,-1,0,0_bytes,294,3,2,499889
2026-06-30T12:55:00Z,-1,0,0_bytes,294,3,2,500189
2026-06-30T13:00:00Z,-1,0,0_bytes,294,3,2,500490
2026-06-30T13:05:00Z,-1,0,0_bytes,295,3,2,500790
2026-06-30T13:10:01Z,-1,0,0_bytes,295,3,2,501090
2026-06-30T13:15:01Z,-1,0,0_bytes,295,3,2,501390
2026-06-30T13:20:01Z,-1,0,0_bytes,295,3,2,501691
2026-06-30T13:25:01Z,-1,0,0_bytes,295,3,2,501991
2026-06-30T13:30:01Z,-1,0,0_bytes,295,3,2,502291
2026-06-30T13:35:02Z,-1,0,0_bytes,296,3,2,502591
2026-06-30T13:40:02Z,-1,0,0_bytes,296,3,2,502891
2026-06-30T13:45:02Z,-1,0,0_bytes,296,3,2,503192
2026-06-30T13:50:02Z,-1,0,0_bytes,297,3,2,503492
2026-06-30T13:55:02Z,-1,0,0_bytes,297,3,2,503792
2026-06-30T14:00:03Z,-1,0,0_bytes,297,3,2,504092
2026-06-30T14:05:03Z,-1,0,0_bytes,297,3,2,504393
2026-06-30T14:10:03Z,-1,0,0_bytes,297,3,2,504693
2026-06-30T14:15:03Z,-1,0,0_bytes,298,3,2,504993
2026-06-30T14:20:04Z,-1,0,0_bytes,298,3,2,505293
2026-06-30T14:25:04Z,-1,0,0_bytes,298,3,2,505593
2026-06-30T14:30:04Z,-1,0,0_bytes,298,3,2,505894
2026-06-30T14:35:04Z,-1,0,0_bytes,298,3,2,506194
2026-06-30T14:40:04Z,-1,0,0_bytes,298,3,2,506494
2026-06-30T14:45:05Z,-1,0,0_bytes,298,3,2,506794
2026-06-30T14:50:05Z,-1,0,0_bytes,298,3,2,507095
2026-06-30T14:55:05Z,-1,0,0_bytes,298,3,2,507395
2026-06-30T15:00:05Z,-1,0,0_bytes,298,3,2,507695
2026-06-30T15:05:06Z,-1,0,0_bytes,300,3,2,507995
2026-06-30T15:10:06Z,-1,0,0_bytes,300,3,2,508295
2026-06-30T15:15:06Z,-1,0,0_bytes,300,3,2,508596
2026-06-30T15:20:06Z,-1,0,0_bytes,300,3,2,508896
2026-06-30T15:25:06Z,-1,0,0_bytes,300,3,2,509196
2026-06-30T15:30:07Z,-1,0,0_bytes,300,3,2,509496
2026-06-30T15:35:07Z,-1,0,0_bytes,300,3,2,509797
2026-06-30T15:40:07Z,-1,0,0_bytes,300,3,2,510097
2026-06-30T15:45:07Z,-1,0,0_bytes,300,3,2,510397
2026-06-30T15:50:08Z,-1,0,0_bytes,300,3,2,510697
2026-06-30T15:55:08Z,-1,0,0_bytes,300,3,2,510997
2026-06-30T16:00:08Z,-1,0,0_bytes,300,3,2,511298
2026-06-30T16:05:08Z,-1,0,0_bytes,300,3,2,511598
2026-06-30T16:10:08Z,-1,0,0_bytes,301,3,2,511898
2026-06-30T16:15:09Z,-1,0,0_bytes,301,3,2,512198
2026-06-30T16:20:09Z,-1,0,0_bytes,301,3,2,512498
2026-06-30T16:25:09Z,-1,0,0_bytes,301,3,2,512799
2026-06-30T16:30:09Z,-1,0,0_bytes,301,3,2,513099
2026-06-30T16:35:09Z,-1,0,0_bytes,301,3,2,513399
2026-06-30T16:40:10Z,-1,0,0_bytes,301,3,2,513699
2026-06-30T16:45:10Z,-1,0,0_bytes,301,3,2,514000
2026-06-30T16:50:10Z,-1,0,0_bytes,301,3,2,514300
2026-06-30T16:55:10Z,-1,0,0_bytes,301,3,2,514600
2026-06-30T17:00:11Z,-1,0,0_bytes,301,3,1,514900
2026-06-30T17:05:11Z,-1,0,0_bytes,301,3,1,515200
2026-06-30T17:10:11Z,-1,0,0_bytes,302,3,2,515501
2026-06-30T17:15:11Z,-1,0,0_bytes,302,3,2,515801
2026-06-30T17:20:11Z,-1,0,0_bytes,302,3,2,516101
2026-06-30T17:25:12Z,-1,0,0_bytes,302,3,2,516401
2026-06-30T17:30:12Z,-1,0,0_bytes,302,3,2,516701
2026-06-30T17:35:12Z,-1,0,0_bytes,303,3,2,517002
2026-06-30T17:40:12Z,-1,0,0_bytes,303,3,2,517302
2026-06-30T17:45:13Z,-1,0,0_bytes,304,3,2,517602
2026-06-30T17:50:13Z,-1,0,0_bytes,304,3,2,517902
2026-06-30T17:55:13Z,-1,0,0_bytes,304,3,2,518203
2026-06-30T18:00:13Z,-1,0,0_bytes,304,3,2,518503
2026-06-30T18:05:13Z,-1,0,0_bytes,304,3,2,518803
2026-06-30T18:10:14Z,-1,0,0_bytes,305,3,2,519103
2026-06-30T18:15:14Z,-1,0,0_bytes,305,3,2,519404
2026-06-30T18:20:14Z,-1,0,0_bytes,305,3,2,519704
2026-06-30T18:25:14Z,-1,0,0_bytes,306,3,2,520004
2026-06-30T18:30:15Z,-1,0,0_bytes,306,3,2,520304
2026-06-30T18:35:15Z,-1,0,0_bytes,306,3,2,520604
2026-06-30T18:40:15Z,-1,0,0_bytes,306,3,2,520905
2026-06-30T18:45:15Z,-1,0,0_bytes,306,3,2,521205
2026-06-30T18:50:15Z,-1,0,0_bytes,306,3,2,521505
2026-06-30T18:55:16Z,-1,0,0_bytes,306,3,2,521805
2026-06-30T19:00:16Z,-1,0,0_bytes,306,3,2,522106
2026-06-30T19:05:16Z,-1,0,0_bytes,306,3,2,522406
2026-06-30T19:10:16Z,-1,0,0_bytes,306,3,2,522706
2026-06-30T19:15:17Z,-1,0,0_bytes,306,3,2,523006
2026-06-30T19:20:17Z,-1,0,0_bytes,306,3,2,523306
2026-06-30T19:25:17Z,-1,0,0_bytes,307,3,2,523607
2026-06-30T19:30:17Z,-1,0,0_bytes,307,3,2,523907
2026-06-30T19:35:17Z,-1,0,0_bytes,307,3,2,524207
2026-06-30T19:40:18Z,-1,0,0_bytes,307,3,2,524507
2026-06-30T19:45:18Z,-1,0,0_bytes,307,3,2,524808
2026-06-30T19:50:18Z,-1,0,0_bytes,307,3,2,525108
2026-06-30T19:55:18Z,-1,0,0_bytes,307,3,2,525408
2026-06-30T20:00:19Z,-1,0,0_bytes,308,3,2,525709
2026-06-30T20:05:19Z,-1,0,0_bytes,308,3,2,526009
2026-06-30T20:10:19Z,-1,0,0_bytes,308,3,2,526309
2026-06-30T20:15:20Z,-1,0,0_bytes,308,3,2,526609
2026-06-30T20:20:20Z,-1,0,0_bytes,309,3,2,526910
2026-06-30T20:25:20Z,-1,0,0_bytes,309,3,2,527210
2026-06-30T20:30:20Z,-1,0,0_bytes,309,3,2,527510
2026-06-30T20:35:21Z,-1,0,0_bytes,309,3,2,527810
2026-06-30T20:40:21Z,-1,0,0_bytes,309,3,2,528110
2026-06-30T20:45:21Z,-1,0,0_bytes,309,3,2,528411
2026-06-30T20:50:21Z,-1,0,0_bytes,309,3,2,528711
2026-06-30T20:55:21Z,-1,0,0_bytes,309,3,2,529011
2026-06-30T21:00:22Z,-1,0,0_bytes,309,3,2,529311
2026-06-30T21:05:22Z,-1,0,0_bytes,309,3,2,529612
2026-06-30T21:10:22Z,-1,0,0_bytes,310,3,2,529912
2026-06-30T21:15:22Z,-1,0,0_bytes,310,3,2,530212
2026-06-30T21:20:22Z,-1,0,0_bytes,311,3,2,530512
2026-06-30T21:25:23Z,-1,0,0_bytes,311,3,2,530812
2026-06-30T21:30:23Z,-1,0,0_bytes,311,3,2,531113
2026-06-30T21:35:23Z,-1,0,0_bytes,311,3,2,531413
2026-06-30T21:40:23Z,-1,0,0_bytes,311,3,2,531713
2026-06-30T21:45:24Z,-1,0,0_bytes,311,3,2,532013
2026-06-30T21:50:24Z,-1,0,0_bytes,311,3,2,532314
2026-06-30T21:55:25Z,-1,0,0_bytes,311,3,2,532614
2026-06-30T22:00:25Z,-1,0,0_bytes,312,3,2,532914
2026-06-30T22:05:25Z,-1,0,0_bytes,312,3,2,533215
2026-06-30T22:10:25Z,-1,0,0_bytes,312,3,2,533515
2026-06-30T22:15:25Z,-1,0,0_bytes,313,3,2,533815
2026-06-30T22:20:26Z,-1,0,0_bytes,313,3,2,534116
2026-06-30T22:25:26Z,-1,0,0_bytes,313,3,2,534416
2026-06-30T22:30:26Z,-1,0,0_bytes,313,3,2,534716
2026-06-30T22:35:26Z,-1,0,0_bytes,313,3,2,535016
2026-06-30T22:40:27Z,-1,0,0_bytes,313,3,2,535316
2026-06-30T22:45:27Z,-1,0,0_bytes,313,3,2,535617
2026-06-30T22:50:27Z,-1,0,0_bytes,313,3,2,535917
2026-06-30T22:55:27Z,-1,0,0_bytes,313,3,2,536217
2026-06-30T23:00:28Z,-1,0,0_bytes,314,3,2,536517
2026-06-30T23:05:28Z,-1,0,0_bytes,314,3,2,536818
2026-06-30T23:10:28Z,-1,0,0_bytes,314,3,2,537118
2026-06-30T23:15:28Z,-1,0,0_bytes,314,3,2,537418
2026-06-30T23:20:29Z,-1,0,0_bytes,314,3,2,537718
2026-06-30T23:25:29Z,-1,0,0_bytes,315,3,2,538018
2026-06-30T23:30:29Z,-1,0,0_bytes,315,3,2,538319
2026-06-30T23:35:29Z,-1,0,0_bytes,315,3,2,538619
2026-06-30T23:40:29Z,-1,0,0_bytes,315,3,2,538919
2026-06-30T23:45:30Z,-1,0,0_bytes,316,3,2,539219
2026-06-30T23:50:30Z,-1,0,0_bytes,316,3,2,539520
2026-06-30T23:55:30Z,-1,0,0_bytes,316,3,2,539820
2026-07-01T00:00:30Z,-1,0,0_bytes,316,3,2,540120
2026-07-01T00:05:31Z,-1,0,0_bytes,316,3,2,540420
2026-07-01T00:10:31Z,-1,0,0_bytes,317,3,2,540720
2026-07-01T00:15:31Z,-1,0,0_bytes,317,3,2,541021
2026-07-01T00:20:31Z,-1,0,0_bytes,317,3,2,541321
2026-07-01T00:25:31Z,-1,0,0_bytes,317,3,2,541621
2026-07-01T00:30:32Z,-1,0,0_bytes,317,3,2,541921
2026-07-01T00:35:32Z,-1,0,0_bytes,317,3,2,542222
2026-07-01T00:40:32Z,-1,0,0_bytes,317,3,2,542522
2026-07-01T00:45:32Z,-1,0,0_bytes,317,3,2,542822
2026-07-01T00:50:33Z,-1,0,0_bytes,317,3,2,543122
2026-07-01T00:55:33Z,-1,0,0_bytes,317,3,2,543422
2026-07-01T01:00:33Z,-1,0,0_bytes,317,3,2,543723
2026-07-01T01:05:33Z,-1,0,0_bytes,317,3,2,544023
2026-07-01T01:10:33Z,-1,0,0_bytes,317,3,2,544323
2026-07-01T01:15:34Z,-1,0,0_bytes,318,3,2,544623
2026-07-01T01:20:34Z,-1,0,0_bytes,318,3,2,544923
2026-07-01T01:25:34Z,-1,0,0_bytes,318,3,2,545224
2026-07-01T01:30:34Z,-1,0,0_bytes,318,3,2,545524
2026-07-01T01:35:34Z,-1,0,0_bytes,318,3,2,545824
2026-07-01T01:40:35Z,-1,0,0_bytes,318,3,2,546124
2026-07-01T01:45:35Z,-1,0,0_bytes,318,3,2,546425
2026-07-01T01:50:35Z,-1,0,0_bytes,318,3,2,546725
2026-07-01T01:55:35Z,-1,0,0_bytes,318,3,2,547025
2026-07-01T02:00:36Z,-1,0,0_bytes,318,3,2,547325
2026-07-01T02:05:36Z,-1,0,0_bytes,318,3,2,547626
2026-07-01T02:10:36Z,-1,0,0_bytes,318,3,2,547926
2026-07-01T02:15:36Z,-1,0,0_bytes,319,3,2,548226
2026-07-01T02:20:37Z,-1,0,0_bytes,319,3,2,548526
2026-07-01T02:25:37Z,-1,0,0_bytes,319,3,2,548827
2026-07-01T02:30:37Z,-1,0,0_bytes,319,3,2,549127
2026-07-01T02:35:37Z,-1,0,0_bytes,319,3,2,549427
2026-07-01T02:40:38Z,-1,0,0_bytes,319,3,2,549727
2026-07-01T02:45:38Z,-1,0,0_bytes,319,3,1,550027
2026-07-01T02:50:38Z,-1,0,0_bytes,320,3,2,550328
2026-07-01T02:55:38Z,-1,0,0_bytes,320,3,2,550628
2026-07-01T03:00:38Z,-1,0,0_bytes,320,3,2,550928
2026-07-01T03:05:39Z,-1,0,0_bytes,320,3,2,551228
2026-07-01T03:10:39Z,-1,0,0_bytes,321,3,2,551529
2026-07-01T03:15:39Z,-1,0,0_bytes,321,3,2,551829
2026-07-01T03:20:39Z,-1,0,0_bytes,321,3,2,552129
2026-07-01T03:25:40Z,-1,0,0_bytes,321,3,2,552429
2026-07-01T03:30:40Z,-1,0,0_bytes,322,3,2,552729
2026-07-01T03:35:40Z,-1,0,0_bytes,322,3,2,553030
2026-07-01T03:40:40Z,-1,0,0_bytes,322,3,2,553330
2026-07-01T03:45:40Z,-1,0,0_bytes,322,3,2,553630
2026-07-01T03:50:41Z,-1,0,0_bytes,322,3,2,553930
2026-07-01T03:55:41Z,-1,0,0_bytes,322,3,2,554230
2026-07-01T04:00:41Z,-1,0,0_bytes,323,3,2,554531
2026-07-01T04:05:41Z,-1,0,0_bytes,323,3,2,554831
2026-07-01T04:10:41Z,-1,0,0_bytes,323,3,2,555131
2026-07-01T04:15:42Z,-1,0,0_bytes,323,3,2,555431
2026-07-01T04:20:42Z,-1,0,0_bytes,323,3,2,555731
2026-07-01T04:25:42Z,-1,0,0_bytes,324,3,2,556032
2026-07-01T04:30:42Z,-1,0,0_bytes,324,3,2,556332
2026-07-01T04:35:42Z,-1,0,0_bytes,324,3,2,556632
2026-07-01T04:40:43Z,-1,0,0_bytes,324,3,2,556932
2026-07-01T04:45:43Z,-1,0,0_bytes,324,3,2,557233
2026-07-01T04:50:43Z,-1,0,0_bytes,324,3,2,557533
2026-07-01T04:55:43Z,-1,0,0_bytes,324,3,2,557833
2026-07-01T05:00:43Z,-1,0,0_bytes,324,3,2,558133
2026-07-01T05:05:44Z,-1,0,0_bytes,325,3,2,558433
2026-07-01T05:10:44Z,-1,0,0_bytes,325,3,2,558734
2026-07-01T05:15:44Z,-1,0,0_bytes,326,3,2,559034
2026-07-01T05:20:44Z,-1,0,0_bytes,326,3,2,559334
2026-07-01T05:25:45Z,-1,0,0_bytes,326,3,2,559634
2026-07-01T05:30:45Z,-1,0,0_bytes,326,3,2,559934
2026-07-01T05:35:45Z,-1,0,0_bytes,326,3,2,560235
2026-07-01T05:40:45Z,-1,0,0_bytes,327,3,2,560535
2026-07-01T05:45:45Z,-1,0,0_bytes,327,3,2,560835
2026-07-01T05:50:46Z,-1,0,0_bytes,327,3,2,561135
2026-07-01T05:55:46Z,-1,0,0_bytes,327,3,2,561435
2026-07-01T06:00:46Z,-1,0,0_bytes,327,3,2,561736
2026-07-01T06:05:46Z,-1,0,0_bytes,327,3,2,562036
2026-07-01T06:10:46Z,-1,0,0_bytes,327,3,2,562336
2026-07-01T06:15:47Z,-1,0,0_bytes,327,3,2,562636
2026-07-01T06:20:47Z,-1,0,0_bytes,327,3,2,562937
2026-07-01T06:25:47Z,-1,0,0_bytes,327,3,2,563237
2026-07-01T06:30:47Z,-1,0,0_bytes,327,3,2,563537
2026-07-01T06:35:48Z,-1,0,0_bytes,327,3,2,563837
2026-07-01T06:40:48Z,-1,0,0_bytes,327,3,2,564137
2026-07-01T06:45:48Z,-1,0,0_bytes,327,3,2,564438
2026-07-01T06:50:48Z,-1,0,0_bytes,327,3,2,564738
2026-07-01T06:55:48Z,-1,0,0_bytes,327,3,2,565038
2026-07-01T07:00:49Z,-1,0,0_bytes,328,3,2,565338
2026-07-01T07:05:49Z,-1,0,0_bytes,328,3,2,565638
2026-07-01T07:10:49Z,-1,0,0_bytes,329,3,2,565939
2026-07-01T07:15:49Z,-1,0,0_bytes,329,3,2,566239
2026-07-01T07:20:49Z,-1,0,0_bytes,329,3,2,566539
2026-07-01T07:25:50Z,-1,0,0_bytes,329,3,2,566839
2026-07-01T07:30:50Z,-1,0,0_bytes,329,3,2,567140
2026-07-01T07:35:50Z,-1,0,0_bytes,329,3,2,567440
2026-07-01T07:40:50Z,-1,0,0_bytes,329,3,2,567740
2026-07-01T07:45:51Z,-1,0,0_bytes,329,3,2,568040
2026-07-01T07:50:51Z,-1,0,0_bytes,329,3,2,568340
2026-07-01T07:55:51Z,-1,0,0_bytes,329,3,2,568641
2026-07-01T08:00:51Z,-1,0,0_bytes,329,3,2,568941
2026-07-01T08:05:51Z,-1,0,0_bytes,329,3,2,569241
2026-07-01T08:10:52Z,-1,0,0_bytes,329,3,2,569541
2026-07-01T08:15:52Z,-1,0,0_bytes,329,3,2,569842
2026-07-01T08:20:52Z,-1,0,0_bytes,330,3,2,570142
2026-07-01T08:25:52Z,-1,0,0_bytes,331,3,2,570442
2026-07-01T08:30:52Z,-1,0,0_bytes,331,3,2,570742
2026-07-01T08:35:53Z,-1,0,0_bytes,331,3,2,571042
2026-07-01T08:40:53Z,-1,0,0_bytes,331,3,2,571343
2026-07-01T08:45:53Z,-1,0,0_bytes,331,3,2,571643
2026-07-01T08:50:53Z,-1,0,0_bytes,331,3,2,571943
2026-07-01T08:55:54Z,-1,0,0_bytes,331,3,2,572243
2026-07-01T09:00:54Z,-1,0,0_bytes,331,3,2,572543
2026-07-01T09:05:54Z,-1,0,0_bytes,331,3,2,572844
2026-07-01T09:10:54Z,-1,0,0_bytes,331,3,2,573144
2026-07-01T09:15:54Z,-1,0,0_bytes,331,3,2,573444
2026-07-01T09:20:55Z,-1,0,0_bytes,331,3,2,573744
2026-07-01T09:25:55Z,-1,0,0_bytes,331,3,2,574044
2026-07-01T09:30:55Z,-1,0,0_bytes,331,3,2,574345
2026-07-01T09:35:55Z,-1,0,0_bytes,333,3,2,574645
2026-07-01T09:40:56Z,-1,0,0_bytes,333,3,2,574945
2026-07-01T09:45:56Z,-1,0,0_bytes,333,3,2,575245
2026-07-01T09:50:56Z,-1,0,0_bytes,333,3,2,575546
2026-07-01T09:55:56Z,-1,0,0_bytes,333,3,2,575846
2026-07-01T10:00:56Z,-1,0,0_bytes,333,3,2,576146
2026-07-01T10:05:57Z,-1,0,0_bytes,333,3,2,576446
2026-07-01T10:10:57Z,-1,0,0_bytes,333,3,2,576746
2026-07-01T10:15:57Z,-1,0,0_bytes,333,3,2,577047
2026-07-01T10:20:57Z,-1,0,0_bytes,333,3,2,577347
2026-07-01T10:25:57Z,-1,0,0_bytes,334,3,2,577647
2026-07-01T10:30:58Z,-1,0,0_bytes,334,3,2,577947
2026-07-01T10:35:58Z,-1,0,0_bytes,335,3,2,578247
2026-07-01T10:40:58Z,-1,0,0_bytes,335,3,2,578548
2026-07-01T10:45:58Z,-1,0,0_bytes,335,3,2,578848
2026-07-01T10:50:58Z,-1,0,0_bytes,335,3,2,579148
2026-07-01T10:55:59Z,-1,0,0_bytes,335,3,2,579448
2026-07-01T11:00:59Z,-1,0,0_bytes,335,3,2,579748
2026-07-01T11:05:59Z,-1,0,0_bytes,336,3,2,580049
2026-07-01T11:10:59Z,-1,0,0_bytes,336,3,2,580349
2026-07-01T11:16:00Z,-1,0,0_bytes,336,3,2,580649
2026-07-01T11:21:00Z,-1,0,0_bytes,336,3,2,580949
2026-07-01T11:26:00Z,-1,0,0_bytes,336,3,2,581250
2026-07-01T11:31:00Z,-1,0,0_bytes,336,3,2,581550
2026-07-01T11:36:00Z,-1,0,0_bytes,336,3,2,581850
2026-07-01T11:41:01Z,-1,0,0_bytes,336,3,2,582150
2026-07-01T11:46:01Z,-1,0,0_bytes,336,3,2,582450
2026-07-01T11:51:01Z,-1,0,0_bytes,336,3,2,582751
2026-07-01T11:56:01Z,-1,0,0_bytes,336,3,2,583051
2026-07-01T12:01:01Z,-1,0,0_bytes,336,3,2,583351
2026-07-01T12:06:02Z,-1,0,0_bytes,336,3,2,583651
2026-07-01T12:11:02Z,-1,0,0_bytes,336,3,2,583952
2026-07-01T12:16:02Z,-1,0,0_bytes,336,3,2,584252
2026-07-01T12:21:02Z,-1,0,0_bytes,336,3,2,584552
2026-07-01T12:26:03Z,-1,0,0_bytes,336,3,2,584852
2026-07-01T12:31:03Z,-1,0,0_bytes,337,3,2,585152
2026-07-01T12:36:03Z,-1,0,0_bytes,337,3,2,585453
2026-07-01T12:41:03Z,-1,0,0_bytes,337,3,2,585753
2026-07-01T12:46:03Z,-1,0,0_bytes,337,3,2,586053
2026-07-01T12:51:04Z,-1,0,0_bytes,337,3,2,586353
2026-07-01T12:56:04Z,-1,0,0_bytes,337,3,2,586653
2026-07-01T13:01:04Z,-1,0,0_bytes,337,3,2,586954
2026-07-01T13:06:04Z,-1,0,0_bytes,337,3,2,587254
2026-07-01T13:11:04Z,-1,0,0_bytes,337,3,2,587554
2026-07-01T13:16:05Z,-1,0,0_bytes,337,3,2,587854
2026-07-01T13:21:05Z,-1,0,0_bytes,337,3,2,588155
2026-07-01T13:26:05Z,-1,0,0_bytes,338,3,2,588455
2026-07-01T13:31:05Z,-1,0,0_bytes,338,3,2,588755
2026-07-01T13:36:06Z,-1,0,0_bytes,338,3,2,589055
2026-07-01T13:41:06Z,-1,0,0_bytes,339,3,2,589355
2026-07-01T13:46:06Z,-1,0,0_bytes,339,3,2,589656
2026-07-01T13:51:06Z,-1,0,0_bytes,339,3,2,589956
2026-07-01T13:56:07Z,-1,0,0_bytes,339,3,2,590256
2026-07-01T14:01:07Z,-1,0,0_bytes,339,3,2,590557
2026-07-01T14:06:07Z,-1,0,0_bytes,339,3,2,590857
2026-07-01T14:11:07Z,-1,0,0_bytes,339,3,2,591157
2026-07-01T14:16:08Z,-1,0,0_bytes,340,3,2,591457
2026-07-01T14:21:08Z,-1,0,0_bytes,340,3,2,591757
2026-07-01T14:26:08Z,-1,0,0_bytes,340,3,2,592058
2026-07-01T14:31:08Z,-1,0,0_bytes,340,3,2,592358
2026-07-01T14:36:08Z,-1,0,0_bytes,340,3,2,592658
2026-07-01T14:41:09Z,-1,0,0_bytes,340,3,2,592958
2026-07-01T14:46:09Z,-1,0,0_bytes,341,3,2,593259
2026-07-01T14:51:09Z,-1,0,0_bytes,341,3,2,593559
2026-07-01T14:56:09Z,-1,0,0_bytes,341,3,2,593859
2026-07-01T15:01:10Z,-1,0,0_bytes,341,3,2,594159
2026-07-01T15:06:10Z,-1,0,0_bytes,341,3,2,594459
2026-07-01T15:11:10Z,-1,0,0_bytes,341,3,2,594760
2026-07-01T15:16:10Z,-1,0,0_bytes,341,3,2,595060
2026-07-01T15:21:10Z,-1,0,0_bytes,342,3,2,595360
2026-07-01T15:26:11Z,-1,0,0_bytes,342,3,2,595660
2026-07-01T15:31:11Z,-1,0,0_bytes,343,3,2,595960
2026-07-01T15:36:11Z,-1,0,0_bytes,343,3,2,596261
2026-07-01T15:41:11Z,-1,0,0_bytes,343,3,2,596561
2026-07-01T15:46:12Z,-1,0,0_bytes,343,3,2,596861
2026-07-01T15:51:12Z,-1,0,0_bytes,343,3,2,597161
2026-07-01T15:56:12Z,-1,0,0_bytes,343,3,2,597462
2026-07-01T16:01:12Z,-1,0,0_bytes,343,3,2,597762
2026-07-01T16:06:12Z,-1,0,0_bytes,343,3,2,598062
2026-07-01T16:11:13Z,-1,0,0_bytes,343,3,2,598362
2026-07-01T16:16:13Z,-1,0,0_bytes,344,3,2,598663
2026-07-01T16:21:13Z,-1,0,0_bytes,344,3,2,598963
2026-07-01T16:26:13Z,-1,0,0_bytes,344,0,0,NA
2026-07-01T16:31:13Z,-1,0,0_bytes,344,0,0,NA
2026-07-01T16:36:14Z,-1,0,0_bytes,344,0,0,NA
2026-07-01T16:41:14Z,-1,0,0_bytes,344,0,0,NA
2026-07-01T16:46:14Z,-1,0,0_bytes,344,0,0,NA
2026-07-01T16:51:14Z,-1,0,0_bytes,344,0,0,NA
2026-07-01T16:56:14Z,-1,0,0_bytes,344,0,0,NA
2026-07-01T17:01:14Z,-1,0,0_bytes,344,0,0,NA
2026-07-01T17:06:15Z,-1,0,0_bytes,344,0,0,NA
2026-07-01T17:11:15Z,-1,0,0_bytes,344,0,0,NA
2026-07-01T17:16:15Z,-1,0,0_bytes,344,0,0,NA
2026-07-01T17:21:15Z,-1,0,0_bytes,344,0,0,NA
2026-07-01T17:26:15Z,-1,0,0_bytes,344,0,0,NA
2026-07-01T17:31:15Z,-1,0,0_bytes,344,0,0,NA
2026-07-01T17:36:16Z,-1,0,0_bytes,344,0,0,NA
2026-07-01T17:41:16Z,-1,0,0_bytes,344,0,0,NA
2026-07-01T17:46:16Z,-1,0,0_bytes,344,0,0,NA
2026-07-01T17:51:16Z,-1,0,0_bytes,344,0,0,NA
2026-07-01T17:56:16Z,-1,0,0_bytes,344,0,0,NA
2026-07-01T18:01:17Z,-1,0,0_bytes,344,0,0,NA
2026-07-01T18:06:17Z,-1,0,0_bytes,344,0,0,NA
2026-07-01T18:11:17Z,-1,0,0_bytes,344,0,0,NA
2026-07-01T18:16:17Z,-1,0,0_bytes,344,0,0,NA
2026-07-01T18:21:17Z,-1,0,0_bytes,344,0,0,NA
2026-07-01T18:26:17Z,-1,0,0_bytes,344,0,0,NA
2026-07-01T18:31:18Z,-1,0,0_bytes,344,0,0,NA
2026-07-01T18:36:18Z,-1,0,0_bytes,344,0,0,NA
2026-07-01T18:41:18Z,-1,0,0_bytes,344,0,0,NA
2026-07-01T18:46:18Z,-1,0,0_bytes,344,0,0,NA
2026-07-01T18:51:18Z,-1,0,0_bytes,344,0,0,NA
2026-07-01T18:56:18Z,-1,0,0_bytes,344,0,0,NA
2026-07-01T19:01:19Z,-1,0,0_bytes,344,0,0,NA
2026-07-01T19:06:19Z,-1,0,0_bytes,344,0,0,NA
2026-07-01T19:11:19Z,-1,0,0_bytes,344,0,0,NA
2026-07-01T19:16:19Z,-1,0,0_bytes,344,0,0,NA
2026-07-01T19:21:41Z,-1,0,0_bytes,344,0,0,NA
2026-07-01T19:26:41Z,-1,0,0_bytes,344,0,0,NA
2026-07-01T19:31:41Z,-1,0,0_bytes,344,0,0,NA
2026-07-01T19:36:41Z,-1,0,0_bytes,344,0,0,NA
2026-07-01T19:41:42Z,-1,0,0_bytes,344,0,0,NA
2026-07-01T19:46:42Z,-1,0,0_bytes,344,0,0,NA
2026-07-01T19:51:42Z,-1,0,0_bytes,344,0,0,NA
2026-07-01T19:56:42Z,-1,0,0_bytes,344,0,0,NA
2026-07-01T20:01:42Z,-1,0,0_bytes,344,0,0,NA
2026-07-01T20:06:42Z,-1,0,0_bytes,344,0,0,NA
2026-07-01T20:11:43Z,-1,0,0_bytes,344,0,0,NA
2026-07-01T20:16:42Z,-1,0,0_bytes,0,3,2,50
2026-07-01T20:21:42Z,-1,0,0_bytes,0,3,2,350
2026-07-01T20:26:43Z,-1,0,0_bytes,0,3,2,650
2026-07-01T20:31:43Z,-1,0,0_bytes,0,3,2,950
2026-07-01T20:36:43Z,-1,0,0_bytes,0,3,2,1251
2026-07-01T20:41:43Z,-1,0,0_bytes,0,3,2,1551
2026-07-01T20:46:43Z,-1,0,0_bytes,0,3,2,1851
2026-07-01T20:51:44Z,-1,0,0_bytes,0,3,2,2151
2026-07-01T20:56:44Z,-1,0,0_bytes,0,3,2,2451
2026-07-01T21:01:44Z,-1,0,0_bytes,0,3,2,2752
2026-07-01T21:06:44Z,-1,0,0_bytes,0,3,2,3052
2026-07-01T21:11:44Z,-1,0,0_bytes,0,3,2,3352
2026-07-01T21:16:45Z,-1,0,0_bytes,1,3,2,3652
2026-07-01T21:21:45Z,-1,0,0_bytes,2,3,2,3952
2026-07-01T21:26:45Z,-1,0,0_bytes,2,3,2,4253
2026-07-01T21:31:45Z,-1,0,0_bytes,2,3,2,4553
2026-07-01T21:36:45Z,-1,0,0_bytes,2,3,2,4853
2026-07-01T21:41:46Z,-1,0,0_bytes,2,3,2,5153
2026-07-01T21:46:46Z,-1,0,0_bytes,2,3,2,5454
2026-07-01T21:51:46Z,-1,0,0_bytes,2,3,2,5754
2026-07-01T21:56:46Z,-1,0,0_bytes,2,3,2,6054
2026-07-01T22:01:47Z,-1,0,0_bytes,2,3,2,6355
2026-07-01T22:06:47Z,-1,0,0_bytes,2,3,2,6655
2026-07-01T22:11:47Z,-1,0,0_bytes,2,3,2,6955
2026-07-01T22:16:48Z,-1,0,0_bytes,2,3,2,7255
2026-07-01T22:21:48Z,-1,0,0_bytes,3,3,2,7556
2026-07-01T22:26:48Z,-1,0,0_bytes,4,3,2,7856
2026-07-01T22:31:49Z,-1,0,0_bytes,4,3,2,8156
2026-07-01T22:36:49Z,-1,0,0_bytes,4,3,2,8456
2026-07-01T22:41:49Z,-1,0,0_bytes,4,3,2,8757
2026-07-01T22:46:49Z,-1,0,0_bytes,4,3,2,9057
2026-07-01T22:51:49Z,-1,0,0_bytes,4,3,2,9357
2026-07-01T22:56:50Z,-1,0,0_bytes,4,3,2,9658
2026-07-01T23:01:50Z,-1,0,0_bytes,4,3,2,9958
2026-07-01T23:06:50Z,-1,0,0_bytes,4,3,2,10258
2026-07-01T23:11:51Z,-1,0,0_bytes,4,3,2,10558
2026-07-01T23:16:51Z,-1,0,0_bytes,4,3,2,10858
2026-07-01T23:21:51Z,-1,0,0_bytes,4,3,2,11159
2026-07-01T23:26:51Z,-1,0,0_bytes,4,3,2,11459
2026-07-01T23:31:51Z,-1,0,0_bytes,4,3,2,11759
2026-07-01T23:36:52Z,-1,0,0_bytes,4,3,2,12059
2026-07-01T23:41:52Z,-1,0,0_bytes,5,3,2,12360
2026-07-01T23:46:52Z,-1,0,0_bytes,5,3,2,12660
2026-07-01T23:51:52Z,-1,0,0_bytes,5,3,2,12960
2026-07-01T23:56:53Z,-1,0,0_bytes,5,3,2,13260
2026-07-02T00:01:53Z,-1,0,0_bytes,5,3,2,13560
2026-07-02T00:06:53Z,-1,0,0_bytes,5,3,2,13861
2026-07-02T00:11:53Z,-1,0,0_bytes,5,3,2,14161
2026-07-02T00:16:53Z,-1,0,0_bytes,6,3,2,14461
2026-07-02T00:21:54Z,-1,0,0_bytes,6,3,2,14761
2026-07-02T00:26:54Z,-1,0,0_bytes,6,3,2,15061
2026-07-02T00:31:54Z,-1,0,0_bytes,6,3,2,15362
2026-07-02T00:36:54Z,-1,0,0_bytes,6,3,2,15662
2026-07-02T00:41:54Z,-1,0,0_bytes,7,3,2,15962
2026-07-02T00:46:55Z,-1,0,0_bytes,7,3,2,16262
2026-07-02T00:51:55Z,-1,0,0_bytes,7,3,2,16563
2026-07-02T00:56:55Z,-1,0,0_bytes,7,3,2,16863
2026-07-02T01:01:55Z,-1,0,0_bytes,7,3,2,17163
2026-07-02T01:06:56Z,-1,0,0_bytes,8,3,2,17463
2026-07-02T01:11:56Z,-1,0,0_bytes,8,3,2,17764
2026-07-02T01:16:56Z,-1,0,0_bytes,8,3,2,18064
2026-07-02T01:21:56Z,-1,0,0_bytes,8,3,2,18364
2026-07-02T01:26:57Z,-1,0,0_bytes,9,3,2,18664
2026-07-02T01:31:57Z,-1,0,0_bytes,9,3,2,18964
2026-07-02T01:36:57Z,-1,0,0_bytes,9,3,2,19265
2026-07-02T01:41:57Z,-1,0,0_bytes,9,3,2,19565
2026-07-02T01:46:57Z,-1,0,0_bytes,9,3,2,19865
2026-07-02T01:51:58Z,-1,0,0_bytes,9,3,2,20165
2026-07-02T01:56:58Z,-1,0,0_bytes,9,3,2,20466
2026-07-02T02:01:58Z,-1,0,0_bytes,9,3,2,20766
2026-07-02T02:06:58Z,-1,0,0_bytes,9,3,2,21066
2026-07-02T02:11:59Z,-1,0,0_bytes,9,3,2,21366
2026-07-02T02:16:59Z,-1,0,0_bytes,10,3,2,21666
2026-07-02T02:21:59Z,-1,0,0_bytes,10,3,2,21967
2026-07-02T02:26:59Z,-1,0,0_bytes,10,3,2,22267
2026-07-02T02:31:59Z,-1,0,0_bytes,10,3,2,22567
2026-07-02T02:37:00Z,-1,0,0_bytes,10,3,2,22867
2026-07-02T02:42:00Z,-1,0,0_bytes,10,3,2,23167
2026-07-02T02:47:00Z,-1,0,0_bytes,10,3,2,23468
2026-07-02T02:52:00Z,-1,0,0_bytes,11,3,2,23768
2026-07-02T02:57:00Z,-1,0,0_bytes,11,3,2,24068
2026-07-02T03:02:01Z,-1,0,0_bytes,12,3,2,24368
2026-07-02T03:07:01Z,-1,0,0_bytes,12,3,2,24669
2026-07-02T03:12:01Z,-1,0,0_bytes,12,3,2,24969
2026-07-02T03:17:01Z,-1,0,0_bytes,12,3,2,25269
2026-07-02T03:22:02Z,-1,0,0_bytes,12,3,2,25569
2026-07-02T03:27:02Z,-1,0,0_bytes,12,3,2,25870
2026-07-02T03:32:02Z,-1,0,0_bytes,12,3,2,26170
2026-07-02T03:37:02Z,-1,0,0_bytes,13,3,2,26470
2026-07-02T03:42:03Z,-1,0,0_bytes,13,3,2,26770
2026-07-02T03:47:03Z,-1,0,0_bytes,13,3,2,27071
2026-07-02T03:52:03Z,-1,0,0_bytes,14,3,2,27371
2026-07-02T03:57:03Z,-1,0,0_bytes,14,3,2,27671
2026-07-02T04:02:04Z,-1,0,0_bytes,14,3,2,27971
2026-07-02T04:07:04Z,-1,0,0_bytes,14,3,2,28271
2026-07-02T04:12:04Z,-1,0,0_bytes,14,3,2,28572
2026-07-02T04:17:04Z,-1,0,0_bytes,14,3,2,28872
2026-07-02T04:22:04Z,-1,0,0_bytes,14,3,2,29172
2026-07-02T04:27:05Z,-1,0,0_bytes,14,3,2,29472
2026-07-02T04:32:05Z,-1,0,0_bytes,14,3,2,29772
2026-07-02T04:37:05Z,-1,0,0_bytes,14,3,2,30073
2026-07-02T04:42:05Z,-1,0,0_bytes,15,3,2,30373
2026-07-02T04:47:05Z,-1,0,0_bytes,15,3,2,30673
2026-07-02T04:52:06Z,-1,0,0_bytes,15,3,2,30973
2026-07-02T04:57:06Z,-1,0,0_bytes,15,3,2,31274
2026-07-02T05:02:06Z,-1,0,0_bytes,15,3,2,31574
2026-07-02T05:07:06Z,-1,0,0_bytes,15,3,2,31874
2026-07-02T05:12:07Z,-1,0,0_bytes,15,3,2,32174
2026-07-02T05:17:07Z,-1,0,0_bytes,15,3,2,32474
2026-07-02T05:22:07Z,-1,0,0_bytes,15,3,2,32775
2026-07-02T05:27:07Z,-1,0,0_bytes,15,3,2,33075
2026-07-02T05:32:07Z,-1,0,0_bytes,15,3,2,33375
2026-07-02T05:37:08Z,-1,0,0_bytes,15,3,2,33675
2026-07-02T05:42:08Z,-1,0,0_bytes,15,3,2,33976
2026-07-02T05:47:08Z,-1,0,0_bytes,15,3,2,34276
2026-07-02T05:52:08Z,-1,0,0_bytes,15,3,2,34576
2026-07-02T05:57:09Z,-1,0,0_bytes,15,3,2,34876
2026-07-02T06:02:09Z,-1,0,0_bytes,15,3,1,35176
2026-07-02T06:07:09Z,-1,0,0_bytes,16,3,2,35477
2026-07-02T06:12:09Z,-1,0,0_bytes,16,3,2,35777
2026-07-02T06:17:09Z,-1,0,0_bytes,16,3,2,36077
2026-07-02T06:22:10Z,-1,0,0_bytes,16,3,2,36377
2026-07-02T06:27:10Z,-1,0,0_bytes,16,3,2,36678
2026-07-02T06:32:10Z,-1,0,0_bytes,16,3,2,36978
2026-07-02T06:37:10Z,-1,0,0_bytes,16,3,2,37278
2026-07-02T06:42:11Z,-1,0,0_bytes,16,3,2,37578
2026-07-02T06:47:11Z,-1,0,0_bytes,16,3,2,37878
2026-07-02T06:52:11Z,-1,0,0_bytes,17,3,2,38179
2026-07-02T06:57:11Z,-1,0,0_bytes,17,3,2,38479
2026-07-02T07:02:12Z,-1,0,0_bytes,17,3,2,38779
2026-07-02T07:07:12Z,-1,0,0_bytes,17,3,2,39079
2026-07-02T07:12:12Z,-1,0,0_bytes,17,3,2,39380
2026-07-02T07:17:12Z,-1,0,0_bytes,17,3,2,39680
2026-07-02T07:22:12Z,-1,0,0_bytes,17,3,2,39980
2026-07-02T07:27:13Z,-1,0,0_bytes,17,3,2,40280
2026-07-02T07:32:13Z,-1,0,0_bytes,17,3,2,40581
2026-07-02T07:37:13Z,-1,0,0_bytes,17,3,2,40881
2026-07-02T07:42:13Z,-1,0,0_bytes,17,3,2,41181
2026-07-02T07:47:14Z,-1,0,0_bytes,17,3,2,41481
2026-07-02T07:52:14Z,-1,0,0_bytes,18,3,2,41781
2026-07-02T07:57:14Z,-1,0,0_bytes,18,3,2,42082
2026-07-02T08:02:14Z,-1,0,0_bytes,18,3,2,42382
2026-07-02T08:07:14Z,-1,0,0_bytes,18,3,2,42682
2026-07-02T08:12:15Z,-1,0,0_bytes,18,3,2,42982
2026-07-02T08:17:15Z,-1,0,0_bytes,18,3,2,43282
2026-07-02T08:22:15Z,-1,0,0_bytes,18,3,2,43583
2026-07-02T08:27:15Z,-1,0,0_bytes,18,3,2,43883
2026-07-02T08:32:15Z,-1,0,0_bytes,18,3,2,44183
2026-07-02T08:37:16Z,-1,0,0_bytes,18,3,2,44483
2026-07-02T08:42:16Z,-1,0,0_bytes,18,3,1,44784
2026-07-02T08:47:16Z,-1,0,0_bytes,19,3,2,45084
2026-07-02T08:52:16Z,-1,0,0_bytes,19,3,2,45384
2026-07-02T08:57:17Z,-1,0,0_bytes,19,3,2,45684
2026-07-02T09:02:17Z,-1,0,0_bytes,19,3,2,45984
2026-07-02T09:07:17Z,-1,0,0_bytes,19,3,2,46285
2026-07-02T09:12:17Z,-1,0,0_bytes,19,3,2,46585
2026-07-02T09:17:17Z,-1,0,0_bytes,19,3,2,46885
2026-07-02T09:22:18Z,-1,0,0_bytes,19,3,2,47185
2026-07-02T09:27:18Z,-1,0,0_bytes,19,3,2,47486
2026-07-02T09:32:18Z,-1,0,0_bytes,19,3,2,47786
2026-07-02T09:37:18Z,-1,0,0_bytes,19,3,2,48086
2026-07-02T09:42:19Z,-1,0,0_bytes,19,3,2,48386
2026-07-02T09:47:19Z,-1,0,0_bytes,20,3,2,48686
2026-07-02T09:52:19Z,-1,0,0_bytes,20,3,2,48987
2026-07-02T09:57:19Z,-1,0,0_bytes,20,3,2,49287
2026-07-02T10:02:19Z,-1,0,0_bytes,20,3,2,49587
2026-07-02T10:07:20Z,-1,0,0_bytes,20,3,2,49887
2026-07-02T10:12:20Z,-1,0,0_bytes,20,3,2,50188
2026-07-02T10:17:20Z,-1,0,0_bytes,20,3,2,50488
2026-07-02T10:22:20Z,-1,0,0_bytes,20,3,2,50788
2026-07-02T10:27:21Z,-1,0,0_bytes,20,3,2,51088
2026-07-02T10:32:21Z,-1,0,0_bytes,21,3,2,51388
2026-07-02T10:37:21Z,-1,0,0_bytes,21,3,2,51689
2026-07-02T10:42:21Z,-1,0,0_bytes,21,3,2,51989
2026-07-02T10:47:21Z,-1,0,0_bytes,21,3,2,52289
2026-07-02T10:52:22Z,-1,0,0_bytes,21,3,2,52589
2026-07-02T10:57:22Z,-1,0,0_bytes,21,3,2,52889
2026-07-02T11:02:22Z,-1,0,0_bytes,21,3,2,53190
2026-07-02T11:07:22Z,-1,0,0_bytes,21,3,2,53490
2026-07-02T11:12:22Z,-1,0,0_bytes,21,3,2,53790
2026-07-02T11:17:23Z,-1,0,0_bytes,21,3,2,54090
2026-07-02T11:22:23Z,-1,0,0_bytes,21,3,2,54391
2026-07-02T11:27:23Z,-1,0,0_bytes,21,3,2,54691
2026-07-02T11:32:23Z,-1,0,0_bytes,21,3,2,54991
2026-07-02T11:37:24Z,-1,0,0_bytes,21,3,2,55291
2026-07-02T11:42:24Z,-1,0,0_bytes,21,3,2,55592
2026-07-02T11:47:24Z,-1,0,0_bytes,21,3,2,55892
2026-07-02T11:52:24Z,-1,0,0_bytes,21,3,2,56192
2026-07-02T11:57:25Z,-1,0,0_bytes,22,3,2,56492
2026-07-02T12:02:25Z,-1,0,0_bytes,22,3,2,56792
2026-07-02T12:07:25Z,-1,0,0_bytes,22,3,1,57093
2026-07-02T12:12:25Z,-1,0,0_bytes,22,3,1,57393
2026-07-02T12:17:25Z,-1,0,0_bytes,22,3,1,57693
2026-07-02T12:22:26Z,-1,0,0_bytes,22,3,1,57993
2026-07-02T12:27:26Z,-1,0,0_bytes,23,3,2,58293
2026-07-02T12:32:26Z,-1,0,0_bytes,23,3,2,58594
2026-07-02T12:37:26Z,-1,0,0_bytes,23,3,2,58894
2026-07-02T12:42:27Z,-1,0,0_bytes,24,3,2,59194
2026-07-02T12:47:27Z,-1,0,0_bytes,24,3,2,59494
2026-07-02T12:52:27Z,-1,0,0_bytes,24,3,2,59795
2026-07-02T12:57:27Z,-1,0,0_bytes,24,3,2,60095
2026-07-02T13:02:27Z,-1,0,0_bytes,24,3,2,60395
2026-07-02T13:07:28Z,-1,0,0_bytes,24,3,2,60695
2026-07-02T13:12:28Z,-1,0,0_bytes,24,3,2,60996
2026-07-02T13:17:28Z,-1,0,0_bytes,24,3,2,61296
2026-07-02T13:22:28Z,-1,0,0_bytes,24,3,2,61596
2026-07-02T13:27:29Z,-1,0,0_bytes,24,3,2,61896
2026-07-02T13:32:29Z,-1,0,0_bytes,24,3,2,62196
2026-07-02T13:37:29Z,-1,0,0_bytes,25,3,2,62497
2026-07-02T13:42:29Z,-1,0,0_bytes,25,3,2,62797
2026-07-02T13:47:29Z,-1,0,0_bytes,25,3,2,63097
2026-07-02T13:52:30Z,-1,0,0_bytes,25,3,2,63397
2026-07-02T13:57:30Z,-1,0,0_bytes,25,3,2,63698
2026-07-02T14:02:30Z,-1,0,0_bytes,25,3,2,63998
2026-07-02T14:07:30Z,-1,0,0_bytes,25,3,2,64298
2026-07-02T14:12:31Z,-1,0,0_bytes,25,3,2,64598
2026-07-02T14:17:31Z,-1,0,0_bytes,25,3,2,64898
2026-07-02T14:22:31Z,-1,0,0_bytes,25,3,2,65199
2026-07-02T14:27:31Z,-1,0,0_bytes,25,3,2,65499
2026-07-02T14:32:31Z,-1,0,0_bytes,25,3,2,65799
2026-07-02T14:37:32Z,-1,0,0_bytes,25,3,2,66099
2026-07-02T14:42:32Z,-1,0,0_bytes,25,3,2,66400
2026-07-02T14:47:32Z,-1,0,0_bytes,27,3,2,66700
2026-07-02T14:52:32Z,-1,0,0_bytes,27,3,2,67000
2026-07-02T14:57:33Z,-1,0,0_bytes,27,3,2,67300
2026-07-02T15:02:33Z,-1,0,0_bytes,27,3,2,67600
2026-07-02T15:07:33Z,-1,0,0_bytes,27,3,2,67901
2026-07-02T15:12:33Z,-1,0,0_bytes,27,3,2,68201
2026-07-02T15:17:33Z,-1,0,0_bytes,27,3,2,68501
2026-07-02T15:22:34Z,-1,0,0_bytes,27,3,2,68801
2026-07-02T15:27:34Z,-1,0,0_bytes,27,3,2,69102
2026-07-02T15:32:34Z,-1,0,0_bytes,27,3,2,69402
2026-07-02T15:37:34Z,-1,0,0_bytes,27,3,2,69702
2026-07-02T15:42:35Z,-1,0,0_bytes,28,3,2,70002
2026-07-02T15:47:35Z,-1,0,0_bytes,29,3,2,70303
2026-07-02T15:52:35Z,-1,0,0_bytes,29,3,2,70603
2026-07-02T15:57:35Z,-1,0,0_bytes,29,3,2,70903
2026-07-02T16:02:36Z,-1,0,0_bytes,29,3,2,71203
2026-07-02T16:07:36Z,-1,0,0_bytes,29,3,2,71503
2026-07-02T16:12:36Z,-1,0,0_bytes,29,3,2,71804
2026-07-02T16:17:36Z,-1,0,0_bytes,29,3,2,72104
2026-07-02T16:22:36Z,-1,0,0_bytes,29,3,2,72404
2026-07-02T16:27:37Z,-1,0,0_bytes,29,3,2,72704
2026-07-02T16:32:37Z,-1,0,0_bytes,29,3,2,73005
2026-07-02T16:37:37Z,-1,0,0_bytes,30,3,2,73305
2026-07-02T16:42:37Z,-1,0,0_bytes,30,3,2,73605
2026-07-02T16:47:38Z,-1,0,0_bytes,30,3,2,73905
2026-07-02T16:52:38Z,-1,0,0_bytes,30,3,2,74206
2026-07-02T16:57:38Z,-1,0,0_bytes,30,3,2,74506
2026-07-02T17:02:38Z,-1,0,0_bytes,30,3,2,74806
2026-07-02T17:07:38Z,-1,0,0_bytes,31,3,2,75106
2026-07-02T17:12:39Z,-1,0,0_bytes,31,3,2,75406
2026-07-02T17:17:39Z,-1,0,0_bytes,31,3,2,75707
2026-07-02T17:22:39Z,-1,0,0_bytes,31,3,2,76007
2026-07-02T17:27:39Z,-1,0,0_bytes,32,3,2,76307
2026-07-02T17:32:40Z,-1,0,0_bytes,32,3,2,76607
2026-07-02T17:37:40Z,-1,0,0_bytes,32,3,2,76907
2026-07-02T17:42:40Z,-1,0,0_bytes,32,3,2,77208
2026-07-02T17:47:40Z,-1,0,0_bytes,32,3,2,77508
2026-07-02T17:52:40Z,-1,0,0_bytes,32,3,2,77808
2026-07-02T17:57:41Z,-1,0,0_bytes,32,3,2,78108
2026-07-02T18:02:41Z,-1,0,0_bytes,32,3,2,78409
2026-07-02T18:07:41Z,-1,0,0_bytes,32,3,2,78709
2026-07-02T18:12:41Z,-1,0,0_bytes,32,3,2,79009
2026-07-02T18:17:42Z,-1,0,0_bytes,32,3,2,79309
2026-07-02T18:22:42Z,-1,0,0_bytes,34,3,2,79610
2026-07-02T18:27:42Z,-1,0,0_bytes,34,3,2,79910
2026-07-02T18:32:42Z,-1,0,0_bytes,34,3,2,80210
2026-07-02T18:37:43Z,-1,0,0_bytes,34,3,2,80510
2026-07-02T18:42:43Z,-1,0,0_bytes,34,3,2,80811
2026-07-02T18:47:43Z,-1,0,0_bytes,34,3,2,81111
2026-07-02T18:52:43Z,-1,0,0_bytes,34,3,2,81411
2026-07-02T18:57:44Z,-1,0,0_bytes,34,3,2,81711
2026-07-02T19:02:44Z,-1,0,0_bytes,34,3,2,82012
2026-07-02T19:07:44Z,-1,0,0_bytes,34,3,2,82312
2026-07-02T19:12:44Z,-1,0,0_bytes,34,3,2,82612
2026-07-02T19:17:45Z,-1,0,0_bytes,34,3,2,82912
2026-07-02T19:22:45Z,-1,0,0_bytes,35,3,2,83212
2026-07-02T19:27:45Z,-1,0,0_bytes,35,3,2,83513
2026-07-02T19:32:45Z,-1,0,0_bytes,35,3,2,83813
2026-07-02T19:37:46Z,-1,0,0_bytes,36,3,2,84113
2026-07-02T19:42:46Z,-1,0,0_bytes,36,3,2,84413
2026-07-02T19:47:46Z,-1,0,0_bytes,36,3,2,84714
2026-07-02T19:52:46Z,-1,0,0_bytes,36,3,2,85014
2026-07-02T19:57:46Z,-1,0,0_bytes,36,3,2,85314
2026-07-02T20:02:47Z,-1,0,0_bytes,36,3,2,85614
2026-07-02T20:07:47Z,-1,0,0_bytes,36,3,2,85915
2026-07-02T20:12:47Z,-1,0,0_bytes,37,3,2,86215
2026-07-02T20:17:47Z,-1,0,0_bytes,37,3,2,86515
2026-07-02T20:22:48Z,-1,0,0_bytes,37,3,2,86815
2026-07-02T20:27:48Z,-1,0,0_bytes,37,3,2,87115
2026-07-02T20:32:48Z,-1,0,0_bytes,37,3,2,87416
2026-07-02T20:37:48Z,-1,0,0_bytes,37,3,2,87716
2026-07-02T20:42:48Z,-1,0,0_bytes,38,3,2,88016
2026-07-02T20:47:49Z,-1,0,0_bytes,38,3,2,88316
2026-07-02T20:52:49Z,-1,0,0_bytes,38,3,2,88617
2026-07-02T20:57:49Z,-1,0,0_bytes,38,3,2,88917
2026-07-02T21:02:49Z,-1,0,0_bytes,38,3,2,89217
2026-07-02T21:07:50Z,-1,0,0_bytes,39,3,2,89517
2026-07-02T21:12:50Z,-1,0,0_bytes,39,3,2,89818
2026-07-02T21:17:50Z,-1,0,0_bytes,39,3,2,90118
2026-07-02T21:22:50Z,-1,0,0_bytes,39,3,2,90418
2026-07-02T21:27:51Z,-1,0,0_bytes,40,3,2,90718
2026-07-02T21:32:51Z,-1,0,0_bytes,40,3,2,91019
2026-07-02T21:37:51Z,-1,0,0_bytes,40,3,2,91319
2026-07-02T21:42:51Z,-1,0,0_bytes,40,3,2,91619
2026-07-02T21:47:52Z,-1,0,0_bytes,40,3,2,91919
2026-07-02T21:52:52Z,-1,0,0_bytes,40,3,2,92219
2026-07-02T21:57:52Z,-1,0,0_bytes,40,3,2,92520
2026-07-02T22:02:52Z,-1,0,0_bytes,40,3,2,92820
2026-07-02T22:07:53Z,-1,0,0_bytes,41,3,2,93120
2026-07-02T22:12:53Z,-1,0,0_bytes,41,3,2,93420
2026-07-02T22:17:53Z,-1,0,0_bytes,41,3,2,93721
2026-07-02T22:22:53Z,-1,0,0_bytes,41,3,2,94021
2026-07-02T22:27:53Z,-1,0,0_bytes,41,3,2,94321
2026-07-02T22:32:54Z,-1,0,0_bytes,41,3,2,94621
2026-07-02T22:37:54Z,-1,0,0_bytes,41,3,2,94921
2026-07-02T22:42:54Z,-1,0,0_bytes,41,3,1,95222
2026-07-02T22:47:54Z,-1,0,0_bytes,42,3,2,95522
2026-07-02T22:52:54Z,-1,0,0_bytes,42,3,2,95822
2026-07-02T22:57:55Z,-1,0,0_bytes,42,3,2,96122
2026-07-02T23:02:55Z,-1,0,0_bytes,42,3,2,96422
2026-07-02T23:07:55Z,-1,0,0_bytes,42,3,2,96723
2026-07-02T23:12:55Z,-1,0,0_bytes,42,3,2,97023
2026-07-02T23:17:55Z,-1,0,0_bytes,42,3,2,97323
2026-07-02T23:22:56Z,-1,0,0_bytes,42,3,2,97623
2026-07-02T23:27:56Z,-1,0,0_bytes,42,3,2,97924
2026-07-02T23:32:56Z,-1,0,0_bytes,42,3,2,98224
2026-07-02T23:37:56Z,-1,0,0_bytes,43,3,2,98524
2026-07-02T23:42:56Z,-1,0,0_bytes,43,3,2,98824
2026-07-02T23:47:57Z,-1,0,0_bytes,43,3,2,99124
2026-07-02T23:52:57Z,-1,0,0_bytes,43,3,2,99424
2026-07-02T23:57:57Z,-1,0,0_bytes,44,3,2,99725
2026-07-03T00:02:57Z,-1,0,0_bytes,44,3,2,100025
2026-07-03T00:07:57Z,-1,0,0_bytes,44,3,2,100325
2026-07-03T00:12:58Z,-1,0,0_bytes,44,3,2,100625
2026-07-03T00:17:58Z,-1,0,0_bytes,44,3,2,100926
2026-07-03T00:22:58Z,-1,0,0_bytes,44,3,2,101226
2026-07-03T00:27:58Z,-1,0,0_bytes,44,3,2,101526
2026-07-03T00:32:58Z,-1,0,0_bytes,44,3,2,101826
2026-07-03T00:37:59Z,-1,0,0_bytes,44,3,2,102126
2026-07-03T00:42:59Z,-1,0,0_bytes,44,3,2,102427
2026-07-03T00:47:59Z,-1,0,0_bytes,45,3,2,102727
2026-07-03T00:52:59Z,-1,0,0_bytes,45,3,2,103027
2026-07-03T00:58:00Z,-1,0,0_bytes,45,3,2,103327
2026-07-03T01:03:00Z,-1,0,0_bytes,45,3,2,103627
2026-07-03T01:08:00Z,-1,0,0_bytes,45,3,2,103928
2026-07-03T01:13:00Z,-1,0,0_bytes,45,3,2,104228
2026-07-03T01:18:00Z,-1,0,0_bytes,45,3,2,104528
2026-07-03T01:23:01Z,-1,0,0_bytes,45,3,2,104828
2026-07-03T01:28:01Z,-1,0,0_bytes,45,3,2,105128
2026-07-03T01:33:01Z,-1,0,0_bytes,46,3,2,105429
2026-07-03T01:38:01Z,-1,0,0_bytes,46,3,2,105729
2026-07-03T01:43:02Z,-1,0,0_bytes,46,3,2,106029
2026-07-03T01:48:02Z,-1,0,0_bytes,46,3,2,106329
2026-07-03T01:53:02Z,-1,0,0_bytes,46,3,2,106630
2026-07-03T01:58:02Z,-1,0,0_bytes,46,3,2,106930
2026-07-03T02:03:02Z,-1,0,0_bytes,46,3,2,107230
2026-07-03T02:08:03Z,-1,0,0_bytes,46,3,2,107530
2026-07-03T02:13:03Z,-1,0,0_bytes,48,3,2,107830
2026-07-03T02:18:03Z,-1,0,0_bytes,48,3,2,108131
2026-07-03T02:23:03Z,-1,0,0_bytes,48,3,2,108431
2026-07-03T02:28:03Z,-1,0,0_bytes,48,3,2,108731
2026-07-03T02:33:04Z,-1,0,0_bytes,48,3,2,109031
2026-07-03T02:38:04Z,-1,0,0_bytes,48,3,2,109331
2026-07-03T02:43:04Z,-1,0,0_bytes,48,3,2,109632
2026-07-03T02:48:04Z,-1,0,0_bytes,48,3,2,109932
2026-07-03T02:53:04Z,-1,0,0_bytes,48,3,2,110232
2026-07-03T02:58:05Z,-1,0,0_bytes,48,3,1,110532
2026-07-03T03:03:05Z,-1,0,0_bytes,48,3,1,110832
2026-07-03T03:08:05Z,-1,0,0_bytes,49,3,2,111133
2026-07-03T03:13:05Z,-1,0,0_bytes,49,3,2,111433
2026-07-03T03:18:05Z,-1,0,0_bytes,49,3,2,111733
2026-07-03T03:23:06Z,-1,0,0_bytes,49,3,1,112033
2026-07-03T03:28:06Z,-1,0,0_bytes,49,3,1,112333
2026-07-03T03:33:06Z,-1,0,0_bytes,50,3,2,112634
2026-07-03T03:38:06Z,-1,0,0_bytes,50,3,2,112934
2026-07-03T03:43:06Z,-1,0,0_bytes,50,3,2,113234
2026-07-03T03:48:07Z,-1,0,0_bytes,50,3,2,113534
2026-07-03T03:53:07Z,-1,0,0_bytes,50,3,2,113835
2026-07-03T03:58:07Z,-1,0,0_bytes,50,3,2,114135
2026-07-03T04:03:07Z,-1,0,0_bytes,50,3,2,114435
2026-07-03T04:08:08Z,-1,0,0_bytes,50,3,2,114735
2026-07-03T04:13:08Z,-1,0,0_bytes,50,3,2,115035
2026-07-03T04:18:08Z,-1,0,0_bytes,50,3,2,115336
2026-07-03T04:23:08Z,-1,0,0_bytes,51,3,2,115636
2026-07-03T04:28:08Z,-1,0,0_bytes,52,3,2,115936
2026-07-03T04:33:09Z,-1,0,0_bytes,52,3,2,116236
2026-07-03T04:38:09Z,-1,0,0_bytes,52,3,2,116537
2026-07-03T04:43:09Z,-1,0,0_bytes,52,3,2,116837
2026-07-03T04:48:09Z,-1,0,0_bytes,52,3,2,117137
2026-07-03T04:53:10Z,-1,0,0_bytes,52,3,2,117437
2026-07-03T04:58:10Z,-1,0,0_bytes,52,3,2,117737
2026-07-03T05:03:10Z,-1,0,0_bytes,52,3,2,118038
2026-07-03T05:08:10Z,-1,0,0_bytes,52,3,2,118338
2026-07-03T05:13:10Z,-1,0,0_bytes,53,3,2,118638
2026-07-03T05:18:11Z,-1,0,0_bytes,53,3,2,118938
2026-07-03T05:23:11Z,-1,0,0_bytes,53,3,2,119238
2026-07-03T05:28:11Z,-1,0,0_bytes,54,3,2,119539
2026-07-03T05:33:11Z,-1,0,0_bytes,54,3,2,119839
2026-07-03T05:38:11Z,-1,0,0_bytes,54,3,2,120139
2026-07-03T05:43:12Z,-1,0,0_bytes,54,3,2,120439
2026-07-03T05:48:12Z,-1,0,0_bytes,54,3,2,120739
2026-07-03T05:53:12Z,-1,0,0_bytes,54,3,2,121040
2026-07-03T05:58:12Z,-1,0,0_bytes,54,3,2,121340
2026-07-03T06:03:12Z,-1,0,0_bytes,55,3,2,121640
2026-07-03T06:08:13Z,-1,0,0_bytes,55,3,2,121940
2026-07-03T06:13:13Z,-1,0,0_bytes,55,3,2,122241
2026-07-03T06:18:13Z,-1,0,0_bytes,55,3,2,122541
2026-07-03T06:23:13Z,-1,0,0_bytes,55,3,2,122841
2026-07-03T06:28:14Z,-1,0,0_bytes,55,3,2,123141
2026-07-03T06:33:14Z,-1,0,0_bytes,55,3,2,123441
2026-07-03T06:38:14Z,-1,0,0_bytes,55,3,2,123742
2026-07-03T06:43:14Z,-1,0,0_bytes,55,3,2,124042
2026-07-03T06:48:14Z,-1,0,0_bytes,55,3,2,124342
2026-07-03T06:53:15Z,-1,0,0_bytes,55,3,2,124642
2026-07-03T06:58:15Z,-1,0,0_bytes,55,3,2,124942
2026-07-03T07:03:15Z,-1,0,0_bytes,56,3,2,125243
2026-07-03T07:08:15Z,-1,0,0_bytes,56,3,2,125543
2026-07-03T07:13:16Z,-1,0,0_bytes,56,3,2,125843
2026-07-03T07:18:16Z,-1,0,0_bytes,57,3,2,126143
2026-07-03T07:23:16Z,-1,0,0_bytes,57,3,2,126444
2026-07-03T07:28:16Z,-1,0,0_bytes,57,3,2,126744
2026-07-03T07:33:16Z,-1,0,0_bytes,57,3,2,127044
2026-07-03T07:38:17Z,-1,0,0_bytes,57,3,2,127344
2026-07-03T07:43:17Z,-1,0,0_bytes,57,3,2,127644
2026-07-03T07:48:17Z,-1,0,0_bytes,59,3,2,127945
2026-07-03T07:53:17Z,-1,0,0_bytes,59,3,2,128245
2026-07-03T07:58:17Z,-1,0,0_bytes,59,3,2,128545
2026-07-03T08:03:18Z,-1,0,0_bytes,59,3,2,128845
2026-07-03T08:08:18Z,-1,0,0_bytes,59,3,2,129145
2026-07-03T08:13:18Z,-1,0,0_bytes,59,3,2,129446
2026-07-03T08:18:18Z,-1,0,0_bytes,59,3,2,129746
2026-07-03T08:23:18Z,-1,0,0_bytes,59,3,2,130046
2026-07-03T08:28:19Z,-1,0,0_bytes,59,3,2,130346
2026-07-03T08:33:19Z,-1,0,0_bytes,60,3,2,130646
2026-07-03T08:38:19Z,-1,0,0_bytes,61,3,2,130947
2026-07-03T08:43:19Z,-1,0,0_bytes,61,3,2,131247
2026-07-03T08:48:19Z,-1,0,0_bytes,61,3,2,131547
2026-07-03T08:53:20Z,-1,0,0_bytes,61,3,2,131847
2026-07-03T08:58:20Z,-1,0,0_bytes,61,3,2,132148
2026-07-03T09:03:20Z,-1,0,0_bytes,61,3,2,132448
2026-07-03T09:08:20Z,-1,0,0_bytes,61,3,2,132748
2026-07-03T09:13:20Z,-1,0,0_bytes,61,3,2,133048
2026-07-03T09:18:21Z,-1,0,0_bytes,63,3,2,133348
2026-07-03T09:23:21Z,-1,0,0_bytes,63,3,2,133649
2026-07-03T09:28:21Z,-1,0,0_bytes,63,3,2,133949
2026-07-03T09:33:21Z,-1,0,0_bytes,63,3,2,134249
2026-07-03T09:38:22Z,-1,0,0_bytes,63,3,2,134549
2026-07-03T09:43:22Z,-1,0,0_bytes,63,3,2,134850
2026-07-03T09:48:22Z,-1,0,0_bytes,63,3,2,135150
2026-07-03T09:53:22Z,-1,0,0_bytes,64,3,2,135450
2026-07-03T09:58:23Z,-1,0,0_bytes,65,3,2,135750
2026-07-03T10:03:23Z,-1,0,0_bytes,65,3,2,136050
2026-07-03T10:08:23Z,-1,0,0_bytes,65,3,2,136351
2026-07-03T10:13:23Z,-1,0,0_bytes,65,3,2,136651
2026-07-03T10:18:23Z,-1,0,0_bytes,65,3,2,136951
2026-07-03T10:23:24Z,-1,0,0_bytes,65,3,2,137251
2026-07-03T10:28:24Z,-1,0,0_bytes,66,3,2,137551
2026-07-03T10:33:24Z,-1,0,0_bytes,66,3,2,137852
2026-07-03T10:38:24Z,-1,0,0_bytes,67,3,1,138152
2026-07-03T10:43:24Z,-1,0,0_bytes,67,3,1,138452
2026-07-03T10:48:25Z,-1,0,0_bytes,67,3,1,138752
2026-07-03T10:53:25Z,-1,0,0_bytes,67,3,1,139053
2026-07-03T10:58:25Z,-1,0,0_bytes,68,1,0,139353
2026-07-03T11:03:25Z,-1,0,0_bytes,68,1,0,139653
2026-07-03T11:08:26Z,-1,0,0_bytes,68,1,0,139953
2026-07-03T11:13:26Z,-1,0,0_bytes,68,1,0,140253
2026-07-03T11:18:26Z,-1,0,0_bytes,68,1,0,140554
2026-07-03T11:23:26Z,-1,0,0_bytes,68,1,0,140854
2026-07-03T11:28:26Z,-1,0,0_bytes,68,1,0,141154
2026-07-03T11:33:27Z,-1,0,0_bytes,68,1,0,141454
2026-07-03T11:38:27Z,-1,0,0_bytes,68,1,0,141754
2026-07-03T11:43:27Z,-1,0,0_bytes,68,1,0,142055
2026-07-03T11:48:27Z,1254580608,0,0_bytes,68,0,0,NA
2026-07-03T11:53:27Z,1254580608,0,0_bytes,68,0,0,NA
2026-07-03T11:58:27Z,1254580608,0,0_bytes,68,0,0,NA
2026-07-03T12:03:28Z,1254580608,0,0_bytes,68,0,0,NA
2026-07-03T12:08:28Z,1254580608,0,0_bytes,68,0,0,NA
2026-07-03T12:13:28Z,1254580608,0,0_bytes,68,0,0,NA
2026-07-03T12:18:28Z,1254580608,0,0_bytes,68,0,0,NA
2026-07-03T12:23:28Z,1254580608,0,0_bytes,68,0,0,NA
2026-07-03T12:28:28Z,1254580608,0,0_bytes,68,0,0,NA
2026-07-03T12:33:29Z,1254580608,0,0_bytes,68,0,0,NA
2026-07-03T12:38:29Z,1254580608,0,0_bytes,68,0,0,NA
2026-07-03T12:43:29Z,1254580608,0,0_bytes,68,0,0,NA
2026-07-03T12:48:29Z,1254580608,0,0_bytes,68,0,0,NA
2026-07-03T12:53:29Z,1254580608,0,0_bytes,68,0,0,NA
2026-07-03T12:58:29Z,1254580608,0,0_bytes,68,0,0,NA
2026-07-03T13:03:30Z,1254580608,0,0_bytes,68,0,0,NA
2026-07-03T13:08:30Z,1254580608,0,0_bytes,68,0,0,NA
2026-07-03T13:13:30Z,1254580608,0,0_bytes,68,0,0,NA
2026-07-03T13:18:30Z,1254580608,0,0_bytes,68,0,0,NA
2026-07-03T13:23:30Z,1254580608,0,0_bytes,68,0,0,NA
2026-07-03T13:28:30Z,1254580608,0,0_bytes,68,0,0,NA
2026-07-03T13:33:30Z,1254580608,0,0_bytes,68,0,0,NA
2026-07-03T13:38:31Z,1254580608,0,0_bytes,68,0,0,NA
2026-07-03T13:43:31Z,1254580608,0,0_bytes,68,0,0,NA
2026-07-03T13:48:31Z,1254580608,0,0_bytes,68,0,0,NA
2026-07-03T13:53:31Z,1254580608,0,0_bytes,68,0,0,NA
2026-07-03T13:58:31Z,1254580608,0,0_bytes,68,0,0,NA
2026-07-03T14:03:31Z,1254580608,0,0_bytes,68,0,0,NA
2026-07-03T14:08:32Z,1254580608,0,0_bytes,68,0,0,NA
2026-07-03T14:13:32Z,1254580608,0,0_bytes,68,0,0,NA
2026-07-03T14:18:32Z,1254580608,0,0_bytes,68,0,0,NA
2026-07-03T14:23:32Z,1254580608,0,0_bytes,68,0,0,NA
2026-07-03T14:28:32Z,1254580608,0,0_bytes,68,0,0,NA
2026-07-03T14:33:32Z,1254580608,0,0_bytes,68,0,0,NA
2026-07-03T14:38:33Z,1254580608,0,0_bytes,68,0,0,NA
2026-07-03T14:43:33Z,1254580608,0,0_bytes,68,0,0,NA
2026-07-03T14:48:33Z,1254580608,0,0_bytes,68,0,0,NA
2026-07-03T14:53:33Z,1254580608,0,0_bytes,68,0,0,NA
